account_id,customer_id,account_type,open_date,balance
A00001,C00515,Current,2022-05-07,60022.91
A00002,C03295,Fixed Deposit,2023-02-08,209995.74
A00003,C02909,Salary,2024-02-18,5004.41
A00004,C02499,Savings,2021-10-13,66148.52
A00005,C01367,Savings,2023-09-15,22551.73
A00006,C00341,Savings,2024-12-01,13436.93
A00007,C03973,Savings,2024-10-13,9905.22
A00008,C01561,Current,2023-06-09,39650.69
A00009,C02469,Fixed Deposit,2024-03-21,84252.33
A00010,C02429,Current,2022-08-21,20678.15
A00011,C03689,Salary,2024-09-10,11701.9
A00012,C02696,Savings,2023-05-07,40263.75
A00013,C02028,Savings,2023-04-19,38656.35
A00014,C03753,Salary,2024-06-23,62391.13
A00015,C00316,Savings,2023-07-07,67417.22
A00016,C03990,Salary,2024-08-31,103582.16
A00017,C01102,Savings,2023-07-29,66609.14
A00018,C00531,Salary,2023-03-16,8358.53
A00019,C02403,Salary,2021-06-11,36013.34
A00020,C01860,Current,2022-09-04,89322.45
A00021,C04758,Salary,2024-10-24,77905.61
A00022,C01220,Savings,2024-04-23,323438.23
A00023,C04223,Savings,2023-08-11,80841.14
A00024,C04445,Savings,2021-10-03,10806.88
A00025,C01767,Savings,2023-09-24,8758.92
A00026,C01068,Savings,2022-06-13,38191.05
A00027,C00728,Salary,2024-12-30,41598.2
A00028,C00244,Savings,2024-07-07,22168.9
A00029,C01786,Salary,2023-08-17,72498.09
A00030,C00712,Fixed Deposit,2024-06-22,6801.88
A00031,C02894,Salary,2024-09-23,23919.27
A00032,C03151,Salary,2021-02-19,4653.5
A00033,C04182,Salary,2024-07-19,18456.96
A00034,C01509,Current,2024-06-12,26568.88
A00035,C00271,Current,2022-08-07,93537.69
A00036,C01798,Current,2025-04-29,12092.97
A00037,C02561,Savings,2023-07-03,32112.73
A00038,C03561,Savings,2024-08-22,22661.74
A00039,C04004,Current,2022-04-22,32542.91
A00040,C02178,Savings,2022-05-03,25609.59
A00041,C00838,Fixed Deposit,2021-03-21,52036.88
A00042,C02818,Current,2024-08-02,20200.51
A00043,C03715,Savings,2022-07-15,50655.46
A00044,C03079,Savings,2024-01-27,97942.09
A00045,C02900,Savings,2025-02-10,37709.94
A00046,C01777,Savings,2022-02-10,221345.72
A00047,C01651,Savings,2022-06-21,38975.59
A00048,C02949,Fixed Deposit,2025-05-11,135027.79
A00049,C02521,Savings,2021-09-12,18328.79
A00050,C02386,Salary,2023-08-18,32741.89
A00051,C04415,Savings,2022-05-02,27464.25
A00052,C02769,Salary,2024-05-02,12083.68
A00053,C04239,Current,2022-05-31,18186.02
A00054,C02705,Salary,2022-04-09,50092.17
A00055,C01173,Salary,2023-02-19,115326.13
A00056,C02519,Current,2025-03-08,60195.86
A00057,C00363,Savings,2021-02-05,49148.43
A00058,C00650,Savings,2021-01-16,16780.31
A00059,C02257,Savings,2023-07-08,56216.38
A00060,C03137,Current,2022-10-11,20552.39
A00061,C04645,Savings,2025-06-02,12643.58
A00062,C01136,Salary,2023-04-03,16167.27
A00063,C04359,Savings,2021-03-14,32596.2
A00064,C03148,Savings,2024-09-05,22337.79
A00065,C04862,Fixed Deposit,2024-06-22,84677.94
A00066,C00876,Fixed Deposit,2023-01-10,46526.69
A00067,C03743,Fixed Deposit,2024-05-03,83939.4
A00068,C03852,Current,2023-01-28,27447.73
A00069,C01153,Savings,2023-06-25,34765.7
A00070,C01923,Salary,2023-10-16,15020.4
A00071,C00629,Savings,2024-01-18,132151.66
A00072,C03020,Savings,2023-03-09,8370.51
A00073,C01725,Savings,2024-03-08,341297.61
A00074,C04749,Salary,2025-05-06,55628.03
A00075,C01129,Savings,2024-11-21,8897.97
A00076,C04562,Salary,2023-08-11,39698.49
A00077,C00764,Savings,2022-04-29,44361.93
A00078,C01020,Savings,2022-01-22,139157.41
A00079,C03974,Savings,2024-10-23,10786.14
A00080,C03928,Savings,2022-04-03,10797.72
A00081,C02842,Fixed Deposit,2022-02-26,89154.32
A00082,C02948,Fixed Deposit,2021-08-20,77788.89
A00083,C00675,Savings,2022-06-23,136015.01
A00084,C01009,Fixed Deposit,2024-09-29,26620.63
A00085,C01227,Salary,2022-12-21,13736.75
A00086,C01636,Savings,2024-03-07,195468.92
A00087,C04377,Salary,2024-10-29,34856.32
A00088,C00324,Salary,2024-12-31,18566.03
A00089,C02839,Savings,2021-06-04,68539.47
A00090,C03811,Savings,2022-06-03,5734.49
A00091,C01686,Savings,2024-02-13,51044.73
A00092,C03713,Savings,2024-01-21,20563.03
A00093,C00542,Savings,2024-10-01,23111.79
A00094,C02945,Salary,2025-06-06,116521.61
A00095,C01328,Salary,2025-03-29,53437.2
A00096,C00639,Savings,2022-08-07,13161.14
A00097,C04532,Savings,2024-01-20,38037.2
A00098,C02261,Salary,2022-12-01,40348.15
A00099,C01430,Savings,2024-11-22,28683.67
A00100,C02866,Salary,2021-04-15,15302.27
A00101,C00962,Fixed Deposit,2023-03-23,80169.82
A00102,C02963,Fixed Deposit,2023-08-24,122824.15
A00103,C02469,Salary,2022-08-19,54630.88
A00104,C03229,Savings,2023-10-11,19119.24
A00105,C00129,Savings,2022-06-24,31508.53
A00106,C04400,Salary,2024-07-26,4977.57
A00107,C03967,Fixed Deposit,2021-01-12,275487.52
A00108,C00917,Savings,2024-08-23,21131.85
A00109,C01251,Savings,2021-12-30,22739.09
A00110,C02199,Salary,2022-10-24,11124.93
A00111,C04689,Savings,2024-09-03,78811.98
A00112,C04074,Savings,2022-06-22,91607.47
A00113,C03788,Salary,2024-05-22,21747.67
A00114,C00940,Savings,2021-11-10,13042.31
A00115,C02279,Savings,2025-01-18,36990.49
A00116,C01002,Current,2024-11-23,26999.82
A00117,C03773,Salary,2024-05-30,70960.76
A00118,C02213,Savings,2022-08-03,32268.29
A00119,C01611,Savings,2021-09-19,30264.5
A00120,C01628,Current,2022-05-11,66396.5
A00121,C03138,Current,2022-09-15,8792.09
A00122,C03992,Savings,2021-05-10,27442.77
A00123,C01104,Savings,2024-03-28,43172.4
A00124,C02188,Current,2023-03-03,24710.62
A00125,C04226,Salary,2024-08-07,46753.93
A00126,C03033,Salary,2025-04-16,44331.18
A00127,C02814,Salary,2021-03-30,80112.73
A00128,C02494,Salary,2023-08-26,28369.85
A00129,C03904,Savings,2024-09-17,5828.75
A00130,C00029,Salary,2022-09-22,9019.68
A00131,C04060,Salary,2022-05-21,55116.89
A00132,C01261,Current,2024-02-28,42756.81
A00133,C03671,Savings,2021-07-26,29635.21
A00134,C04895,Current,2024-10-15,31635.54
A00135,C03511,Current,2023-12-19,20267.36
A00136,C02337,Savings,2024-01-25,20330.62
A00137,C03324,Current,2024-06-23,22195.8
A00138,C00100,Salary,2025-01-22,28245.31
A00139,C03657,Salary,2024-03-14,40530.99
A00140,C04518,Savings,2024-08-26,33896.07
A00141,C00694,Savings,2022-06-18,27044.71
A00142,C04802,Salary,2024-11-05,67923.38
A00143,C00018,Salary,2024-10-08,79393.12
A00144,C03710,Current,2023-06-03,121157.02
A00145,C02771,Salary,2023-08-09,30648.63
A00146,C01031,Savings,2021-10-12,22732.44
A00147,C04476,Current,2022-12-20,34293.79
A00148,C04210,Fixed Deposit,2022-05-17,39897.56
A00149,C01620,Salary,2021-09-15,35800.78
A00150,C00851,Fixed Deposit,2023-03-21,94287.51
A00151,C01897,Current,2021-02-21,39968.54
A00152,C00976,Salary,2022-07-04,31403.0
A00153,C02517,Savings,2022-10-27,64523.78
A00154,C04189,Savings,2024-05-24,164194.89
A00155,C01516,Savings,2025-01-09,19208.22
A00156,C01126,Current,2024-05-31,49063.71
A00157,C00493,Savings,2022-10-17,30589.9
A00158,C03037,Salary,2023-08-24,16991.66
A00159,C02527,Salary,2024-02-03,19003.2
A00160,C00167,Current,2022-06-06,25189.94
A00161,C04236,Savings,2023-08-27,149630.9
A00162,C04190,Fixed Deposit,2023-09-28,154140.61
A00163,C00576,Current,2023-06-07,16253.55
A00164,C00606,Salary,2024-11-07,59285.52
A00165,C03344,Salary,2024-02-12,15157.98
A00166,C01819,Fixed Deposit,2023-01-15,37201.61
A00167,C01156,Current,2023-12-29,118384.44
A00168,C04680,Salary,2024-10-20,216443.03
A00169,C00816,Current,2023-12-04,6606.38
A00170,C02641,Current,2021-07-30,37335.06
A00171,C01536,Current,2021-10-03,52410.83
A00172,C02734,Current,2024-02-05,28364.88
A00173,C00963,Savings,2022-04-24,41214.72
A00174,C03035,Salary,2021-07-24,25208.89
A00175,C02048,Savings,2021-04-29,63873.53
A00176,C04542,Current,2022-05-01,26700.38
A00177,C03861,Salary,2021-04-19,60076.06
A00178,C01515,Salary,2022-03-30,88156.26
A00179,C03352,Savings,2024-06-16,77683.15
A00180,C01068,Salary,2023-10-29,30773.43
A00181,C00882,Fixed Deposit,2022-05-27,8574.79
A00182,C03640,Salary,2023-12-03,56437.16
A00183,C01550,Salary,2024-11-18,9886.22
A00184,C02738,Savings,2021-05-12,55056.11
A00185,C04558,Fixed Deposit,2023-01-21,92245.68
A00186,C00101,Salary,2022-01-29,30135.0
A00187,C03533,Savings,2025-05-01,38566.52
A00188,C02817,Savings,2021-07-17,134499.47
A00189,C00408,Current,2025-01-27,116527.78
A00190,C02516,Savings,2024-02-19,26469.21
A00191,C01740,Salary,2024-08-16,6629.75
A00192,C04053,Savings,2021-08-08,149320.57
A00193,C00259,Current,2023-05-18,8776.18
A00194,C00509,Salary,2021-04-04,39422.2
A00195,C03822,Salary,2024-08-08,33994.02
A00196,C04405,Salary,2021-06-02,53734.81
A00197,C03684,Salary,2022-06-09,116935.31
A00198,C04721,Salary,2022-12-20,38351.31
A00199,C03727,Current,2023-02-06,23057.47
A00200,C00679,Salary,2024-12-16,46919.04
A00201,C01284,Savings,2024-03-27,10649.64
A00202,C04838,Salary,2024-07-17,19621.08
A00203,C00907,Savings,2023-03-29,30018.72
A00204,C00268,Fixed Deposit,2025-05-23,106570.1
A00205,C03104,Savings,2021-09-14,126467.36
A00206,C04907,Savings,2022-12-02,96100.53
A00207,C01201,Savings,2022-05-30,83164.17
A00208,C01117,Savings,2024-06-14,97041.29
A00209,C00899,Savings,2022-03-21,61711.16
A00210,C02791,Current,2021-06-20,38939.63
A00211,C02645,Salary,2021-09-27,14763.52
A00212,C01059,Savings,2022-08-24,37370.07
A00213,C00688,Savings,2025-06-27,8281.36
A00214,C00788,Salary,2022-09-29,22700.54
A00215,C04495,Savings,2021-03-08,38498.85
A00216,C02645,Salary,2023-02-14,38319.13
A00217,C02165,Savings,2021-01-08,20612.92
A00218,C04458,Current,2025-04-29,7697.1
A00219,C00204,Savings,2025-01-11,21920.74
A00220,C03218,Savings,2021-05-15,28865.36
A00221,C02492,Salary,2023-03-27,43058.04
A00222,C04823,Savings,2023-04-10,67707.7
A00223,C02039,Fixed Deposit,2021-01-25,49550.96
A00224,C03369,Current,2022-04-10,25685.78
A00225,C03559,Salary,2022-01-09,20417.96
A00226,C04058,Fixed Deposit,2021-07-15,61359.32
A00227,C04863,Savings,2022-12-05,84198.25
A00228,C01227,Salary,2022-02-06,14151.08
A00229,C04491,Savings,2021-05-02,6211.55
A00230,C04344,Salary,2023-02-11,43839.19
A00231,C03512,Salary,2022-07-13,104626.62
A00232,C00914,Savings,2024-05-17,47835.59
A00233,C01420,Savings,2024-08-17,14879.14
A00234,C02704,Current,2025-06-13,33033.4
A00235,C00356,Salary,2023-08-12,38176.95
A00236,C03473,Fixed Deposit,2025-03-19,124487.05
A00237,C00241,Salary,2023-06-27,16629.28
A00238,C01911,Savings,2025-04-07,149674.34
A00239,C02277,Salary,2023-11-29,25043.78
A00240,C00621,Salary,2022-09-11,20062.33
A00241,C00855,Savings,2025-06-24,47068.71
A00242,C03744,Savings,2023-01-11,10358.73
A00243,C02315,Salary,2023-08-05,231323.61
A00244,C03201,Salary,2023-03-08,55235.36
A00245,C03625,Savings,2021-07-25,28269.61
A00246,C01061,Fixed Deposit,2022-08-06,26928.65
A00247,C00382,Current,2022-11-28,30638.87
A00248,C01133,Fixed Deposit,2022-02-16,156780.14
A00249,C02477,Savings,2024-09-18,25738.06
A00250,C03136,Current,2021-07-27,18407.17
A00251,C02839,Savings,2022-02-09,68450.99
A00252,C02080,Salary,2022-01-23,14122.38
A00253,C00945,Savings,2025-02-19,44828.65
A00254,C03963,Salary,2024-11-06,52614.02
A00255,C04202,Savings,2023-05-17,51305.65
A00256,C02530,Salary,2021-09-28,53544.62
A00257,C04302,Current,2022-03-13,15436.79
A00258,C03319,Savings,2023-05-08,30669.42
A00259,C00835,Savings,2024-12-24,28957.37
A00260,C03751,Savings,2021-12-11,41099.89
A00261,C04185,Salary,2021-05-29,7191.76
A00262,C03388,Savings,2022-09-20,10309.21
A00263,C04992,Savings,2024-11-16,253822.31
A00264,C04239,Savings,2021-07-06,69768.42
A00265,C00207,Current,2021-01-20,29985.0
A00266,C03535,Savings,2024-09-23,38885.88
A00267,C02053,Savings,2022-01-08,223287.07
A00268,C04307,Salary,2023-09-06,6723.5
A00269,C00029,Current,2021-03-08,40240.03
A00270,C01214,Current,2025-01-02,26705.42
A00271,C00188,Savings,2023-12-22,111118.06
A00272,C01861,Savings,2025-02-18,60866.43
A00273,C02573,Salary,2023-02-25,254669.22
A00274,C04015,Salary,2022-09-14,75572.35
A00275,C04253,Current,2025-05-11,24388.71
A00276,C02128,Savings,2021-03-26,29382.58
A00277,C01892,Current,2024-11-30,67262.63
A00278,C02708,Salary,2024-11-19,134261.17
A00279,C01742,Salary,2025-03-28,19194.92
A00280,C02674,Salary,2021-06-25,45724.61
A00281,C01814,Savings,2021-12-25,6226.38
A00282,C04328,Salary,2023-04-11,27895.54
A00283,C00160,Salary,2025-04-12,171620.24
A00284,C00344,Current,2021-10-18,142475.67
A00285,C00205,Current,2021-05-10,71280.87
A00286,C03043,Current,2022-04-24,180092.03
A00287,C02886,Salary,2022-10-10,28697.21
A00288,C00305,Salary,2022-06-16,34239.65
A00289,C02718,Savings,2021-09-21,28234.49
A00290,C03942,Current,2023-08-17,65454.03
A00291,C00400,Salary,2022-05-18,502706.86
A00292,C03521,Savings,2024-03-29,50514.25
A00293,C00986,Savings,2023-06-28,13004.76
A00294,C01806,Savings,2025-04-11,13456.77
A00295,C02097,Savings,2024-01-10,16580.8
A00296,C04302,Salary,2024-12-07,17491.75
A00297,C01460,Savings,2022-04-20,16145.28
A00298,C01346,Salary,2023-06-07,44227.26
A00299,C00231,Savings,2021-01-18,10057.55
A00300,C03783,Savings,2023-12-29,56441.34
A00301,C03501,Salary,2023-06-27,88358.73
A00302,C00883,Current,2021-05-10,20765.81
A00303,C02774,Savings,2023-07-27,49526.28
A00304,C02332,Fixed Deposit,2023-03-26,118991.39
A00305,C00433,Current,2024-08-26,80058.14
A00306,C01209,Savings,2025-02-19,40101.96
A00307,C02681,Current,2021-01-15,15475.64
A00308,C02264,Savings,2025-02-28,40014.29
A00309,C03003,Current,2024-04-24,31543.1
A00310,C02413,Current,2024-12-11,41186.27
A00311,C01818,Savings,2023-10-04,14878.59
A00312,C00618,Salary,2022-12-08,9263.49
A00313,C04493,Savings,2022-12-04,5917.01
A00314,C02506,Salary,2023-01-16,7490.74
A00315,C00318,Savings,2022-03-08,7043.27
A00316,C00457,Salary,2023-12-26,91323.56
A00317,C00501,Salary,2024-01-10,45524.9
A00318,C04419,Savings,2021-02-05,37642.62
A00319,C02316,Fixed Deposit,2023-01-17,48016.1
A00320,C03875,Current,2021-01-17,6489.78
A00321,C04974,Salary,2022-05-29,51354.36
A00322,C04775,Salary,2021-02-02,44522.88
A00323,C01004,Savings,2021-12-15,37844.36
A00324,C04251,Savings,2024-11-04,18192.06
A00325,C04197,Savings,2022-05-23,19478.38
A00326,C01067,Savings,2022-10-08,58151.48
A00327,C04717,Savings,2023-07-28,18202.2
A00328,C01629,Current,2023-05-06,94523.56
A00329,C03235,Savings,2024-07-14,153211.36
A00330,C02282,Salary,2022-06-01,99408.69
A00331,C04499,Savings,2023-03-09,39566.95
A00332,C02399,Savings,2022-04-30,33399.33
A00333,C03239,Savings,2024-10-02,39676.46
A00334,C04355,Salary,2025-06-15,66935.52
A00335,C03670,Salary,2022-10-26,134514.32
A00336,C04716,Savings,2022-03-19,59747.85
A00337,C01466,Salary,2022-01-13,7870.52
A00338,C01962,Salary,2023-10-11,15759.12
A00339,C00876,Fixed Deposit,2023-08-21,57049.36
A00340,C04070,Current,2022-07-27,88215.36
A00341,C03902,Savings,2021-12-24,285635.25
A00342,C00543,Savings,2022-06-22,38752.49
A00343,C03517,Savings,2022-09-13,66252.87
A00344,C03866,Current,2024-05-18,9019.48
A00345,C04549,Current,2023-03-17,19279.79
A00346,C04500,Salary,2023-12-02,50006.88
A00347,C01019,Savings,2023-03-27,5726.37
A00348,C01429,Savings,2021-01-13,45327.65
A00349,C04979,Fixed Deposit,2025-06-13,46482.52
A00350,C00575,Fixed Deposit,2025-06-12,68093.66
A00351,C01459,Salary,2023-04-04,19083.05
A00352,C01500,Savings,2022-05-04,58157.43
A00353,C01492,Fixed Deposit,2024-04-25,169457.62
A00354,C03173,Savings,2023-12-23,71047.99
A00355,C02471,Salary,2024-09-21,69134.4
A00356,C03428,Savings,2022-07-09,60610.8
A00357,C02516,Salary,2023-01-15,35754.73
A00358,C03552,Salary,2021-03-16,24485.23
A00359,C04207,Salary,2023-02-04,83407.45
A00360,C02201,Salary,2023-04-05,16378.8
A00361,C02965,Fixed Deposit,2024-03-18,102587.15
A00362,C03314,Current,2021-07-26,55641.24
A00363,C02928,Salary,2022-11-24,14116.01
A00364,C00682,Savings,2024-06-18,15526.47
A00365,C04865,Savings,2022-11-07,57486.66
A00366,C00279,Salary,2022-07-29,43905.58
A00367,C04459,Salary,2023-06-13,50182.53
A00368,C01649,Savings,2024-06-12,29923.27
A00369,C04697,Savings,2021-05-05,144212.83
A00370,C01159,Savings,2021-09-14,61703.36
A00371,C02342,Salary,2024-01-21,121811.44
A00372,C01519,Savings,2023-01-07,28650.82
A00373,C01839,Savings,2024-05-15,89214.57
A00374,C00871,Savings,2024-12-11,27343.02
A00375,C03278,Savings,2021-10-15,27003.61
A00376,C01342,Salary,2024-05-23,12080.99
A00377,C02307,Fixed Deposit,2022-09-30,98438.53
A00378,C01172,Savings,2023-02-06,14453.51
A00379,C04073,Savings,2022-05-27,20848.25
A00380,C01129,Salary,2022-07-27,10739.0
A00381,C03628,Salary,2022-01-03,6587.78
A00382,C04000,Savings,2024-11-25,33704.8
A00383,C03888,Savings,2024-05-09,19102.97
A00384,C01285,Fixed Deposit,2025-05-24,87997.93
A00385,C00571,Salary,2021-10-12,34675.4
A00386,C02865,Fixed Deposit,2021-03-04,167450.4
A00387,C03985,Savings,2022-10-08,205603.84
A00388,C03142,Salary,2023-01-21,102093.24
A00389,C01978,Salary,2023-02-03,37310.72
A00390,C00447,Salary,2021-12-27,66543.4
A00391,C04879,Fixed Deposit,2024-04-25,213107.58
A00392,C01281,Savings,2025-02-15,23090.06
A00393,C00637,Current,2022-01-06,81272.25
A00394,C02974,Savings,2023-11-11,117681.23
A00395,C04627,Salary,2023-07-30,39109.55
A00396,C00119,Salary,2023-07-30,55370.62
A00397,C04162,Salary,2023-05-05,228939.26
A00398,C02293,Savings,2023-03-14,20691.37
A00399,C02105,Savings,2024-08-24,28502.66
A00400,C01068,Savings,2021-02-15,59896.68
A00401,C00424,Savings,2021-07-13,16359.1
A00402,C03820,Savings,2023-12-17,33989.0
A00403,C04491,Fixed Deposit,2025-04-27,21825.29
A00404,C01281,Current,2025-01-20,6609.89
A00405,C01820,Current,2021-11-29,45085.04
A00406,C03433,Salary,2023-01-17,10938.8
A00407,C00763,Salary,2023-05-16,15844.44
A00408,C01630,Current,2023-11-06,91259.96
A00409,C00443,Savings,2022-10-07,42311.1
A00410,C03015,Savings,2025-03-17,35127.23
A00411,C02582,Savings,2023-01-14,25979.35
A00412,C01498,Salary,2021-05-30,145050.58
A00413,C04253,Salary,2023-10-03,272284.73
A00414,C00089,Salary,2023-03-13,62684.69
A00415,C02250,Salary,2023-06-01,3397.2
A00416,C00980,Salary,2023-04-06,35204.09
A00417,C00462,Fixed Deposit,2024-05-21,25258.25
A00418,C03553,Salary,2022-01-26,24245.1
A00419,C02757,Savings,2021-10-08,55992.42
A00420,C03629,Savings,2022-06-23,39941.41
A00421,C02502,Savings,2021-12-08,10580.0
A00422,C00380,Current,2022-11-05,19476.98
A00423,C04497,Salary,2024-09-22,102060.07
A00424,C04647,Savings,2023-10-16,151814.63
A00425,C02984,Salary,2024-01-04,124056.94
A00426,C03061,Savings,2021-04-03,10765.15
A00427,C02951,Salary,2025-04-19,26458.2
A00428,C04541,Savings,2023-10-17,18867.2
A00429,C03731,Savings,2021-04-25,66170.22
A00430,C04425,Savings,2024-12-15,27862.6
A00431,C01932,Savings,2021-04-23,14576.88
A00432,C03422,Savings,2024-10-23,137504.94
A00433,C01991,Salary,2023-12-20,21582.64
A00434,C04866,Savings,2024-07-29,90220.6
A00435,C03857,Salary,2021-08-25,20970.09
A00436,C01483,Savings,2022-09-30,73754.93
A00437,C02546,Savings,2023-12-05,27141.91
A00438,C04221,Salary,2024-05-05,14247.53
A00439,C04300,Savings,2022-12-25,102384.29
A00440,C02816,Current,2022-05-14,19211.43
A00441,C00643,Savings,2025-05-26,40079.09
A00442,C04686,Savings,2022-03-25,11278.15
A00443,C03919,Savings,2021-07-14,10505.92
A00444,C01587,Current,2024-05-03,145014.84
A00445,C02410,Savings,2022-07-29,41184.2
A00446,C03850,Current,2022-08-05,33017.81
A00447,C00055,Salary,2021-11-06,24825.13
A00448,C00842,Savings,2022-08-14,18029.7
A00449,C04588,Fixed Deposit,2022-07-02,110470.91
A00450,C00985,Savings,2022-01-24,130400.03
A00451,C02621,Salary,2024-12-29,75794.14
A00452,C02907,Salary,2023-03-11,62919.88
A00453,C01995,Savings,2022-10-23,27378.59
A00454,C01933,Fixed Deposit,2025-02-28,115761.89
A00455,C02273,Savings,2023-02-24,209832.8
A00456,C00103,Savings,2024-05-09,28585.6
A00457,C00970,Current,2022-06-18,50171.83
A00458,C01072,Fixed Deposit,2021-10-24,222348.67
A00459,C00737,Salary,2025-02-26,210080.98
A00460,C01366,Savings,2023-04-07,41185.42
A00461,C03631,Current,2022-12-28,77916.59
A00462,C00228,Savings,2021-11-27,28890.09
A00463,C03571,Savings,2022-09-26,48628.92
A00464,C00445,Current,2023-05-05,29178.53
A00465,C01620,Savings,2024-07-08,104551.62
A00466,C04694,Current,2023-12-15,164180.35
A00467,C02205,Salary,2024-07-29,12262.66
A00468,C02704,Current,2023-02-11,33041.51
A00469,C03051,Salary,2023-05-25,22314.64
A00470,C03503,Savings,2023-01-12,27254.31
A00471,C03627,Fixed Deposit,2022-09-30,52578.77
A00472,C01182,Savings,2022-03-18,16627.64
A00473,C03257,Current,2024-07-06,46693.55
A00474,C00798,Salary,2025-05-05,12723.66
A00475,C00835,Salary,2023-06-12,80381.56
A00476,C03000,Savings,2021-05-26,47307.26
A00477,C02033,Savings,2022-01-26,13974.09
A00478,C04453,Current,2022-01-08,13324.52
A00479,C02765,Savings,2023-12-05,73407.97
A00480,C02410,Salary,2024-11-21,19275.42
A00481,C03685,Savings,2021-09-19,146181.39
A00482,C03276,Savings,2023-07-20,5371.69
A00483,C00008,Savings,2025-02-11,14088.0
A00484,C02520,Savings,2023-01-16,25694.82
A00485,C02220,Salary,2022-07-19,35307.9
A00486,C03875,Current,2025-02-17,65979.56
A00487,C03729,Current,2022-05-31,30281.06
A00488,C03330,Savings,2025-05-15,27198.35
A00489,C03372,Savings,2022-11-16,19816.42
A00490,C00614,Savings,2025-05-27,17816.5
A00491,C00689,Savings,2022-05-01,19117.92
A00492,C00898,Salary,2025-05-30,33859.32
A00493,C00110,Fixed Deposit,2023-04-14,12408.88
A00494,C04806,Salary,2022-04-11,58865.08
A00495,C03013,Current,2022-04-11,38655.34
A00496,C02919,Current,2021-01-22,32674.35
A00497,C01161,Fixed Deposit,2022-01-31,182004.97
A00498,C03982,Current,2024-05-17,62033.77
A00499,C03611,Current,2025-05-06,40735.64
A00500,C04745,Current,2021-05-25,65396.99
A00501,C02004,Salary,2022-02-24,20736.13
A00502,C01528,Salary,2024-10-04,61951.0
A00503,C01914,Salary,2021-11-01,76029.39
A00504,C04342,Salary,2023-09-28,4014.32
A00505,C03182,Salary,2021-02-13,178604.74
A00506,C04894,Savings,2021-04-17,49054.39
A00507,C03347,Salary,2021-05-30,62915.34
A00508,C02864,Savings,2025-06-18,96250.42
A00509,C04611,Salary,2024-07-11,32109.38
A00510,C00506,Savings,2021-04-20,24969.53
A00511,C04251,Savings,2023-11-08,47562.0
A00512,C02007,Salary,2023-01-20,435144.61
A00513,C04207,Current,2024-09-21,33172.91
A00514,C02856,Savings,2021-08-27,20401.27
A00515,C03965,Savings,2022-12-25,121527.8
A00516,C01675,Fixed Deposit,2023-01-13,9991.66
A00517,C01191,Savings,2021-11-24,32912.91
A00518,C02393,Savings,2023-05-12,20491.14
A00519,C01922,Salary,2024-08-10,63959.29
A00520,C04390,Current,2024-12-07,41052.4
A00521,C02693,Salary,2022-04-06,13491.6
A00522,C04434,Salary,2024-01-10,65019.0
A00523,C01828,Salary,2024-07-02,17351.76
A00524,C02500,Fixed Deposit,2023-01-14,62637.75
A00525,C00717,Salary,2021-12-29,24725.03
A00526,C00631,Savings,2025-01-20,75593.15
A00527,C04861,Savings,2023-06-17,24029.77
A00528,C00085,Salary,2022-03-19,2248.4
A00529,C03769,Current,2023-06-05,13310.25
A00530,C00737,Savings,2023-09-11,38440.2
A00531,C02708,Current,2025-04-06,20057.38
A00532,C00227,Salary,2024-06-15,106187.48
A00533,C03358,Savings,2021-09-18,14490.36
A00534,C01308,Salary,2024-07-20,61024.73
A00535,C04205,Current,2021-10-07,75141.16
A00536,C04231,Savings,2023-07-15,42554.55
A00537,C04387,Current,2023-08-04,52475.87
A00538,C03959,Savings,2024-03-19,32165.79
A00539,C01653,Current,2021-06-01,46535.69
A00540,C01868,Salary,2023-03-05,23447.83
A00541,C00027,Salary,2025-05-16,44519.11
A00542,C04650,Savings,2023-11-02,28028.63
A00543,C00933,Savings,2021-01-14,28021.69
A00544,C03459,Salary,2025-03-15,19959.08
A00545,C00467,Savings,2025-04-15,29874.62
A00546,C02701,Savings,2023-08-09,141194.08
A00547,C01499,Savings,2023-05-17,29224.75
A00548,C00618,Salary,2022-03-21,84626.87
A00549,C03778,Salary,2024-09-03,58189.07
A00550,C04554,Fixed Deposit,2023-03-10,81637.51
A00551,C02688,Savings,2023-01-02,46971.59
A00552,C01505,Savings,2021-08-26,37010.4
A00553,C03968,Current,2022-06-23,21507.67
A00554,C00180,Salary,2023-02-08,170460.33
A00555,C02586,Savings,2023-03-20,94105.54
A00556,C02070,Savings,2023-02-01,37751.85
A00557,C04859,Savings,2021-03-15,38646.06
A00558,C00922,Salary,2024-12-28,60432.39
A00559,C03093,Savings,2024-08-14,14012.76
A00560,C04841,Fixed Deposit,2021-10-23,32314.9
A00561,C01511,Current,2021-01-14,6706.43
A00562,C03600,Savings,2022-09-04,30020.53
A00563,C03277,Savings,2025-06-15,106125.07
A00564,C02720,Savings,2022-01-30,28174.86
A00565,C04733,Salary,2021-07-10,260850.33
A00566,C01024,Salary,2023-03-28,24537.21
A00567,C00152,Savings,2024-12-15,42624.58
A00568,C00013,Current,2021-04-16,28268.79
A00569,C00715,Salary,2024-11-18,4841.12
A00570,C03151,Savings,2025-01-01,28346.63
A00571,C03626,Savings,2021-01-07,17032.65
A00572,C00249,Savings,2024-01-10,44852.15
A00573,C01145,Savings,2023-02-04,114489.7
A00574,C04483,Current,2022-10-14,26435.08
A00575,C04535,Savings,2022-04-30,50727.97
A00576,C03344,Savings,2024-10-12,29970.02
A00577,C00721,Fixed Deposit,2024-08-27,146601.25
A00578,C04569,Savings,2023-07-21,282821.66
A00579,C03230,Savings,2022-05-21,138201.41
A00580,C01007,Salary,2022-06-03,20855.44
A00581,C04729,Savings,2023-03-13,125857.51
A00582,C03299,Savings,2022-03-25,47581.77
A00583,C02469,Savings,2021-10-12,110039.27
A00584,C04120,Fixed Deposit,2024-07-29,25954.31
A00585,C03814,Savings,2021-03-15,33530.26
A00586,C00538,Fixed Deposit,2021-02-14,76769.98
A00587,C02825,Salary,2025-04-02,34595.41
A00588,C02686,Salary,2023-01-15,47139.27
A00589,C01981,Salary,2022-11-07,32895.25
A00590,C00540,Savings,2025-01-20,26349.87
A00591,C03885,Savings,2022-07-29,24062.14
A00592,C04054,Savings,2024-12-01,17381.6
A00593,C03200,Savings,2021-04-03,47930.13
A00594,C04517,Fixed Deposit,2021-11-18,57499.13
A00595,C00484,Current,2022-04-11,22346.13
A00596,C01029,Current,2022-08-27,9424.81
A00597,C00052,Salary,2023-06-04,58964.01
A00598,C00243,Fixed Deposit,2023-10-04,120076.85
A00599,C01687,Fixed Deposit,2022-07-08,28111.36
A00600,C02822,Salary,2023-01-23,39843.89
A00601,C01841,Savings,2021-11-23,22233.86
A00602,C00425,Savings,2025-05-26,69317.7
A00603,C02128,Savings,2022-12-29,23245.59
A00604,C00695,Savings,2025-05-11,23333.46
A00605,C00354,Savings,2022-08-14,40860.22
A00606,C03691,Fixed Deposit,2024-12-09,44789.15
A00607,C01690,Fixed Deposit,2025-03-03,42110.39
A00608,C00293,Salary,2023-05-01,20884.03
A00609,C00717,Salary,2022-03-16,24390.2
A00610,C04625,Current,2022-12-15,25914.37
A00611,C04576,Savings,2022-03-08,36738.53
A00612,C04573,Salary,2023-08-06,31389.87
A00613,C04121,Savings,2021-11-24,56676.48
A00614,C02479,Salary,2024-07-04,12860.28
A00615,C02365,Savings,2023-05-11,238060.94
A00616,C00638,Salary,2025-04-27,37046.59
A00617,C02406,Salary,2024-01-03,87044.96
A00618,C01300,Salary,2024-06-11,56086.9
A00619,C03949,Savings,2025-03-25,40481.83
A00620,C00690,Savings,2025-04-16,54506.08
A00621,C04440,Current,2025-06-20,49299.39
A00622,C02607,Savings,2024-07-05,31004.19
A00623,C00712,Salary,2021-08-17,313127.59
A00624,C02611,Salary,2024-06-22,99038.86
A00625,C00439,Current,2024-12-21,8648.86
A00626,C03534,Savings,2025-01-19,93509.79
A00627,C03879,Salary,2023-01-14,38705.36
A00628,C03342,Savings,2025-02-05,158415.24
A00629,C03093,Savings,2023-09-29,27072.9
A00630,C04239,Savings,2023-03-22,4438.07
A00631,C01784,Savings,2025-05-06,26473.48
A00632,C00868,Current,2021-06-23,8588.06
A00633,C01489,Savings,2024-01-04,19679.76
A00634,C00468,Salary,2024-01-28,21727.11
A00635,C04973,Salary,2022-05-28,51017.25
A00636,C03922,Current,2024-02-22,45677.86
A00637,C01418,Savings,2024-02-15,64604.85
A00638,C01777,Salary,2024-09-28,59824.58
A00639,C01082,Salary,2024-06-10,208399.85
A00640,C04937,Savings,2021-05-09,36367.67
A00641,C02926,Current,2022-01-09,57686.63
A00642,C04085,Savings,2025-05-18,80512.49
A00643,C04062,Savings,2021-08-24,20307.01
A00644,C01012,Fixed Deposit,2023-01-12,20953.58
A00645,C00814,Savings,2021-07-09,50593.26
A00646,C03947,Salary,2021-06-17,25347.34
A00647,C02317,Savings,2025-06-19,73291.08
A00648,C02144,Fixed Deposit,2021-10-18,126590.47
A00649,C00273,Savings,2024-09-26,88450.45
A00650,C03645,Savings,2024-11-19,17903.12
A00651,C01717,Current,2025-02-06,21655.25
A00652,C02976,Current,2021-05-19,39986.1
A00653,C04101,Current,2024-04-29,30935.71
A00654,C00357,Current,2022-07-22,54771.22
A00655,C00204,Savings,2025-03-23,123517.62
A00656,C03746,Savings,2023-12-11,33197.86
A00657,C01597,Current,2023-09-18,10721.35
A00658,C00497,Salary,2025-04-24,6259.44
A00659,C04798,Savings,2021-10-25,11352.31
A00660,C04933,Salary,2024-01-01,11020.77
A00661,C00063,Fixed Deposit,2021-09-13,119168.59
A00662,C01580,Salary,2021-11-05,34781.72
A00663,C04335,Savings,2021-04-01,38842.54
A00664,C00540,Savings,2021-05-29,69527.54
A00665,C04294,Savings,2023-11-20,123826.01
A00666,C04877,Savings,2022-04-07,30476.11
A00667,C04126,Current,2022-09-27,70860.11
A00668,C02714,Savings,2024-11-09,49859.82
A00669,C01081,Savings,2022-09-29,8940.84
A00670,C01856,Savings,2022-10-08,9548.22
A00671,C03505,Savings,2022-06-02,26746.69
A00672,C03380,Savings,2024-10-28,43356.85
A00673,C01599,Savings,2024-05-05,55967.35
A00674,C01629,Savings,2021-07-09,30396.75
A00675,C03179,Savings,2021-03-20,7890.45
A00676,C02648,Salary,2025-04-20,26080.69
A00677,C03373,Salary,2023-03-27,6947.83
A00678,C01070,Savings,2021-03-13,30205.85
A00679,C02777,Salary,2021-02-12,60140.96
A00680,C01193,Savings,2023-03-14,53421.61
A00681,C00814,Current,2024-03-02,23108.98
A00682,C01153,Savings,2024-02-04,52263.87
A00683,C02756,Salary,2021-12-23,13255.57
A00684,C01884,Savings,2021-01-08,20380.73
A00685,C00268,Savings,2024-09-28,8175.66
A00686,C03672,Savings,2022-03-13,22511.62
A00687,C02813,Salary,2021-03-21,18073.72
A00688,C04681,Savings,2025-04-29,25135.23
A00689,C04086,Savings,2022-11-20,28436.72
A00690,C00384,Savings,2024-11-16,45452.77
A00691,C03957,Salary,2022-07-30,6202.98
A00692,C02851,Savings,2023-06-19,16748.57
A00693,C04526,Current,2021-10-15,87603.12
A00694,C03412,Savings,2024-02-11,88970.96
A00695,C01050,Current,2023-08-21,38182.9
A00696,C01834,Savings,2022-12-21,38930.43
A00697,C00798,Savings,2023-08-14,13167.09
A00698,C04468,Salary,2021-08-14,25950.18
A00699,C02976,Salary,2024-09-18,76107.47
A00700,C01291,Fixed Deposit,2024-12-11,21327.08
A00701,C02188,Salary,2021-10-05,41366.0
A00702,C00067,Savings,2023-06-14,59946.94
A00703,C01393,Salary,2023-03-03,37897.03
A00704,C03992,Salary,2023-10-24,31763.19
A00705,C03022,Savings,2022-06-29,31470.55
A00706,C01702,Savings,2022-04-23,56983.7
A00707,C00579,Savings,2024-12-04,43266.55
A00708,C01606,Savings,2024-08-23,56671.65
A00709,C04044,Savings,2024-05-22,26103.99
A00710,C01979,Fixed Deposit,2023-11-20,48975.7
A00711,C04506,Salary,2022-02-23,59517.25
A00712,C02881,Current,2025-04-10,16273.82
A00713,C02671,Savings,2023-11-18,13150.05
A00714,C03717,Savings,2022-09-01,280840.3
A00715,C04936,Current,2021-03-28,53127.01
A00716,C04285,Current,2023-11-16,29112.5
A00717,C04373,Salary,2021-04-30,19435.0
A00718,C02155,Fixed Deposit,2022-12-14,28589.13
A00719,C02805,Savings,2022-01-27,34775.17
A00720,C02221,Savings,2024-10-12,33327.61
A00721,C03990,Savings,2021-12-19,53900.39
A00722,C00999,Savings,2021-01-15,11279.09
A00723,C00722,Savings,2021-11-01,11700.48
A00724,C01215,Salary,2024-07-01,45890.85
A00725,C01694,Fixed Deposit,2022-09-15,92561.9
A00726,C03395,Fixed Deposit,2022-06-04,147426.8
A00727,C04026,Salary,2023-05-03,162018.44
A00728,C03580,Fixed Deposit,2022-10-02,51296.65
A00729,C02804,Salary,2024-04-24,66423.27
A00730,C02231,Salary,2022-01-22,14234.77
A00731,C04813,Savings,2023-06-24,3543.91
A00732,C00459,Savings,2025-03-04,15043.62
A00733,C01702,Savings,2021-01-14,23594.31
A00734,C00627,Savings,2024-06-07,251585.87
A00735,C02457,Salary,2021-04-01,8129.76
A00736,C00207,Current,2024-11-28,70753.89
A00737,C03317,Savings,2025-03-09,21324.74
A00738,C01357,Savings,2021-01-04,56834.39
A00739,C04769,Savings,2023-10-19,37724.89
A00740,C03597,Savings,2024-05-27,15942.49
A00741,C01940,Savings,2025-05-31,91310.56
A00742,C02796,Savings,2023-03-07,54386.11
A00743,C04369,Savings,2021-08-04,35841.23
A00744,C02674,Current,2024-03-28,47305.14
A00745,C01050,Savings,2025-05-22,24783.61
A00746,C02592,Salary,2022-12-05,6376.81
A00747,C03790,Savings,2023-01-01,40170.78
A00748,C04005,Savings,2024-10-28,269406.27
A00749,C00091,Current,2021-01-17,77711.39
A00750,C00476,Savings,2022-05-10,47279.84
A00751,C02047,Savings,2025-01-29,51374.22
A00752,C04822,Fixed Deposit,2022-03-20,65298.22
A00753,C03691,Current,2024-01-10,4834.79
A00754,C04026,Savings,2023-02-18,14095.19
A00755,C03267,Salary,2021-06-15,34297.35
A00756,C04630,Fixed Deposit,2021-12-23,150063.55
A00757,C02746,Savings,2021-08-22,188652.95
A00758,C00085,Salary,2024-03-31,13786.07
A00759,C02640,Salary,2021-06-24,65566.76
A00760,C04937,Savings,2024-10-18,4879.71
A00761,C00077,Salary,2024-10-31,26949.67
A00762,C02431,Savings,2022-11-28,35408.66
A00763,C03505,Current,2024-04-12,165505.29
A00764,C02425,Salary,2021-08-26,17421.49
A00765,C02222,Savings,2024-04-01,26548.23
A00766,C00406,Salary,2023-09-15,88709.32
A00767,C02130,Salary,2023-10-11,18767.75
A00768,C04117,Fixed Deposit,2023-07-01,40599.11
A00769,C00398,Savings,2024-06-15,9923.78
A00770,C01801,Savings,2025-06-30,63638.1
A00771,C03474,Salary,2022-09-22,9999.73
A00772,C01809,Savings,2024-06-09,93631.88
A00773,C04990,Savings,2022-08-11,11809.09
A00774,C03927,Salary,2025-03-21,18368.63
A00775,C01945,Savings,2023-03-05,12642.63
A00776,C00438,Savings,2023-07-09,28152.06
A00777,C00223,Savings,2024-06-13,95697.05
A00778,C01611,Savings,2024-09-08,19367.15
A00779,C01961,Savings,2025-04-17,15025.92
A00780,C04605,Savings,2022-02-11,35742.99
A00781,C04001,Savings,2021-06-26,34211.06
A00782,C02665,Salary,2025-03-04,66871.16
A00783,C01066,Savings,2021-04-29,11118.78
A00784,C01277,Current,2024-04-28,44989.24
A00785,C00604,Savings,2022-09-06,110844.94
A00786,C00189,Salary,2021-12-31,14567.86
A00787,C00676,Fixed Deposit,2022-05-01,77598.4
A00788,C00638,Current,2024-01-08,14539.77
A00789,C01997,Current,2021-11-18,97317.39
A00790,C01845,Savings,2021-05-19,166539.98
A00791,C00047,Savings,2024-09-21,12435.87
A00792,C00820,Salary,2024-11-26,47213.89
A00793,C03808,Salary,2024-06-03,50083.01
A00794,C03023,Current,2024-07-13,40951.95
A00795,C01081,Salary,2021-11-29,29622.06
A00796,C03147,Savings,2021-08-12,21716.51
A00797,C01278,Salary,2022-07-26,8874.64
A00798,C03735,Savings,2023-02-15,31380.78
A00799,C02218,Salary,2023-08-25,79041.97
A00800,C02887,Savings,2025-05-03,98051.55
A00801,C00796,Fixed Deposit,2022-08-16,76838.98
A00802,C03329,Salary,2023-03-20,14918.21
A00803,C03007,Savings,2023-09-14,11470.61
A00804,C03185,Current,2023-10-21,20819.32
A00805,C02390,Salary,2025-03-24,6508.8
A00806,C04144,Savings,2023-05-11,3749.36
A00807,C03859,Savings,2024-06-26,10822.7
A00808,C01219,Savings,2024-12-15,48084.53
A00809,C01761,Savings,2021-07-06,8311.25
A00810,C00725,Current,2021-09-06,48825.85
A00811,C01345,Savings,2024-02-25,17253.34
A00812,C00138,Savings,2024-01-17,107206.03
A00813,C04451,Current,2023-12-05,21147.03
A00814,C04907,Fixed Deposit,2023-10-21,43134.57
A00815,C03555,Salary,2021-09-03,18485.02
A00816,C02760,Current,2023-07-16,18835.76
A00817,C00059,Savings,2024-12-05,39305.33
A00818,C00771,Savings,2024-05-26,47012.62
A00819,C00389,Savings,2024-12-21,34851.58
A00820,C03925,Salary,2021-01-15,11546.86
A00821,C03423,Savings,2023-04-06,52369.08
A00822,C04435,Savings,2022-11-20,12222.82
A00823,C04853,Salary,2024-09-20,13642.18
A00824,C00596,Current,2022-12-28,21805.29
A00825,C00436,Salary,2022-06-21,72956.65
A00826,C01474,Salary,2022-05-07,13032.99
A00827,C04473,Savings,2021-10-19,50552.61
A00828,C01983,Fixed Deposit,2021-04-27,6477.77
A00829,C02439,Savings,2022-08-15,57238.47
A00830,C02869,Fixed Deposit,2022-11-18,167456.03
A00831,C04210,Savings,2023-01-14,62753.56
A00832,C03818,Salary,2025-02-01,34707.89
A00833,C00774,Salary,2023-08-06,19417.06
A00834,C01927,Current,2025-04-25,15566.76
A00835,C02220,Current,2022-11-14,16956.13
A00836,C00018,Fixed Deposit,2022-09-21,38051.17
A00837,C04331,Fixed Deposit,2022-08-16,151639.61
A00838,C03967,Salary,2022-01-22,32575.26
A00839,C01693,Salary,2025-05-26,73530.62
A00840,C02771,Savings,2022-10-14,561814.56
A00841,C04377,Salary,2021-07-12,160716.87
A00842,C04927,Current,2021-04-11,35810.11
A00843,C03268,Salary,2023-12-30,21942.07
A00844,C01139,Salary,2024-04-12,76876.19
A00845,C01696,Savings,2022-03-20,76770.63
A00846,C01587,Savings,2022-03-09,58929.6
A00847,C04514,Savings,2024-05-23,136989.51
A00848,C02332,Current,2022-06-21,15522.21
A00849,C04681,Savings,2022-08-24,46992.35
A00850,C02670,Current,2022-12-09,35126.62
A00851,C02269,Savings,2021-11-15,67099.58
A00852,C02057,Savings,2024-08-02,23985.96
A00853,C04928,Savings,2021-08-13,50586.67
A00854,C02423,Savings,2024-10-04,7264.89
A00855,C04630,Savings,2022-01-23,35676.2
A00856,C03487,Salary,2023-04-26,169523.12
A00857,C02750,Savings,2024-09-26,22753.5
A00858,C04042,Savings,2025-03-08,33137.98
A00859,C02825,Fixed Deposit,2021-03-12,171143.46
A00860,C01406,Savings,2024-02-27,55485.61
A00861,C01887,Salary,2022-03-20,7782.75
A00862,C02988,Fixed Deposit,2024-08-06,57607.4
A00863,C03576,Current,2022-08-22,51276.13
A00864,C04543,Current,2022-01-22,124269.74
A00865,C02728,Savings,2021-01-18,104952.72
A00866,C04721,Savings,2025-04-28,34274.84
A00867,C01864,Current,2024-01-05,64332.04
A00868,C02354,Savings,2022-07-07,33846.5
A00869,C02897,Savings,2023-05-24,23088.03
A00870,C04828,Salary,2024-10-20,97372.42
A00871,C02502,Savings,2024-07-27,91666.99
A00872,C00938,Salary,2021-10-07,46266.65
A00873,C02081,Salary,2023-02-10,20172.85
A00874,C01756,Savings,2025-01-06,35450.86
A00875,C03391,Savings,2023-08-12,37608.68
A00876,C01217,Savings,2021-11-25,83292.27
A00877,C01204,Salary,2025-04-09,27586.79
A00878,C01891,Savings,2022-05-23,37254.52
A00879,C03032,Salary,2022-03-26,42972.43
A00880,C00391,Salary,2024-10-30,28490.79
A00881,C02512,Salary,2024-08-12,45732.15
A00882,C02978,Savings,2025-02-08,40148.65
A00883,C03747,Current,2023-04-19,17425.54
A00884,C00099,Savings,2022-01-28,22019.65
A00885,C02196,Savings,2021-04-19,10222.63
A00886,C04666,Savings,2021-12-25,18675.19
A00887,C04823,Salary,2023-08-14,131128.16
A00888,C01002,Fixed Deposit,2023-07-24,118567.69
A00889,C01571,Savings,2024-08-05,17629.65
A00890,C04399,Current,2024-12-12,30561.69
A00891,C03630,Savings,2021-11-14,16602.02
A00892,C01064,Salary,2021-12-07,69809.54
A00893,C00639,Savings,2024-09-02,45551.78
A00894,C02743,Current,2021-12-15,67112.79
A00895,C01143,Current,2021-01-27,27335.77
A00896,C02121,Salary,2022-09-30,89387.74
A00897,C00552,Savings,2022-02-05,12425.61
A00898,C03276,Current,2021-11-12,21297.25
A00899,C00977,Savings,2025-05-02,25381.02
A00900,C04192,Savings,2022-01-03,74746.55
A00901,C03351,Savings,2021-12-09,22269.82
A00902,C03215,Salary,2022-11-24,15221.33
A00903,C03548,Salary,2024-10-20,36620.5
A00904,C02932,Savings,2023-06-23,325582.5
A00905,C04070,Salary,2024-01-02,15083.62
A00906,C03986,Current,2024-02-20,110735.52
A00907,C04142,Fixed Deposit,2021-07-05,64916.82
A00908,C00346,Salary,2023-04-16,36501.94
A00909,C04943,Current,2021-11-15,21111.32
A00910,C02943,Savings,2023-08-13,63750.81
A00911,C01077,Savings,2022-08-17,92465.89
A00912,C01172,Salary,2023-09-19,140718.62
A00913,C03771,Fixed Deposit,2025-04-15,84533.58
A00914,C03162,Savings,2023-03-04,19481.75
A00915,C00233,Salary,2021-12-19,181438.37
A00916,C03799,Salary,2021-12-21,24158.24
A00917,C04147,Savings,2021-04-16,18124.9
A00918,C04761,Current,2022-02-22,47112.62
A00919,C03908,Savings,2022-10-04,15253.44
A00920,C03700,Salary,2021-07-24,23166.24
A00921,C00451,Current,2022-07-19,63825.15
A00922,C01363,Fixed Deposit,2024-11-06,867402.41
A00923,C00351,Fixed Deposit,2024-08-13,108738.09
A00924,C02697,Savings,2024-07-26,105489.82
A00925,C01309,Savings,2021-07-08,23008.58
A00926,C04005,Salary,2022-06-27,46182.56
A00927,C02926,Salary,2025-01-13,6463.21
A00928,C04679,Salary,2021-09-15,10946.36
A00929,C00245,Savings,2022-03-29,41807.19
A00930,C04646,Salary,2025-05-15,49928.69
A00931,C04824,Savings,2021-03-19,77678.89
A00932,C04735,Savings,2023-11-13,30617.87
A00933,C04680,Savings,2022-05-18,141213.84
A00934,C02274,Salary,2021-07-04,59593.78
A00935,C00441,Current,2022-07-01,7101.91
A00936,C03546,Fixed Deposit,2025-03-17,12805.24
A00937,C01468,Salary,2025-06-29,40770.42
A00938,C00412,Savings,2021-02-18,29334.7
A00939,C00814,Current,2021-06-17,44329.08
A00940,C04342,Savings,2021-01-21,26836.67
A00941,C04679,Current,2022-01-27,21155.64
A00942,C01731,Savings,2023-06-22,18747.18
A00943,C01975,Salary,2024-02-03,34495.46
A00944,C00550,Current,2024-08-06,77320.25
A00945,C01938,Savings,2024-12-20,13786.05
A00946,C00204,Savings,2021-08-17,32054.69
A00947,C04447,Savings,2024-04-19,130902.54
A00948,C04415,Fixed Deposit,2021-12-18,13639.0
A00949,C03589,Savings,2021-08-13,64748.81
A00950,C02537,Salary,2021-08-22,30103.61
A00951,C00107,Savings,2021-09-23,17994.08
A00952,C03812,Savings,2023-05-08,22050.86
A00953,C02702,Current,2021-11-10,92003.42
A00954,C03898,Salary,2022-05-14,32298.94
A00955,C02220,Current,2023-05-27,13791.66
A00956,C03937,Current,2024-05-26,16649.32
A00957,C04091,Salary,2021-07-30,23175.91
A00958,C00958,Savings,2021-04-09,79305.45
A00959,C02576,Savings,2024-11-12,23102.13
A00960,C02368,Savings,2021-12-11,35514.72
A00961,C01061,Savings,2024-06-30,19491.53
A00962,C02547,Fixed Deposit,2023-06-23,45667.48
A00963,C03737,Current,2022-06-08,31391.83
A00964,C03767,Savings,2021-04-28,15719.51
A00965,C01673,Salary,2022-08-23,17979.12
A00966,C00402,Salary,2023-05-06,22712.74
A00967,C00602,Savings,2021-07-28,140292.91
A00968,C03000,Salary,2024-12-03,38355.27
A00969,C04314,Savings,2022-04-26,16221.49
A00970,C04282,Salary,2023-07-12,77607.3
A00971,C03453,Savings,2021-11-25,81414.75
A00972,C03635,Current,2024-04-21,15921.23
A00973,C00288,Savings,2022-02-21,156767.55
A00974,C00088,Fixed Deposit,2024-01-12,92289.83
A00975,C02206,Savings,2021-09-11,52987.93
A00976,C02968,Savings,2023-08-03,50258.41
A00977,C04251,Current,2021-01-05,49211.8
A00978,C03535,Current,2021-10-30,32734.88
A00979,C00220,Salary,2023-09-07,65164.05
A00980,C01483,Salary,2025-04-09,26977.04
A00981,C03239,Salary,2022-08-30,149655.69
A00982,C00322,Savings,2024-12-22,6040.75
A00983,C02739,Savings,2023-08-22,16010.96
A00984,C04937,Savings,2023-01-06,50001.61
A00985,C01837,Fixed Deposit,2024-06-04,60853.99
A00986,C02560,Savings,2025-05-06,23098.36
A00987,C01569,Savings,2022-01-25,42509.67
A00988,C02323,Current,2023-04-30,12172.12
A00989,C04721,Savings,2023-03-30,14290.59
A00990,C02964,Savings,2025-05-07,32389.54
A00991,C00353,Salary,2021-01-12,51303.19
A00992,C01029,Savings,2021-12-03,19055.12
A00993,C04571,Current,2022-08-30,7197.44
A00994,C02010,Savings,2021-05-09,44656.1
A00995,C00928,Savings,2021-01-11,56222.34
A00996,C00030,Fixed Deposit,2022-05-05,24478.78
A00997,C02541,Savings,2021-09-29,25506.36
A00998,C03820,Savings,2024-10-12,82363.83
A00999,C00495,Salary,2023-05-31,12798.09
A01000,C04484,Savings,2024-01-21,35268.55
A01001,C00873,Savings,2021-01-09,19962.0
A01002,C00835,Savings,2023-06-06,259378.23
A01003,C03325,Current,2024-02-21,12035.46
A01004,C00630,Savings,2023-02-15,7031.71
A01005,C02987,Current,2021-10-08,62669.15
A01006,C00030,Savings,2022-04-03,27089.6
A01007,C03783,Savings,2023-07-25,14364.53
A01008,C00807,Current,2022-03-27,23330.09
A01009,C01969,Savings,2024-12-01,142104.94
A01010,C03469,Savings,2023-03-02,36413.71
A01011,C03581,Current,2023-03-23,135706.43
A01012,C01961,Fixed Deposit,2021-02-25,21424.36
A01013,C04340,Savings,2022-12-09,96607.74
A01014,C00221,Savings,2022-01-14,15189.77
A01015,C01344,Savings,2025-03-06,109552.34
A01016,C04627,Salary,2023-10-07,101789.85
A01017,C02263,Salary,2021-01-23,14833.52
A01018,C02415,Salary,2024-06-22,53109.45
A01019,C02162,Savings,2023-02-11,43748.29
A01020,C04121,Savings,2024-12-12,84330.89
A01021,C02982,Savings,2021-08-19,13103.69
A01022,C00858,Savings,2021-07-29,25187.7
A01023,C04994,Salary,2024-03-31,37919.07
A01024,C00773,Savings,2024-11-01,140677.22
A01025,C02493,Salary,2023-05-16,38320.18
A01026,C00020,Fixed Deposit,2024-04-08,27280.49
A01027,C00806,Savings,2023-06-18,48481.22
A01028,C01381,Salary,2024-09-24,14565.05
A01029,C02176,Savings,2025-02-06,7961.08
A01030,C02406,Savings,2024-06-04,31398.26
A01031,C03364,Savings,2023-05-23,46629.62
A01032,C03427,Savings,2021-12-29,43196.21
A01033,C00881,Savings,2025-02-11,38106.05
A01034,C03109,Current,2025-04-28,181153.02
A01035,C01334,Salary,2022-04-20,146705.58
A01036,C01685,Savings,2021-07-14,17294.74
A01037,C02965,Salary,2023-07-22,84878.69
A01038,C01606,Salary,2023-11-02,278098.77
A01039,C02558,Salary,2025-02-27,176738.81
A01040,C00444,Savings,2023-02-23,89964.39
A01041,C02043,Savings,2023-12-22,32190.18
A01042,C00779,Salary,2022-06-13,11225.01
A01043,C03160,Salary,2021-09-28,15286.89
A01044,C01747,Savings,2022-06-22,58424.49
A01045,C03941,Salary,2025-04-30,47334.16
A01046,C00421,Savings,2022-10-19,38630.31
A01047,C01852,Salary,2021-03-06,82377.76
A01048,C02109,Savings,2023-05-12,104081.44
A01049,C04675,Current,2025-02-12,103948.94
A01050,C03997,Current,2022-05-05,70453.49
A01051,C01359,Savings,2023-12-28,57849.02
A01052,C03911,Savings,2021-12-28,22608.77
A01053,C02627,Fixed Deposit,2025-06-20,70589.52
A01054,C02688,Current,2022-07-26,50192.65
A01055,C04207,Current,2023-09-22,34612.23
A01056,C00491,Current,2023-02-08,8677.28
A01057,C01296,Salary,2023-11-09,48461.87
A01058,C02082,Savings,2022-06-29,34477.86
A01059,C03372,Salary,2023-09-06,32070.72
A01060,C02173,Savings,2023-07-21,60857.95
A01061,C03175,Savings,2021-04-01,59740.79
A01062,C04065,Salary,2023-08-31,106335.06
A01063,C03754,Fixed Deposit,2021-08-26,111297.17
A01064,C04990,Savings,2022-04-07,25704.82
A01065,C03830,Savings,2023-11-14,119498.64
A01066,C01950,Current,2024-06-04,140567.22
A01067,C03381,Savings,2023-05-01,35635.51
A01068,C00412,Fixed Deposit,2024-11-05,201194.62
A01069,C01423,Salary,2023-07-10,42068.96
A01070,C02982,Salary,2023-06-26,102196.75
A01071,C01677,Savings,2023-02-16,119516.46
A01072,C01647,Savings,2023-10-27,20544.93
A01073,C02712,Current,2022-07-24,128012.01
A01074,C03960,Savings,2022-09-04,37825.79
A01075,C01240,Salary,2022-09-26,51579.05
A01076,C00603,Savings,2024-10-12,98791.05
A01077,C01938,Savings,2024-03-26,28805.46
A01078,C00026,Salary,2024-05-09,88688.46
A01079,C04680,Salary,2024-06-02,42202.72
A01080,C01068,Savings,2023-09-10,24128.39
A01081,C00380,Salary,2022-04-08,64801.39
A01082,C01285,Current,2022-10-25,112118.87
A01083,C04465,Salary,2024-07-04,39934.15
A01084,C03183,Savings,2023-09-17,14584.79
A01085,C03748,Savings,2025-06-05,27174.01
A01086,C02257,Salary,2022-03-07,19224.78
A01087,C03928,Savings,2023-05-28,281424.8
A01088,C04121,Savings,2022-03-01,16537.03
A01089,C00546,Savings,2024-12-01,4687.33
A01090,C00275,Savings,2025-06-24,25683.55
A01091,C03442,Salary,2021-04-15,42946.94
A01092,C02270,Savings,2021-09-09,37407.59
A01093,C03109,Savings,2022-10-07,42696.46
A01094,C02923,Salary,2024-01-28,11478.55
A01095,C03388,Current,2021-06-27,38387.01
A01096,C01871,Savings,2024-07-12,14891.16
A01097,C04014,Current,2024-03-01,82021.95
A01098,C00111,Savings,2024-05-07,12978.91
A01099,C01756,Savings,2022-12-21,33602.0
A01100,C04804,Current,2023-12-17,17763.55
A01101,C01368,Salary,2023-06-11,85580.41
A01102,C01529,Salary,2022-02-13,23784.95
A01103,C00552,Salary,2023-08-12,14112.09
A01104,C00134,Fixed Deposit,2021-09-19,168861.33
A01105,C02912,Fixed Deposit,2023-01-12,10873.3
A01106,C02014,Salary,2022-10-16,67707.42
A01107,C03263,Salary,2022-07-29,49177.12
A01108,C01061,Salary,2021-04-28,351599.54
A01109,C02508,Savings,2025-02-17,65225.54
A01110,C02023,Savings,2023-08-29,56984.88
A01111,C02187,Savings,2024-09-06,16874.88
A01112,C02666,Fixed Deposit,2021-11-04,53653.91
A01113,C03171,Salary,2022-05-05,45978.51
A01114,C02728,Salary,2024-09-06,130597.1
A01115,C03336,Savings,2023-01-27,18175.38
A01116,C02647,Savings,2024-10-11,6943.19
A01117,C00596,Savings,2022-10-10,38757.18
A01118,C04107,Salary,2022-08-31,8655.53
A01119,C02375,Salary,2023-01-07,75247.43
A01120,C03422,Salary,2025-03-24,142168.33
A01121,C02279,Savings,2025-03-30,91836.03
A01122,C01165,Savings,2021-01-24,23082.58
A01123,C00618,Savings,2024-04-30,156117.68
A01124,C04861,Savings,2023-01-23,18194.96
A01125,C04145,Salary,2023-09-28,14997.22
A01126,C00451,Savings,2021-12-15,131481.58
A01127,C01799,Current,2021-01-25,26371.43
A01128,C04587,Current,2024-11-14,41905.06
A01129,C01893,Savings,2023-10-12,90505.21
A01130,C02455,Savings,2022-08-22,13500.37
A01131,C02223,Fixed Deposit,2023-03-12,40411.33
A01132,C03809,Savings,2023-06-29,21398.67
A01133,C01285,Salary,2023-08-17,29443.64
A01134,C02528,Savings,2025-05-11,19160.23
A01135,C01758,Salary,2024-04-28,50752.31
A01136,C00223,Savings,2023-11-18,50178.22
A01137,C04365,Salary,2022-06-25,36355.56
A01138,C00901,Current,2022-05-06,44621.35
A01139,C02366,Savings,2022-05-03,20146.51
A01140,C04481,Savings,2023-03-02,37013.19
A01141,C01610,Fixed Deposit,2021-06-21,14345.37
A01142,C04722,Savings,2021-02-07,88521.58
A01143,C03291,Salary,2021-10-26,21921.05
A01144,C01224,Salary,2024-07-13,22783.3
A01145,C01908,Savings,2023-11-17,15659.32
A01146,C01363,Savings,2022-10-10,41193.65
A01147,C02752,Savings,2023-01-18,22461.97
A01148,C03970,Current,2025-01-15,63999.72
A01149,C01269,Current,2025-02-01,14116.86
A01150,C04938,Salary,2024-01-14,41124.08
A01151,C01232,Salary,2023-07-15,53266.76
A01152,C04069,Salary,2021-01-13,74398.11
A01153,C01748,Savings,2025-05-13,66175.15
A01154,C02559,Salary,2021-09-16,16054.13
A01155,C00738,Savings,2023-09-07,38606.35
A01156,C04437,Savings,2024-01-29,33066.3
A01157,C02980,Salary,2022-09-08,14144.31
A01158,C01952,Salary,2024-07-08,35455.54
A01159,C01782,Savings,2021-10-05,10356.35
A01160,C00530,Salary,2023-08-12,44878.72
A01161,C04130,Savings,2023-12-26,107512.66
A01162,C04419,Salary,2025-06-13,89220.55
A01163,C01205,Savings,2023-03-19,51648.43
A01164,C01987,Savings,2025-06-12,45828.58
A01165,C00347,Salary,2024-11-02,32751.62
A01166,C01216,Current,2025-03-21,253823.03
A01167,C02769,Current,2022-10-18,29953.59
A01168,C00245,Current,2024-02-15,11103.12
A01169,C02726,Fixed Deposit,2023-02-22,129892.19
A01170,C03052,Salary,2022-05-14,54991.04
A01171,C00133,Salary,2021-07-24,13444.07
A01172,C01371,Salary,2022-08-10,25405.79
A01173,C02097,Salary,2024-01-09,42283.74
A01174,C01088,Savings,2023-11-08,21847.46
A01175,C01648,Current,2022-09-06,82931.3
A01176,C01892,Current,2023-09-27,18030.25
A01177,C01721,Savings,2022-10-06,28962.31
A01178,C04003,Current,2023-04-01,24857.18
A01179,C02261,Savings,2021-02-27,54476.36
A01180,C00119,Savings,2024-02-10,64176.95
A01181,C02904,Salary,2022-08-20,54401.74
A01182,C02809,Savings,2021-11-11,6890.48
A01183,C00895,Current,2021-06-11,42059.25
A01184,C01266,Savings,2021-11-20,55801.03
A01185,C00363,Current,2022-12-19,61883.27
A01186,C01774,Savings,2024-09-16,30954.5
A01187,C00314,Savings,2022-08-03,37094.32
A01188,C01707,Salary,2023-06-18,21768.41
A01189,C03466,Savings,2023-01-30,114710.69
A01190,C04368,Savings,2022-05-17,10858.12
A01191,C01790,Savings,2021-02-26,54528.71
A01192,C02394,Savings,2024-04-03,14829.42
A01193,C03611,Savings,2024-04-04,23585.49
A01194,C03695,Savings,2021-10-24,35052.46
A01195,C02281,Current,2023-10-25,6079.93
A01196,C00990,Salary,2022-02-14,10364.57
A01197,C03681,Current,2023-03-18,8594.07
A01198,C02464,Current,2024-02-04,53284.49
A01199,C00905,Savings,2022-09-12,91236.56
A01200,C03045,Salary,2023-02-18,8635.96
A01201,C03398,Savings,2023-02-18,30940.69
A01202,C03998,Fixed Deposit,2022-07-20,83689.09
A01203,C04840,Savings,2023-09-25,46318.55
A01204,C00911,Fixed Deposit,2021-06-15,398528.71
A01205,C02608,Current,2024-07-01,41698.78
A01206,C01746,Savings,2023-02-27,15752.28
A01207,C02124,Fixed Deposit,2022-10-28,128241.77
A01208,C04343,Savings,2021-05-08,152075.76
A01209,C01852,Salary,2025-02-18,11253.8
A01210,C04672,Salary,2021-03-17,58731.13
A01211,C03766,Savings,2023-06-06,37259.72
A01212,C01616,Savings,2024-05-29,15404.26
A01213,C02391,Current,2023-02-21,20441.75
A01214,C02763,Salary,2022-03-10,152126.04
A01215,C01206,Salary,2022-09-27,72792.02
A01216,C04027,Salary,2025-04-10,53244.2
A01217,C02680,Savings,2025-01-02,9483.34
A01218,C02447,Salary,2024-12-29,66625.04
A01219,C03313,Fixed Deposit,2025-06-30,178519.59
A01220,C04388,Savings,2025-06-30,10622.29
A01221,C02102,Savings,2022-09-07,37033.37
A01222,C03217,Savings,2023-09-13,89978.87
A01223,C03670,Salary,2022-06-10,79696.18
A01224,C03031,Savings,2024-03-02,64600.26
A01225,C02525,Salary,2022-03-17,37795.88
A01226,C04118,Fixed Deposit,2025-04-07,173664.83
A01227,C03308,Savings,2022-08-10,41987.81
A01228,C02743,Current,2022-01-26,59710.67
A01229,C01962,Savings,2021-09-01,49462.04
A01230,C04626,Savings,2023-02-07,13949.03
A01231,C03622,Savings,2024-03-15,15843.83
A01232,C00101,Salary,2022-02-19,9830.06
A01233,C01314,Current,2022-03-03,25741.7
A01234,C03449,Fixed Deposit,2024-05-20,135733.57
A01235,C03245,Savings,2021-09-06,49270.16
A01236,C01902,Current,2023-11-25,35269.01
A01237,C04675,Salary,2023-04-19,123377.42
A01238,C01215,Savings,2021-09-10,27640.54
A01239,C03627,Savings,2023-05-12,60055.62
A01240,C00790,Salary,2023-03-30,26720.09
A01241,C01367,Salary,2023-05-12,9436.47
A01242,C03624,Savings,2024-08-02,18447.93
A01243,C00503,Current,2021-07-29,18011.14
A01244,C00173,Fixed Deposit,2021-04-20,18186.46
A01245,C00887,Savings,2021-11-26,31668.42
A01246,C01418,Savings,2021-05-22,18622.39
A01247,C03533,Current,2022-11-07,139769.44
A01248,C04369,Savings,2021-03-28,29412.32
A01249,C03430,Current,2021-05-20,17096.73
A01250,C01410,Savings,2024-09-17,13641.28
A01251,C02924,Salary,2022-11-05,13233.32
A01252,C04954,Salary,2021-01-26,80007.16
A01253,C01911,Savings,2022-10-08,86556.7
A01254,C00261,Savings,2023-06-30,6018.98
A01255,C03353,Salary,2021-12-28,254414.47
A01256,C01353,Savings,2021-12-26,38920.06
A01257,C01500,Current,2024-05-23,91126.62
A01258,C04374,Savings,2023-09-23,17637.77
A01259,C02141,Savings,2021-03-18,14975.56
A01260,C03007,Savings,2021-04-05,29041.11
A01261,C03619,Savings,2023-08-15,50902.79
A01262,C00823,Savings,2023-09-24,44225.6
A01263,C00532,Salary,2021-08-06,104033.5
A01264,C02821,Current,2022-01-03,7394.03
A01265,C00167,Current,2021-02-21,82155.7
A01266,C04927,Savings,2024-07-21,57671.3
A01267,C04332,Savings,2025-01-07,48094.34
A01268,C01056,Savings,2022-11-18,10803.56
A01269,C01255,Savings,2023-04-05,17701.01
A01270,C04287,Salary,2021-02-02,64479.13
A01271,C04008,Salary,2023-05-22,3981.77
A01272,C04709,Savings,2024-12-10,6588.65
A01273,C01532,Salary,2022-10-06,54916.48
A01274,C03529,Savings,2022-03-01,60240.01
A01275,C04043,Salary,2023-02-26,18571.29
A01276,C00973,Salary,2023-10-28,18523.49
A01277,C03825,Savings,2022-05-10,85498.7
A01278,C04745,Current,2023-01-09,80672.83
A01279,C00106,Current,2023-02-06,26748.5
A01280,C01605,Savings,2024-10-09,12023.23
A01281,C03774,Salary,2022-11-27,136980.82
A01282,C04288,Salary,2021-07-18,11404.16
A01283,C01003,Salary,2022-12-16,66727.01
A01284,C04731,Current,2022-03-11,106972.0
A01285,C00085,Savings,2024-03-05,36096.08
A01286,C02996,Savings,2021-10-15,21379.14
A01287,C04824,Savings,2022-12-20,8494.94
A01288,C03288,Savings,2022-07-21,38412.5
A01289,C04166,Fixed Deposit,2023-03-22,17522.3
A01290,C00154,Savings,2022-02-12,47863.01
A01291,C01462,Salary,2023-07-06,5865.34
A01292,C02813,Salary,2023-06-29,8029.74
A01293,C02020,Salary,2022-12-18,40877.91
A01294,C01098,Savings,2023-04-05,77319.32
A01295,C00571,Savings,2024-09-21,28116.29
A01296,C00149,Savings,2023-10-23,93492.8
A01297,C03578,Fixed Deposit,2021-07-04,39454.49
A01298,C02692,Salary,2022-11-05,257795.8
A01299,C02110,Savings,2025-05-04,10962.98
A01300,C01919,Savings,2022-08-25,19117.24
A01301,C04870,Current,2025-01-01,122534.4
A01302,C03656,Savings,2023-02-02,28782.17
A01303,C01713,Salary,2021-01-22,85363.18
A01304,C02493,Salary,2021-07-31,11049.37
A01305,C01345,Salary,2022-04-22,15409.58
A01306,C03966,Salary,2022-04-11,62204.19
A01307,C01107,Current,2023-09-16,9957.26
A01308,C03506,Savings,2024-06-11,12186.12
A01309,C04113,Salary,2021-06-21,32855.57
A01310,C00583,Salary,2025-06-15,118895.18
A01311,C04351,Savings,2022-11-06,50537.45
A01312,C02691,Savings,2023-03-08,30108.5
A01313,C04657,Savings,2025-03-22,42114.04
A01314,C02581,Salary,2021-09-01,7586.09
A01315,C00320,Savings,2022-02-25,21550.31
A01316,C04316,Salary,2022-01-14,54004.93
A01317,C04795,Savings,2025-02-05,44953.82
A01318,C01438,Salary,2021-12-07,62975.86
A01319,C00032,Current,2023-08-12,68277.8
A01320,C00715,Savings,2022-11-02,44526.96
A01321,C01040,Savings,2021-05-03,3779.64
A01322,C00409,Savings,2023-05-22,49159.05
A01323,C01128,Salary,2022-03-10,23435.66
A01324,C00707,Salary,2021-07-07,25644.08
A01325,C03840,Savings,2023-11-04,25981.37
A01326,C03024,Current,2021-03-11,47221.26
A01327,C03660,Savings,2022-10-13,9673.56
A01328,C00783,Salary,2024-12-05,7751.76
A01329,C02180,Savings,2023-04-17,11917.01
A01330,C01179,Salary,2022-08-14,83082.1
A01331,C02407,Current,2021-11-14,24502.83
A01332,C02808,Current,2022-03-13,57236.31
A01333,C04261,Savings,2025-06-04,55934.97
A01334,C02765,Savings,2024-03-15,51900.95
A01335,C02725,Current,2021-08-15,58338.9
A01336,C02536,Savings,2024-11-06,22696.21
A01337,C00213,Savings,2021-06-29,66299.04
A01338,C01949,Salary,2022-06-20,51208.19
A01339,C04862,Savings,2024-01-28,8711.86
A01340,C03147,Savings,2024-11-15,38310.1
A01341,C01202,Salary,2021-09-27,31748.63
A01342,C01820,Salary,2023-08-04,55082.94
A01343,C02890,Savings,2024-01-23,37165.17
A01344,C00645,Salary,2025-01-26,29269.62
A01345,C02360,Salary,2022-10-21,147370.8
A01346,C04223,Fixed Deposit,2021-10-12,112959.61
A01347,C04473,Savings,2023-11-12,37668.44
A01348,C04321,Fixed Deposit,2021-01-02,23887.04
A01349,C03089,Savings,2021-04-13,40479.59
A01350,C00497,Savings,2023-11-26,16849.47
A01351,C02017,Savings,2021-10-01,8204.05
A01352,C00473,Savings,2023-12-11,25186.05
A01353,C01889,Salary,2024-03-12,26628.25
A01354,C03383,Current,2023-06-15,91742.85
A01355,C01161,Savings,2025-02-15,87217.31
A01356,C02523,Savings,2021-01-17,66321.97
A01357,C04313,Savings,2025-06-01,33555.27
A01358,C00196,Savings,2024-07-25,33972.31
A01359,C02249,Savings,2025-01-01,59862.03
A01360,C04462,Savings,2022-03-12,64791.91
A01361,C02767,Savings,2024-11-08,50051.48
A01362,C01552,Savings,2023-05-08,57394.58
A01363,C02448,Salary,2022-11-17,34163.82
A01364,C04310,Savings,2024-03-01,28170.89
A01365,C02389,Savings,2021-09-20,4923.01
A01366,C03007,Savings,2022-01-29,26740.66
A01367,C00119,Savings,2021-07-27,18951.7
A01368,C03497,Current,2023-03-19,39645.4
A01369,C01717,Fixed Deposit,2024-06-03,35563.05
A01370,C02884,Salary,2022-04-10,41091.84
A01371,C04938,Salary,2021-12-24,6780.84
A01372,C02915,Savings,2024-03-13,15253.65
A01373,C01673,Savings,2021-12-20,19079.43
A01374,C01203,Current,2024-06-28,14115.9
A01375,C01456,Salary,2022-01-11,600862.63
A01376,C04662,Salary,2023-09-16,5846.82
A01377,C03979,Savings,2024-06-22,66693.42
A01378,C02472,Savings,2021-01-18,89001.73
A01379,C00118,Savings,2022-12-17,24407.94
A01380,C00368,Savings,2022-04-30,48962.69
A01381,C03177,Salary,2023-10-23,62906.89
A01382,C03375,Savings,2023-08-08,41031.67
A01383,C03813,Savings,2022-01-11,7413.02
A01384,C02198,Salary,2023-07-03,52386.3
A01385,C04912,Savings,2022-07-20,87031.49
A01386,C02130,Savings,2024-04-04,232642.32
A01387,C00901,Savings,2023-05-15,10501.77
A01388,C00193,Savings,2024-09-14,31098.99
A01389,C02771,Savings,2025-01-11,35400.04
A01390,C03349,Current,2024-01-21,33201.05
A01391,C00951,Salary,2025-03-24,8053.58
A01392,C03607,Salary,2024-06-29,97906.83
A01393,C00258,Current,2022-09-04,89063.37
A01394,C01222,Salary,2023-11-29,50967.7
A01395,C00651,Savings,2022-03-12,24762.09
A01396,C02319,Salary,2022-10-10,29912.15
A01397,C04492,Savings,2021-12-28,28064.64
A01398,C02426,Savings,2022-07-16,10386.52
A01399,C00923,Savings,2021-03-24,68241.02
A01400,C03160,Savings,2023-11-17,37104.87
A01401,C00398,Fixed Deposit,2025-06-01,121275.72
A01402,C02915,Savings,2021-01-21,45841.54
A01403,C00561,Savings,2024-05-26,14692.83
A01404,C00190,Current,2023-12-05,15791.85
A01405,C00205,Savings,2023-08-12,118462.02
A01406,C03016,Salary,2024-12-01,60099.05
A01407,C04140,Salary,2022-11-25,25793.11
A01408,C03372,Savings,2023-03-09,60134.9
A01409,C03042,Savings,2022-04-24,16576.55
A01410,C01706,Savings,2023-05-13,96483.12
A01411,C00713,Savings,2022-10-18,10702.53
A01412,C03457,Savings,2025-05-07,43351.59
A01413,C02685,Savings,2023-02-02,32115.98
A01414,C04407,Salary,2022-09-10,36743.19
A01415,C04974,Savings,2022-12-12,65253.52
A01416,C03600,Savings,2021-12-03,89406.48
A01417,C04953,Savings,2024-03-17,25060.93
A01418,C02322,Salary,2025-06-27,6049.43
A01419,C03878,Savings,2024-12-05,7745.76
A01420,C03523,Savings,2025-03-18,25749.46
A01421,C04627,Savings,2023-02-07,37453.19
A01422,C04113,Savings,2025-05-15,50908.57
A01423,C02766,Savings,2023-03-30,43139.48
A01424,C04566,Fixed Deposit,2022-01-20,145691.75
A01425,C04907,Salary,2025-02-14,183772.52
A01426,C00555,Salary,2025-06-15,39600.74
A01427,C02141,Salary,2024-01-30,50250.74
A01428,C04978,Salary,2024-02-12,18238.77
A01429,C02679,Salary,2023-10-18,38154.04
A01430,C04917,Savings,2024-07-09,43747.37
A01431,C00584,Current,2024-12-16,41713.88
A01432,C04942,Savings,2023-12-14,18478.8
A01433,C01997,Savings,2024-04-26,42126.93
A01434,C00842,Savings,2025-04-12,39440.76
A01435,C02376,Current,2022-08-15,48296.29
A01436,C04039,Savings,2024-04-28,25323.95
A01437,C01805,Current,2023-04-11,36673.63
A01438,C00730,Salary,2025-06-15,257661.86
A01439,C04350,Savings,2025-04-20,38142.09
A01440,C01464,Savings,2023-12-18,95213.59
A01441,C04947,Savings,2022-05-18,130996.28
A01442,C02168,Savings,2021-07-08,9825.38
A01443,C04918,Current,2025-04-21,30351.01
A01444,C01573,Salary,2023-05-20,31615.53
A01445,C04967,Savings,2025-06-16,222518.54
A01446,C01394,Salary,2025-05-11,197736.07
A01447,C00257,Salary,2022-08-02,9815.34
A01448,C00128,Savings,2024-08-29,14688.08
A01449,C01383,Salary,2024-04-07,109411.84
A01450,C03729,Savings,2023-03-10,22693.24
A01451,C04652,Salary,2021-05-11,65097.07
A01452,C02701,Savings,2022-11-09,29820.5
A01453,C03148,Salary,2023-08-07,13848.6
A01454,C02206,Savings,2025-05-07,117480.12
A01455,C04181,Fixed Deposit,2021-06-01,33977.99
A01456,C00322,Savings,2023-07-11,32315.78
A01457,C02357,Savings,2024-02-03,13080.61
A01458,C04380,Current,2024-10-22,13365.43
A01459,C03114,Salary,2024-01-21,38300.91
A01460,C01918,Salary,2022-12-14,15424.31
A01461,C03957,Fixed Deposit,2023-03-16,253863.56
A01462,C04710,Salary,2022-03-08,67514.0
A01463,C02697,Current,2025-05-22,74171.5
A01464,C01517,Savings,2024-08-21,27899.83
A01465,C03294,Savings,2021-01-28,28601.41
A01466,C04325,Fixed Deposit,2024-08-04,97451.1
A01467,C03046,Fixed Deposit,2021-12-21,5733.45
A01468,C00119,Savings,2025-04-17,24106.34
A01469,C02372,Current,2022-11-09,7055.69
A01470,C04416,Salary,2024-11-28,44559.75
A01471,C03919,Current,2021-05-16,12823.6
A01472,C03261,Salary,2023-12-28,32570.51
A01473,C02586,Savings,2021-06-03,16340.18
A01474,C04797,Salary,2025-01-26,131235.48
A01475,C02442,Savings,2021-11-22,277895.7
A01476,C02700,Current,2023-03-27,82885.09
A01477,C01018,Savings,2024-01-25,87174.1
A01478,C04502,Current,2024-05-05,34949.07
A01479,C03048,Current,2021-04-18,20633.88
A01480,C02069,Salary,2023-12-06,6409.51
A01481,C03666,Current,2024-04-24,42775.19
A01482,C04251,Salary,2022-03-30,27695.19
A01483,C04963,Savings,2021-11-19,44440.99
A01484,C04655,Fixed Deposit,2021-10-12,34477.07
A01485,C00194,Savings,2024-01-12,9487.54
A01486,C02447,Current,2022-10-12,12797.68
A01487,C01400,Savings,2024-09-12,144133.72
A01488,C02520,Savings,2023-01-19,207275.54
A01489,C03928,Savings,2022-03-25,8826.27
A01490,C03688,Fixed Deposit,2021-11-17,35754.35
A01491,C04898,Savings,2024-03-14,7542.14
A01492,C00553,Savings,2021-10-05,38373.71
A01493,C00730,Salary,2022-09-04,39280.49
A01494,C02561,Savings,2023-11-04,32720.34
A01495,C03998,Salary,2024-07-09,23078.53
A01496,C04267,Salary,2022-02-18,45281.61
A01497,C04946,Salary,2022-05-09,65258.47
A01498,C00794,Savings,2021-02-16,67807.57
A01499,C00125,Savings,2022-10-18,108880.58
A01500,C00175,Savings,2024-05-04,26524.31
A01501,C02552,Savings,2024-08-06,21444.35
A01502,C03849,Savings,2023-02-08,85606.67
A01503,C03457,Salary,2022-03-08,21897.57
A01504,C02759,Current,2025-03-24,29965.08
A01505,C03840,Savings,2024-09-09,22184.39
A01506,C03756,Savings,2023-08-14,167422.4
A01507,C03643,Current,2024-12-23,61475.45
A01508,C04202,Savings,2024-08-09,13081.24
A01509,C01971,Salary,2022-01-12,36271.38
A01510,C01661,Savings,2025-04-08,52298.76
A01511,C02576,Salary,2024-01-13,13217.77
A01512,C00038,Salary,2024-10-28,49954.88
A01513,C04491,Fixed Deposit,2023-11-14,57066.75
A01514,C02525,Savings,2023-06-28,12056.34
A01515,C04818,Savings,2021-11-21,10805.22
A01516,C03577,Current,2021-11-12,124486.9
A01517,C01309,Salary,2025-04-23,17070.32
A01518,C03536,Salary,2021-08-09,89968.85
A01519,C04461,Current,2021-08-02,65578.67
A01520,C02229,Savings,2025-02-04,20722.25
A01521,C04830,Savings,2023-04-25,56901.2
A01522,C02924,Savings,2025-02-23,48794.02
A01523,C03042,Current,2024-01-14,82124.18
A01524,C02709,Savings,2022-01-20,42502.45
A01525,C04340,Savings,2023-10-25,26937.42
A01526,C04409,Current,2024-02-12,119532.38
A01527,C04172,Fixed Deposit,2024-05-23,126205.22
A01528,C03953,Salary,2024-09-21,20354.32
A01529,C02310,Salary,2023-05-27,30983.9
A01530,C00231,Fixed Deposit,2022-10-15,210561.32
A01531,C02751,Savings,2024-04-05,139919.66
A01532,C02694,Savings,2021-10-14,30933.96
A01533,C02805,Salary,2025-02-27,56319.52
A01534,C00842,Savings,2022-01-19,50251.6
A01535,C03584,Savings,2023-10-15,13490.37
A01536,C04612,Savings,2023-04-27,57458.06
A01537,C02490,Current,2022-06-01,5233.97
A01538,C04915,Savings,2021-05-07,82351.25
A01539,C03535,Savings,2024-12-27,58031.87
A01540,C00608,Savings,2024-01-15,2384.58
A01541,C04619,Savings,2025-06-10,15239.41
A01542,C03961,Fixed Deposit,2025-04-09,13394.47
A01543,C04258,Fixed Deposit,2023-12-05,25978.36
A01544,C02032,Salary,2022-09-15,40959.41
A01545,C00202,Fixed Deposit,2021-10-17,313587.47
A01546,C01365,Savings,2022-11-28,57827.16
A01547,C00752,Salary,2024-06-12,25799.81
A01548,C01206,Savings,2021-06-06,69264.95
A01549,C01321,Salary,2022-02-10,63445.01
A01550,C03888,Savings,2025-03-09,133516.25
A01551,C01331,Salary,2024-02-20,77173.83
A01552,C00431,Savings,2024-06-01,36498.59
A01553,C02166,Savings,2023-05-27,9361.61
A01554,C04684,Salary,2023-11-13,122356.23
A01555,C03118,Salary,2021-07-16,32477.2
A01556,C02275,Current,2022-04-24,16321.43
A01557,C03366,Salary,2021-10-12,6088.46
A01558,C01264,Savings,2025-03-22,12905.58
A01559,C02396,Salary,2021-11-04,52163.14
A01560,C04237,Savings,2021-12-11,25578.87
A01561,C04300,Salary,2025-06-13,88663.07
A01562,C03734,Current,2023-10-18,155995.63
A01563,C01666,Fixed Deposit,2023-09-18,9570.26
A01564,C00861,Savings,2022-02-02,14530.28
A01565,C00845,Savings,2023-02-24,41142.8
A01566,C03043,Savings,2025-01-27,137623.09
A01567,C03341,Savings,2023-03-07,17085.42
A01568,C03490,Savings,2024-02-13,44486.04
A01569,C01939,Salary,2022-09-28,13611.56
A01570,C00137,Savings,2022-03-26,33668.01
A01571,C03233,Current,2023-02-11,41113.59
A01572,C02221,Savings,2024-11-28,27106.04
A01573,C01154,Savings,2022-11-12,158571.37
A01574,C04175,Current,2022-07-02,106003.16
A01575,C00979,Salary,2021-08-17,27248.22
A01576,C00569,Current,2021-09-01,28719.49
A01577,C02911,Savings,2021-03-06,74415.31
A01578,C02411,Savings,2024-06-14,37904.84
A01579,C03407,Salary,2023-08-04,36730.9
A01580,C00134,Salary,2023-10-24,19568.54
A01581,C02062,Fixed Deposit,2025-03-04,112051.24
A01582,C04379,Savings,2023-11-27,20418.15
A01583,C02854,Salary,2023-09-29,20412.35
A01584,C03731,Salary,2024-06-27,47109.8
A01585,C03493,Salary,2021-01-03,41210.37
A01586,C00127,Savings,2024-06-12,37437.13
A01587,C01796,Salary,2024-12-11,7091.73
A01588,C01850,Current,2023-08-13,44990.87
A01589,C04314,Current,2024-06-28,5963.69
A01590,C03977,Savings,2021-05-23,91132.93
A01591,C04841,Salary,2023-12-16,22066.27
A01592,C02728,Fixed Deposit,2021-03-02,75422.25
A01593,C03727,Salary,2021-03-09,21528.46
A01594,C03561,Salary,2021-03-20,47906.59
A01595,C00260,Salary,2024-09-12,12276.76
A01596,C01242,Salary,2022-01-02,192128.9
A01597,C01844,Savings,2023-08-16,19574.98
A01598,C01513,Savings,2025-04-08,79893.51
A01599,C04195,Salary,2022-06-10,13316.85
A01600,C04278,Savings,2022-01-25,25505.33
A01601,C02217,Salary,2024-08-05,18490.03
A01602,C02281,Salary,2022-06-05,21216.32
A01603,C00956,Current,2021-09-10,53145.35
A01604,C04568,Salary,2024-01-24,55307.8
A01605,C01109,Savings,2021-01-03,52410.35
A01606,C04775,Savings,2022-11-27,16563.56
A01607,C01543,Savings,2021-02-15,40809.63
A01608,C00381,Salary,2022-10-15,16953.25
A01609,C01256,Fixed Deposit,2022-06-09,244628.69
A01610,C02299,Savings,2025-02-14,15788.55
A01611,C02241,Savings,2025-06-09,23746.39
A01612,C01659,Savings,2022-02-22,38263.65
A01613,C02985,Current,2023-09-29,14483.39
A01614,C02649,Current,2023-12-03,64232.5
A01615,C03959,Current,2023-06-15,98980.29
A01616,C03372,Salary,2022-11-27,16401.33
A01617,C03430,Salary,2022-07-13,19715.82
A01618,C01581,Savings,2023-07-20,106361.81
A01619,C04861,Savings,2024-05-14,41367.18
A01620,C02933,Salary,2024-07-22,29780.54
A01621,C01587,Current,2022-08-18,18289.58
A01622,C02113,Savings,2024-01-26,26050.8
A01623,C03638,Savings,2024-04-17,31830.67
A01624,C04562,Salary,2023-05-17,64572.98
A01625,C04984,Savings,2024-03-17,36226.39
A01626,C02522,Salary,2022-01-19,16008.08
A01627,C03752,Current,2024-01-01,22684.75
A01628,C02703,Savings,2021-08-05,13276.64
A01629,C00019,Salary,2023-04-13,32234.63
A01630,C02570,Savings,2023-03-17,276168.99
A01631,C00784,Savings,2024-12-27,337505.99
A01632,C01707,Savings,2025-03-05,48754.1
A01633,C00415,Salary,2023-11-23,8204.92
A01634,C00364,Salary,2023-02-20,83572.54
A01635,C02576,Savings,2021-08-04,66206.5
A01636,C01104,Salary,2021-04-11,407721.4
A01637,C04892,Savings,2022-04-15,38836.92
A01638,C01172,Current,2021-06-29,24769.38
A01639,C01699,Current,2022-10-01,14784.93
A01640,C00443,Current,2024-09-18,76129.02
A01641,C03944,Savings,2025-02-20,30666.38
A01642,C04746,Savings,2025-01-23,28839.09
A01643,C04605,Savings,2022-01-12,23086.85
A01644,C04562,Savings,2022-11-12,263042.14
A01645,C02413,Salary,2023-03-28,25058.2
A01646,C02590,Savings,2024-03-04,68213.87
A01647,C01840,Savings,2025-06-17,55050.85
A01648,C01504,Savings,2024-12-04,4911.14
A01649,C00723,Current,2024-03-24,266178.2
A01650,C00842,Salary,2021-10-07,6853.21
A01651,C02348,Savings,2025-02-11,16139.6
A01652,C02222,Savings,2024-05-07,22990.18
A01653,C00646,Salary,2023-04-29,18907.01
A01654,C00024,Savings,2023-01-23,29551.2
A01655,C03273,Salary,2024-12-11,18127.48
A01656,C04827,Salary,2024-01-27,123127.09
A01657,C00007,Savings,2021-09-07,61808.88
A01658,C03702,Savings,2023-07-03,20771.73
A01659,C03233,Savings,2024-02-03,17103.05
A01660,C02926,Salary,2023-02-12,21841.4
A01661,C01272,Salary,2022-10-03,16079.66
A01662,C04262,Savings,2021-11-23,12344.26
A01663,C04524,Savings,2023-06-09,84277.89
A01664,C02193,Salary,2025-02-14,25561.89
A01665,C02557,Savings,2023-02-10,51823.05
A01666,C02955,Savings,2022-01-12,38504.56
A01667,C01600,Current,2023-11-05,133869.83
A01668,C01667,Salary,2022-11-27,81291.31
A01669,C04920,Savings,2022-04-26,50289.71
A01670,C01062,Savings,2023-11-06,286592.23
A01671,C04662,Salary,2022-07-29,19251.95
A01672,C03802,Savings,2022-04-30,30670.31
A01673,C01164,Current,2024-07-26,65369.44
A01674,C03880,Salary,2024-09-18,77644.71
A01675,C01282,Savings,2023-07-29,16467.82
A01676,C02665,Salary,2021-09-14,35223.78
A01677,C02896,Savings,2024-04-23,37048.73
A01678,C01209,Current,2025-05-31,295824.52
A01679,C00303,Current,2021-01-27,65913.82
A01680,C00756,Salary,2023-11-15,96054.06
A01681,C04260,Salary,2023-12-22,25600.0
A01682,C01227,Savings,2021-08-21,18482.62
A01683,C01234,Savings,2025-01-27,24800.55
A01684,C03518,Savings,2021-12-15,59460.3
A01685,C00898,Salary,2024-08-02,136993.17
A01686,C04879,Fixed Deposit,2022-02-18,18170.73
A01687,C03311,Savings,2025-06-08,215951.83
A01688,C04823,Current,2022-02-10,80636.98
A01689,C03363,Savings,2024-11-05,89405.57
A01690,C02420,Fixed Deposit,2024-04-08,151530.52
A01691,C02910,Savings,2024-08-06,25196.06
A01692,C01455,Current,2023-08-17,32369.92
A01693,C02328,Savings,2022-05-31,66997.53
A01694,C02364,Savings,2023-10-07,29001.76
A01695,C02013,Savings,2021-10-14,44832.43
A01696,C01101,Savings,2021-11-03,19983.44
A01697,C00816,Savings,2022-07-16,72805.18
A01698,C04247,Savings,2023-02-21,31991.51
A01699,C01321,Savings,2023-10-29,25227.64
A01700,C04765,Current,2021-12-23,17274.04
A01701,C04503,Salary,2022-08-04,19959.35
A01702,C02335,Salary,2021-05-19,11066.74
A01703,C04588,Salary,2025-03-15,53147.2
A01704,C01033,Savings,2024-06-25,21198.7
A01705,C01156,Salary,2025-04-14,34955.91
A01706,C01101,Savings,2024-04-21,108405.52
A01707,C02786,Savings,2022-02-27,32601.92
A01708,C00997,Savings,2022-02-01,31510.32
A01709,C01436,Savings,2023-04-12,34695.38
A01710,C02546,Savings,2021-11-01,47258.61
A01711,C03701,Savings,2023-11-09,23838.68
A01712,C04985,Savings,2024-11-07,78186.17
A01713,C00354,Savings,2021-08-14,40825.63
A01714,C02319,Salary,2024-06-07,22279.24
A01715,C04528,Current,2023-05-01,26669.48
A01716,C00739,Salary,2025-06-20,101588.44
A01717,C02520,Savings,2022-05-10,20096.83
A01718,C04604,Savings,2025-02-16,52997.01
A01719,C00055,Fixed Deposit,2022-09-19,100503.92
A01720,C02085,Savings,2024-10-14,13800.52
A01721,C00900,Salary,2024-10-28,9877.32
A01722,C02103,Current,2024-01-07,27156.74
A01723,C00524,Savings,2021-11-23,74978.17
A01724,C00463,Savings,2024-07-23,9665.86
A01725,C04793,Salary,2024-10-07,16560.43
A01726,C01502,Savings,2024-04-20,66519.72
A01727,C03877,Savings,2022-05-20,13880.57
A01728,C00716,Salary,2022-08-30,91183.48
A01729,C03298,Current,2025-06-10,394682.86
A01730,C02780,Salary,2024-11-13,17432.66
A01731,C03612,Savings,2022-08-30,136669.35
A01732,C00989,Salary,2024-09-20,48782.35
A01733,C01829,Savings,2023-10-01,17805.92
A01734,C00212,Savings,2025-01-09,152262.72
A01735,C03147,Salary,2022-05-24,52370.23
A01736,C00754,Savings,2022-10-19,105990.97
A01737,C03751,Current,2024-06-25,299871.3
A01738,C03690,Fixed Deposit,2024-08-09,59338.35
A01739,C03223,Current,2022-06-15,59717.09
A01740,C00436,Salary,2024-03-07,13308.6
A01741,C01902,Salary,2025-04-29,23893.08
A01742,C04180,Salary,2024-09-30,33748.19
A01743,C01236,Salary,2021-02-06,43934.0
A01744,C00779,Savings,2021-11-10,5345.82
A01745,C04930,Salary,2021-08-08,146356.09
A01746,C03853,Savings,2022-10-02,64259.76
A01747,C01961,Salary,2024-03-12,57815.86
A01748,C04273,Current,2024-11-28,229533.92
A01749,C01807,Salary,2022-02-08,156214.02
A01750,C03231,Salary,2025-04-28,31690.66
A01751,C01725,Current,2022-04-24,21748.54
A01752,C00186,Current,2022-12-23,63618.89
A01753,C01495,Salary,2023-07-26,146738.22
A01754,C01980,Savings,2025-05-03,31768.56
A01755,C04054,Savings,2023-04-04,80853.78
A01756,C00246,Savings,2021-08-08,168672.57
A01757,C04048,Current,2022-01-02,88380.5
A01758,C00384,Savings,2024-05-04,8643.32
A01759,C00285,Savings,2023-09-11,12390.73
A01760,C03995,Savings,2022-11-15,216366.44
A01761,C00300,Savings,2023-08-27,40087.66
A01762,C00901,Savings,2023-11-22,48877.65
A01763,C01460,Savings,2023-10-16,60553.17
A01764,C02922,Savings,2023-12-14,131763.57
A01765,C02534,Current,2022-02-27,17951.38
A01766,C00806,Savings,2023-10-01,25047.32
A01767,C02229,Fixed Deposit,2021-08-22,26448.59
A01768,C01922,Current,2023-04-09,5666.83
A01769,C04973,Savings,2023-01-13,52524.53
A01770,C04790,Savings,2024-02-08,16659.74
A01771,C02388,Salary,2023-09-14,86361.42
A01772,C02539,Savings,2023-05-29,21036.02
A01773,C01997,Fixed Deposit,2024-01-29,19453.7
A01774,C04826,Savings,2024-05-19,93790.0
A01775,C02504,Current,2023-01-03,58139.52
A01776,C00105,Fixed Deposit,2024-11-27,56319.62
A01777,C00439,Current,2024-03-19,32909.18
A01778,C01522,Fixed Deposit,2022-11-06,112249.93
A01779,C01352,Salary,2024-11-18,167957.32
A01780,C02699,Fixed Deposit,2022-10-17,93838.5
A01781,C03613,Salary,2021-09-15,55427.97
A01782,C00509,Savings,2024-06-22,24069.04
A01783,C04347,Savings,2023-09-29,29359.62
A01784,C04975,Savings,2024-03-19,1838.74
A01785,C01275,Fixed Deposit,2022-09-16,27970.42
A01786,C02823,Savings,2021-04-09,13924.77
A01787,C00064,Savings,2024-02-01,13592.27
A01788,C03922,Salary,2021-01-12,25752.6
A01789,C04416,Savings,2024-06-03,28334.03
A01790,C00860,Current,2023-03-24,13924.39
A01791,C02828,Fixed Deposit,2025-01-05,202901.42
A01792,C01548,Current,2024-03-17,62261.16
A01793,C02077,Current,2021-06-28,43725.23
A01794,C00437,Salary,2023-10-28,64924.82
A01795,C03658,Current,2021-06-01,7728.64
A01796,C00763,Savings,2023-04-15,7534.29
A01797,C00736,Savings,2022-08-05,108704.33
A01798,C03665,Savings,2024-10-08,309786.43
A01799,C04095,Current,2022-07-19,38141.33
A01800,C04729,Current,2024-12-11,275241.01
A01801,C01579,Savings,2025-06-17,36353.77
A01802,C03730,Current,2025-05-13,19191.62
A01803,C01077,Current,2021-07-15,87748.96
A01804,C02281,Savings,2021-11-21,5241.39
A01805,C01831,Savings,2022-04-27,21404.53
A01806,C01899,Salary,2021-07-27,17243.12
A01807,C04296,Salary,2023-07-25,12335.02
A01808,C00674,Savings,2024-08-19,23188.38
A01809,C00549,Salary,2024-08-15,47165.03
A01810,C00937,Savings,2023-08-15,118221.98
A01811,C04145,Salary,2022-03-02,92723.98
A01812,C00896,Savings,2023-12-22,8653.1
A01813,C02570,Fixed Deposit,2024-05-03,513334.58
A01814,C02088,Current,2022-07-21,111492.9
A01815,C00914,Current,2024-10-18,37663.3
A01816,C01177,Salary,2025-05-04,121892.96
A01817,C04772,Savings,2022-09-10,15848.49
A01818,C04866,Salary,2023-08-03,77663.64
A01819,C04307,Savings,2024-01-07,6366.9
A01820,C03274,Savings,2023-06-06,27542.94
A01821,C04243,Salary,2023-07-18,123969.68
A01822,C01523,Savings,2021-10-11,24043.47
A01823,C02803,Savings,2023-12-17,25011.8
A01824,C03123,Salary,2022-11-12,21085.55
A01825,C04591,Fixed Deposit,2022-01-11,54736.52
A01826,C02457,Current,2022-01-11,14609.09
A01827,C01650,Salary,2023-02-11,150809.06
A01828,C02321,Fixed Deposit,2023-02-27,22216.37
A01829,C02506,Current,2022-01-08,48606.88
A01830,C01144,Salary,2023-05-07,77732.37
A01831,C03773,Savings,2021-09-01,18727.68
A01832,C00046,Salary,2023-02-01,9793.15
A01833,C03315,Savings,2023-11-29,21585.78
A01834,C04407,Salary,2024-08-25,25432.51
A01835,C02610,Salary,2022-09-25,83031.68
A01836,C04427,Savings,2021-03-27,31790.67
A01837,C04107,Current,2021-04-09,36397.47
A01838,C03120,Salary,2022-01-09,10252.32
A01839,C01401,Salary,2023-01-28,30502.59
A01840,C01592,Savings,2025-02-27,132300.31
A01841,C00008,Salary,2024-05-16,97403.0
A01842,C00984,Savings,2022-09-17,23093.12
A01843,C03598,Salary,2023-09-10,76660.74
A01844,C01751,Savings,2021-03-24,32013.49
A01845,C03512,Savings,2025-05-20,57169.81
A01846,C03829,Savings,2021-01-01,27859.02
A01847,C00566,Savings,2022-03-13,15214.99
A01848,C02321,Salary,2022-11-17,14532.36
A01849,C00901,Savings,2021-09-07,58351.54
A01850,C02179,Salary,2022-02-14,3354.65
A01851,C03593,Fixed Deposit,2023-01-08,170375.54
A01852,C02772,Salary,2024-11-10,29251.47
A01853,C00114,Savings,2024-01-13,20369.12
A01854,C00532,Current,2022-05-05,89219.59
A01855,C01523,Savings,2021-08-27,3010.57
A01856,C03411,Savings,2023-07-12,55045.57
A01857,C01045,Salary,2022-06-24,158994.09
A01858,C00033,Savings,2022-01-15,10565.78
A01859,C00133,Salary,2023-03-10,24123.49
A01860,C02968,Savings,2023-08-01,54571.24
A01861,C01727,Savings,2024-11-15,8833.9
A01862,C00026,Savings,2024-09-13,45318.24
A01863,C02649,Salary,2025-02-12,407854.84
A01864,C04641,Savings,2024-08-20,48749.73
A01865,C01262,Savings,2024-07-29,47318.62
A01866,C02066,Salary,2022-11-26,12289.81
A01867,C03346,Fixed Deposit,2024-09-30,216326.41
A01868,C00934,Current,2021-05-15,3124.54
A01869,C01051,Savings,2025-01-31,35137.89
A01870,C00817,Savings,2021-12-27,82802.3
A01871,C04204,Salary,2022-07-23,3828.14
A01872,C00738,Current,2024-02-13,5926.33
A01873,C02915,Fixed Deposit,2021-07-05,17293.05
A01874,C03603,Current,2022-04-23,124942.09
A01875,C00793,Savings,2023-06-07,20478.93
A01876,C03176,Savings,2021-01-01,81380.28
A01877,C01356,Salary,2023-04-30,70382.28
A01878,C01386,Savings,2023-08-26,8147.55
A01879,C03993,Fixed Deposit,2022-06-25,46041.89
A01880,C04385,Savings,2023-09-19,29577.63
A01881,C01061,Current,2024-12-18,57523.25
A01882,C01372,Savings,2022-12-03,44575.68
A01883,C04139,Savings,2021-09-27,34231.22
A01884,C01150,Salary,2023-06-17,103598.24
A01885,C03203,Current,2022-02-23,102265.54
A01886,C03354,Savings,2024-09-12,9863.59
A01887,C02943,Savings,2021-07-14,24253.98
A01888,C04629,Salary,2021-09-12,37367.78
A01889,C03449,Salary,2021-03-20,39188.51
A01890,C03048,Savings,2024-01-27,59614.27
A01891,C02711,Salary,2024-03-19,50808.21
A01892,C01501,Savings,2023-02-25,62068.22
A01893,C00069,Salary,2023-03-25,68996.94
A01894,C01867,Salary,2022-03-23,28151.24
A01895,C01949,Savings,2021-05-03,26809.39
A01896,C03902,Salary,2025-06-22,127442.55
A01897,C03509,Savings,2022-11-07,23231.77
A01898,C00301,Savings,2025-05-01,70671.47
A01899,C04123,Current,2021-12-25,18396.85
A01900,C02978,Savings,2021-08-27,49078.13
A01901,C02601,Salary,2023-03-16,52384.38
A01902,C02154,Savings,2025-04-03,65125.2
A01903,C04682,Salary,2022-11-14,151942.98
A01904,C04906,Savings,2022-10-31,14774.69
A01905,C04730,Savings,2021-07-23,41535.67
A01906,C04019,Current,2021-05-23,65912.83
A01907,C03083,Savings,2021-07-06,66073.57
A01908,C04755,Fixed Deposit,2025-02-20,49477.23
A01909,C01240,Current,2021-05-02,51339.53
A01910,C02934,Savings,2024-10-05,35702.11
A01911,C02369,Salary,2024-01-29,70684.61
A01912,C00460,Savings,2021-10-11,33829.5
A01913,C04029,Savings,2023-08-07,34284.08
A01914,C02627,Current,2022-06-11,46347.03
A01915,C03764,Salary,2022-01-19,23173.46
A01916,C02802,Salary,2025-04-28,18337.52
A01917,C04256,Salary,2023-06-17,11007.02
A01918,C00464,Salary,2021-07-06,32163.4
A01919,C00998,Salary,2023-10-29,18742.7
A01920,C03007,Salary,2022-09-16,27813.64
A01921,C01679,Savings,2022-06-29,110686.95
A01922,C00865,Savings,2024-12-13,28618.44
A01923,C01191,Savings,2023-07-03,112643.97
A01924,C02698,Salary,2021-03-31,51375.51
A01925,C02375,Salary,2022-05-11,28185.68
A01926,C00865,Current,2023-08-18,14500.87
A01927,C02577,Savings,2021-04-26,32791.4
A01928,C03916,Savings,2022-11-16,25294.1
A01929,C02927,Salary,2023-11-10,105429.69
A01930,C04430,Savings,2021-05-12,213615.57
A01931,C02398,Salary,2024-08-08,91868.67
A01932,C02222,Savings,2024-10-09,18645.89
A01933,C01783,Current,2024-06-14,38152.95
A01934,C03999,Current,2025-06-01,29610.24
A01935,C02804,Salary,2021-08-11,21366.96
A01936,C04168,Savings,2022-03-12,33460.88
A01937,C04548,Current,2023-11-29,32238.48
A01938,C02959,Current,2021-11-23,189666.26
A01939,C01779,Fixed Deposit,2024-05-17,87886.67
A01940,C00826,Current,2021-04-16,76367.52
A01941,C03662,Savings,2022-10-14,93298.85
A01942,C03370,Salary,2024-06-26,71661.82
A01943,C03096,Current,2022-07-21,124042.21
A01944,C02158,Salary,2022-09-22,25992.82
A01945,C00052,Savings,2022-11-19,86127.02
A01946,C03362,Savings,2024-10-09,212294.71
A01947,C03516,Fixed Deposit,2022-04-15,34165.01
A01948,C04563,Fixed Deposit,2022-12-26,48147.57
A01949,C03331,Savings,2021-09-22,25000.32
A01950,C01675,Savings,2025-01-27,252710.15
A01951,C02866,Savings,2023-04-17,13944.8
A01952,C01362,Savings,2023-05-01,40106.2
A01953,C00787,Savings,2025-01-04,56552.77
A01954,C00556,Savings,2024-07-31,22151.44
A01955,C02040,Salary,2023-02-24,14878.67
A01956,C01763,Savings,2022-06-18,17364.01
A01957,C02113,Salary,2022-01-04,28987.0
A01958,C02211,Salary,2022-11-30,22443.74
A01959,C01702,Salary,2025-02-27,133114.33
A01960,C02087,Current,2023-08-04,22620.28
A01961,C02713,Current,2021-06-03,22420.56
A01962,C02408,Salary,2022-09-12,51793.94
A01963,C02317,Salary,2021-11-12,47160.62
A01964,C01611,Savings,2024-08-16,2062.24
A01965,C04353,Savings,2025-01-03,16609.39
A01966,C04706,Salary,2023-03-22,23044.57
A01967,C01128,Current,2021-05-31,14614.82
A01968,C00905,Fixed Deposit,2024-11-30,155431.31
A01969,C00164,Savings,2021-06-24,9450.03
A01970,C01137,Savings,2023-12-15,93517.94
A01971,C04711,Savings,2023-02-18,5410.36
A01972,C02026,Savings,2024-08-27,39060.51
A01973,C00106,Current,2021-06-03,148408.41
A01974,C04795,Salary,2025-03-04,21263.01
A01975,C04460,Salary,2022-05-16,37088.96
A01976,C03093,Savings,2024-04-28,91573.81
A01977,C02022,Salary,2022-05-21,89270.61
A01978,C01153,Current,2021-05-29,47672.93
A01979,C00699,Current,2021-01-08,30831.05
A01980,C03868,Salary,2022-08-16,30548.8
A01981,C03271,Current,2022-08-14,10393.34
A01982,C00747,Savings,2022-04-14,14438.45
A01983,C00961,Salary,2021-11-17,37512.69
A01984,C03492,Salary,2022-07-26,46450.17
A01985,C03298,Savings,2022-03-27,367214.91
A01986,C02978,Current,2025-06-19,73325.59
A01987,C00209,Savings,2021-05-08,26528.83
A01988,C03317,Savings,2024-08-03,57489.48
A01989,C01892,Salary,2023-05-03,7424.42
A01990,C01177,Savings,2021-03-28,39183.66
A01991,C03507,Savings,2024-01-10,67254.18
A01992,C02040,Savings,2022-06-18,67773.8
A01993,C03290,Savings,2024-06-29,34213.65
A01994,C01453,Salary,2021-07-09,60648.11
A01995,C04762,Current,2023-04-04,28511.97
A01996,C03861,Savings,2025-06-10,51851.56
A01997,C01618,Fixed Deposit,2025-02-16,28014.5
A01998,C00435,Savings,2022-01-14,13147.85
A01999,C02328,Current,2022-04-01,113241.53
A02000,C01647,Salary,2023-10-29,30737.32
A02001,C03164,Current,2021-11-14,54066.81
A02002,C04763,Fixed Deposit,2021-11-30,32257.51
A02003,C01441,Salary,2021-08-18,13177.7
A02004,C04444,Fixed Deposit,2022-10-26,40033.73
A02005,C04861,Savings,2022-05-23,53230.32
A02006,C00934,Current,2023-03-01,5672.87
A02007,C04279,Salary,2025-03-31,43763.69
A02008,C02556,Salary,2025-02-07,67031.92
A02009,C01147,Fixed Deposit,2023-07-13,29550.15
A02010,C03997,Salary,2024-11-30,45129.39
A02011,C00381,Salary,2024-08-03,42078.92
A02012,C00825,Savings,2023-08-27,16644.46
A02013,C01539,Savings,2023-01-30,31806.79
A02014,C03376,Savings,2022-03-22,35857.58
A02015,C01638,Savings,2024-09-28,16583.87
A02016,C04288,Savings,2021-11-21,26548.51
A02017,C00525,Savings,2023-05-27,35557.89
A02018,C03108,Savings,2021-06-16,47018.14
A02019,C01094,Fixed Deposit,2025-06-05,358053.91
A02020,C00105,Savings,2024-08-12,15193.22
A02021,C01740,Savings,2022-08-04,122779.83
A02022,C02361,Salary,2024-04-21,16191.69
A02023,C03127,Salary,2023-04-19,36233.75
A02024,C01677,Savings,2025-05-19,83055.65
A02025,C02355,Savings,2024-01-15,53979.02
A02026,C04917,Savings,2025-04-29,4362.54
A02027,C04132,Savings,2023-03-17,96475.86
A02028,C02935,Savings,2024-03-18,48580.83
A02029,C01873,Salary,2023-02-11,22013.89
A02030,C01043,Salary,2023-07-17,32281.4
A02031,C03435,Salary,2023-05-11,53345.93
A02032,C01442,Savings,2023-08-14,61541.81
A02033,C01846,Savings,2021-02-28,59552.52
A02034,C03502,Savings,2022-08-29,19080.44
A02035,C01542,Savings,2021-01-05,35917.23
A02036,C00467,Salary,2021-03-24,17003.1
A02037,C02945,Fixed Deposit,2023-04-20,130279.9
A02038,C04295,Savings,2024-11-07,29153.12
A02039,C01592,Fixed Deposit,2022-07-03,96819.86
A02040,C02816,Salary,2025-02-11,22867.01
A02041,C04073,Savings,2023-11-17,39226.92
A02042,C03573,Savings,2022-06-09,30559.28
A02043,C04337,Savings,2023-09-29,12180.66
A02044,C01194,Current,2025-05-20,96932.93
A02045,C00294,Savings,2022-02-18,66280.64
A02046,C00922,Savings,2022-12-16,11588.36
A02047,C01339,Salary,2021-06-29,17369.9
A02048,C03199,Savings,2025-01-27,21265.24
A02049,C04564,Savings,2023-02-22,118816.34
A02050,C02415,Salary,2023-06-20,79254.49
A02051,C04854,Salary,2022-06-11,44130.84
A02052,C03476,Savings,2021-01-01,8747.89
A02053,C01542,Savings,2021-09-28,54768.25
A02054,C02499,Salary,2022-04-29,42282.66
A02055,C00908,Salary,2023-08-14,26623.84
A02056,C02494,Fixed Deposit,2023-12-08,214779.64
A02057,C02128,Savings,2022-11-25,30335.23
A02058,C03089,Salary,2024-04-21,105119.84
A02059,C04648,Savings,2023-04-20,26087.42
A02060,C03991,Salary,2022-01-08,16814.73
A02061,C03752,Savings,2022-06-23,11833.14
A02062,C02098,Savings,2025-03-11,33797.28
A02063,C03175,Savings,2022-11-01,37797.55
A02064,C00388,Savings,2025-03-10,15378.16
A02065,C00299,Savings,2022-07-26,16028.08
A02066,C04435,Savings,2021-03-07,104616.91
A02067,C03461,Savings,2021-02-21,70822.38
A02068,C04062,Savings,2022-04-15,188653.27
A02069,C00474,Salary,2021-08-31,8472.95
A02070,C04712,Savings,2021-12-03,168946.87
A02071,C04888,Salary,2023-01-26,17880.36
A02072,C03214,Salary,2024-02-19,11116.94
A02073,C04109,Savings,2022-07-08,45489.53
A02074,C00449,Savings,2023-12-05,6810.31
A02075,C02222,Salary,2021-02-21,96274.37
A02076,C01983,Savings,2024-03-20,42397.33
A02077,C03612,Savings,2022-02-17,19279.74
A02078,C02643,Savings,2025-04-14,89495.42
A02079,C01921,Savings,2022-07-23,32146.15
A02080,C02317,Savings,2025-03-02,37492.14
A02081,C01275,Fixed Deposit,2024-05-17,114966.85
A02082,C04869,Salary,2021-01-08,20586.16
A02083,C01616,Salary,2023-08-04,14048.68
A02084,C04984,Savings,2024-11-15,32292.75
A02085,C03619,Fixed Deposit,2021-09-04,19367.32
A02086,C02307,Salary,2024-11-19,24652.68
A02087,C00260,Salary,2023-04-14,14746.77
A02088,C03207,Current,2024-09-24,27427.59
A02089,C01513,Savings,2022-02-16,16200.37
A02090,C04739,Salary,2023-08-10,26717.24
A02091,C02129,Current,2025-04-13,91560.87
A02092,C03439,Fixed Deposit,2024-09-30,33508.75
A02093,C02177,Savings,2023-04-23,51319.95
A02094,C04508,Fixed Deposit,2024-08-12,12835.64
A02095,C03509,Savings,2021-08-23,26988.4
A02096,C04711,Savings,2022-10-04,17283.98
A02097,C04995,Current,2022-08-11,38254.94
A02098,C03081,Salary,2025-01-08,22087.08
A02099,C00232,Salary,2021-08-21,79061.68
A02100,C00730,Savings,2023-01-12,26405.55
A02101,C03013,Savings,2023-09-24,99952.81
A02102,C02930,Current,2021-11-06,5525.27
A02103,C00318,Savings,2023-08-02,37653.98
A02104,C01531,Salary,2023-06-27,40982.03
A02105,C01111,Savings,2022-12-02,15657.03
A02106,C00716,Savings,2022-04-23,36351.4
A02107,C01342,Fixed Deposit,2025-03-18,100884.42
A02108,C03405,Savings,2021-12-02,96587.84
A02109,C03313,Current,2025-05-20,28088.27
A02110,C03121,Savings,2021-02-21,24454.78
A02111,C03088,Savings,2022-06-30,21136.41
A02112,C00202,Current,2021-10-28,37979.05
A02113,C02141,Savings,2022-10-03,15643.48
A02114,C01673,Current,2024-06-20,71356.17
A02115,C01057,Salary,2021-12-22,8428.83
A02116,C03672,Salary,2023-03-31,34263.3
A02117,C00419,Salary,2023-04-15,10492.02
A02118,C02599,Current,2025-06-22,34777.84
A02119,C00626,Current,2022-08-11,75174.35
A02120,C04941,Savings,2025-01-05,42894.62
A02121,C03831,Salary,2023-05-27,21111.37
A02122,C01879,Current,2023-01-01,69214.19
A02123,C01945,Savings,2025-06-25,3096.49
A02124,C02930,Savings,2024-02-17,34182.46
A02125,C02768,Savings,2024-12-03,17173.25
A02126,C03384,Savings,2024-10-26,56659.05
A02127,C03541,Savings,2023-01-07,3722.65
A02128,C00394,Salary,2024-01-02,23886.79
A02129,C02857,Savings,2025-01-12,20359.75
A02130,C02920,Current,2023-04-04,81946.26
A02131,C02619,Salary,2025-02-03,17799.45
A02132,C00632,Savings,2021-06-05,29739.85
A02133,C02857,Savings,2023-02-10,38712.68
A02134,C00322,Savings,2023-07-23,35552.71
A02135,C03507,Current,2022-07-30,34913.46
A02136,C04670,Salary,2024-08-26,38388.64
A02137,C01694,Savings,2023-11-26,36297.81
A02138,C01064,Savings,2021-09-05,308313.12
A02139,C03112,Savings,2024-12-22,7234.51
A02140,C01477,Salary,2023-12-04,17817.29
A02141,C02918,Savings,2022-03-29,34809.03
A02142,C03262,Salary,2024-02-17,98877.63
A02143,C02794,Salary,2024-10-04,85683.21
A02144,C03087,Savings,2022-11-24,92390.94
A02145,C03812,Current,2023-06-28,35178.72
A02146,C03971,Savings,2023-07-29,110962.56
A02147,C03352,Savings,2024-11-12,21174.52
A02148,C00959,Savings,2023-12-30,82807.75
A02149,C04144,Savings,2023-08-05,43056.49
A02150,C01583,Savings,2022-03-30,43749.23
A02151,C03177,Salary,2021-09-24,11059.36
A02152,C02417,Fixed Deposit,2023-01-01,13286.66
A02153,C00460,Salary,2025-01-01,27957.02
A02154,C02295,Savings,2022-01-01,33394.77
A02155,C02312,Fixed Deposit,2024-04-25,23830.34
A02156,C01230,Savings,2024-06-04,83551.31
A02157,C01531,Savings,2021-03-02,17308.99
A02158,C04626,Savings,2021-06-17,60958.85
A02159,C01388,Current,2021-05-12,27867.06
A02160,C02798,Savings,2021-06-04,73383.45
A02161,C01364,Salary,2023-02-23,12358.98
A02162,C04503,Savings,2022-12-23,8565.77
A02163,C00453,Current,2021-01-07,59002.92
A02164,C03905,Current,2022-06-07,78267.84
A02165,C04910,Salary,2021-09-08,48208.88
A02166,C00578,Fixed Deposit,2025-05-19,29515.73
A02167,C03920,Salary,2022-11-23,66752.44
A02168,C03013,Savings,2024-07-09,60566.24
A02169,C03265,Salary,2021-04-30,12998.68
A02170,C01932,Savings,2021-02-17,54400.73
A02171,C04243,Fixed Deposit,2023-12-29,74315.3
A02172,C04502,Salary,2024-07-09,39905.05
A02173,C00183,Savings,2023-01-12,10459.12
A02174,C03178,Salary,2025-01-08,76159.86
A02175,C00236,Savings,2025-02-11,22284.14
A02176,C00638,Savings,2024-06-08,20269.56
A02177,C03006,Salary,2021-08-12,54700.89
A02178,C04275,Savings,2022-04-02,29834.85
A02179,C02480,Fixed Deposit,2022-12-20,17954.84
A02180,C03473,Savings,2023-05-03,143849.13
A02181,C00525,Salary,2024-10-21,44594.18
A02182,C02791,Salary,2023-08-07,35651.66
A02183,C02371,Salary,2021-01-28,35306.94
A02184,C01285,Savings,2023-05-27,36820.73
A02185,C01636,Savings,2023-06-20,39613.62
A02186,C01724,Salary,2023-04-29,101381.65
A02187,C02447,Salary,2021-04-11,150645.18
A02188,C04433,Savings,2021-02-27,27978.22
A02189,C04215,Current,2023-11-14,66752.99
A02190,C01582,Fixed Deposit,2022-02-19,114935.18
A02191,C02461,Salary,2024-06-04,67540.82
A02192,C00580,Current,2024-04-07,114042.88
A02193,C03942,Salary,2025-02-21,78174.09
A02194,C00196,Savings,2024-06-23,52865.28
A02195,C00333,Fixed Deposit,2021-12-29,36926.59
A02196,C03092,Current,2025-01-28,47713.54
A02197,C04719,Savings,2024-12-24,14166.51
A02198,C00658,Savings,2022-02-25,54997.88
A02199,C00704,Savings,2021-01-21,48404.96
A02200,C04979,Current,2022-09-28,10012.93
A02201,C01450,Salary,2024-10-24,23806.37
A02202,C01253,Salary,2022-04-09,18633.15
A02203,C00524,Fixed Deposit,2021-04-07,123050.0
A02204,C02265,Savings,2025-02-24,27871.11
A02205,C02423,Current,2024-10-08,10088.97
A02206,C00036,Salary,2025-06-17,54245.24
A02207,C00776,Savings,2024-01-24,43738.98
A02208,C00028,Current,2021-01-24,40621.55
A02209,C00086,Savings,2022-01-15,13464.86
A02210,C02236,Savings,2022-01-31,61634.18
A02211,C02353,Savings,2024-11-28,32801.05
A02212,C03494,Salary,2024-03-02,31077.05
A02213,C04282,Current,2021-02-23,11706.08
A02214,C04654,Salary,2024-08-08,12092.8
A02215,C02557,Salary,2023-10-11,1453529.51
A02216,C04313,Savings,2024-02-10,12863.72
A02217,C00257,Savings,2022-02-26,5451.02
A02218,C03807,Savings,2021-05-11,25670.74
A02219,C01448,Savings,2022-02-24,30594.16
A02220,C04420,Fixed Deposit,2024-07-25,28640.93
A02221,C02245,Salary,2023-02-15,17333.76
A02222,C04600,Savings,2025-06-02,32632.49
A02223,C03344,Savings,2023-02-14,50413.02
A02224,C00694,Salary,2023-12-28,10301.01
A02225,C02066,Current,2025-05-17,25435.72
A02226,C03601,Salary,2024-11-27,36258.36
A02227,C04221,Savings,2023-05-25,29288.01
A02228,C00483,Current,2021-06-24,19574.82
A02229,C03666,Savings,2024-07-27,14435.56
A02230,C03076,Salary,2022-04-09,172268.31
A02231,C02675,Savings,2022-01-25,4432.62
A02232,C02399,Savings,2023-01-18,91381.43
A02233,C00351,Current,2021-05-16,12987.54
A02234,C00649,Savings,2022-02-13,45085.42
A02235,C03871,Salary,2021-08-12,38963.84
A02236,C00228,Savings,2022-08-24,14249.62
A02237,C02064,Savings,2023-08-28,30545.5
A02238,C00425,Salary,2022-09-11,25401.95
A02239,C02512,Savings,2025-04-26,37232.6
A02240,C04820,Savings,2024-04-26,115122.93
A02241,C01822,Savings,2023-05-28,130694.04
A02242,C04890,Salary,2024-11-11,18204.27
A02243,C04273,Salary,2021-01-09,49571.96
A02244,C02591,Fixed Deposit,2024-04-18,163500.98
A02245,C02557,Salary,2025-01-07,24593.95
A02246,C01586,Salary,2022-08-17,62295.46
A02247,C01679,Current,2022-08-29,309330.42
A02248,C04660,Salary,2025-01-09,13014.44
A02249,C02281,Savings,2021-04-26,55869.87
A02250,C03750,Salary,2021-09-02,14661.5
A02251,C02539,Salary,2024-07-30,20689.99
A02252,C01017,Salary,2024-05-21,23669.06
A02253,C00444,Savings,2022-03-27,54098.99
A02254,C02068,Current,2023-11-15,224932.37
A02255,C03683,Current,2021-08-21,21219.02
A02256,C03799,Savings,2025-03-20,90025.64
A02257,C03628,Fixed Deposit,2024-08-04,29032.67
A02258,C00111,Current,2022-11-16,24453.95
A02259,C02535,Savings,2021-07-03,118361.43
A02260,C00089,Current,2021-09-08,85920.39
A02261,C03391,Salary,2021-10-18,25068.26
A02262,C01942,Salary,2023-08-07,21056.72
A02263,C03311,Current,2023-03-09,55365.11
A02264,C00072,Savings,2024-10-14,20157.84
A02265,C00822,Savings,2022-09-16,23578.27
A02266,C03471,Savings,2021-11-01,25303.33
A02267,C00816,Savings,2021-12-16,30931.79
A02268,C00404,Salary,2024-09-24,21482.98
A02269,C01699,Savings,2022-04-24,8339.62
A02270,C04347,Savings,2025-01-28,146810.73
A02271,C02917,Salary,2023-10-13,76026.14
A02272,C02043,Savings,2021-05-10,33571.25
A02273,C01954,Savings,2021-07-06,18681.77
A02274,C04964,Current,2024-12-15,107226.29
A02275,C03294,Savings,2025-02-28,55317.0
A02276,C03703,Current,2025-04-14,20255.07
A02277,C03254,Salary,2022-11-01,57339.6
A02278,C04992,Fixed Deposit,2021-08-23,70293.56
A02279,C03802,Savings,2021-10-05,40981.71
A02280,C00256,Savings,2024-01-31,78887.87
A02281,C01932,Salary,2025-01-22,57007.31
A02282,C01112,Savings,2023-02-26,78317.15
A02283,C00873,Savings,2023-04-15,189009.11
A02284,C04588,Savings,2024-06-09,61405.1
A02285,C01562,Salary,2021-10-01,301421.59
A02286,C04729,Salary,2021-12-31,106385.73
A02287,C04458,Fixed Deposit,2025-02-10,52397.53
A02288,C00894,Salary,2022-04-13,9297.41
A02289,C02685,Savings,2022-10-13,107345.31
A02290,C01247,Salary,2023-04-06,11354.19
A02291,C00747,Current,2024-07-21,41761.34
A02292,C04054,Fixed Deposit,2024-09-13,125241.89
A02293,C04086,Salary,2023-05-11,13827.9
A02294,C01007,Fixed Deposit,2021-07-03,37084.3
A02295,C02741,Salary,2023-07-07,13937.66
A02296,C04311,Current,2024-05-02,232858.27
A02297,C04323,Salary,2021-09-29,70332.49
A02298,C00891,Fixed Deposit,2024-08-16,34082.62
A02299,C02492,Current,2025-05-27,9080.09
A02300,C02877,Salary,2021-07-15,16572.05
A02301,C01632,Fixed Deposit,2023-02-21,37137.76
A02302,C03704,Current,2023-06-24,22038.83
A02303,C02027,Savings,2021-11-27,74065.4
A02304,C04108,Savings,2025-02-18,10201.16
A02305,C03323,Savings,2022-09-12,96625.09
A02306,C00742,Savings,2022-05-14,7144.77
A02307,C03009,Current,2024-11-24,33945.38
A02308,C01977,Current,2024-11-21,19408.56
A02309,C03663,Current,2024-01-29,88888.84
A02310,C03801,Fixed Deposit,2021-03-22,238992.01
A02311,C03572,Savings,2023-05-11,75199.62
A02312,C02912,Salary,2023-10-15,54086.27
A02313,C03085,Savings,2023-11-07,28516.45
A02314,C00774,Current,2024-05-20,121436.56
A02315,C02145,Salary,2021-05-06,14756.4
A02316,C00993,Salary,2021-05-10,54307.88
A02317,C01839,Current,2025-04-08,96389.17
A02318,C03814,Savings,2021-08-02,82828.44
A02319,C04908,Savings,2024-02-27,58448.24
A02320,C03322,Savings,2025-03-28,57034.89
A02321,C03843,Savings,2025-01-25,81063.47
A02322,C03254,Current,2023-08-28,32222.45
A02323,C01876,Current,2023-12-17,131141.13
A02324,C03238,Salary,2022-08-21,231257.21
A02325,C00004,Salary,2024-07-21,6879.7
A02326,C00165,Savings,2022-09-07,25475.08
A02327,C04440,Savings,2024-09-24,13304.32
A02328,C01898,Salary,2024-03-12,20185.5
A02329,C03241,Savings,2022-02-27,40597.54
A02330,C02568,Current,2021-11-30,55487.51
A02331,C03508,Current,2022-11-19,31299.77
A02332,C02560,Salary,2024-03-02,64350.87
A02333,C01339,Salary,2021-09-21,18713.94
A02334,C04638,Fixed Deposit,2021-05-27,45409.84
A02335,C00613,Fixed Deposit,2024-12-30,116906.99
A02336,C04996,Salary,2021-01-12,26966.81
A02337,C01885,Salary,2021-02-24,11382.88
A02338,C04025,Savings,2021-08-18,270648.05
A02339,C03135,Salary,2024-02-20,84490.53
A02340,C01056,Savings,2023-05-11,42055.95
A02341,C01623,Salary,2024-06-10,81071.24
A02342,C03283,Savings,2021-06-11,52870.22
A02343,C02611,Savings,2025-06-06,8696.18
A02344,C03070,Savings,2025-05-02,41684.81
A02345,C01256,Savings,2023-03-14,18938.51
A02346,C02661,Savings,2025-03-04,40199.63
A02347,C04225,Savings,2021-06-28,52257.03
A02348,C01043,Salary,2024-10-17,85553.71
A02349,C04453,Salary,2024-05-16,14954.63
A02350,C01443,Salary,2023-06-24,15456.32
A02351,C03678,Salary,2022-07-06,23700.2
A02352,C04177,Salary,2022-12-27,135641.24
A02353,C03687,Fixed Deposit,2024-12-26,47130.23
A02354,C01905,Current,2025-01-19,58772.09
A02355,C02714,Current,2025-03-08,34535.04
A02356,C01878,Salary,2024-03-23,25444.82
A02357,C00791,Savings,2024-09-23,40986.43
A02358,C00225,Savings,2021-10-20,74062.58
A02359,C03035,Salary,2022-03-12,66598.67
A02360,C04876,Savings,2022-01-31,12235.34
A02361,C04233,Savings,2021-06-15,49095.83
A02362,C00226,Savings,2023-09-21,157549.03
A02363,C03406,Salary,2025-01-15,47782.74
A02364,C03180,Fixed Deposit,2023-02-23,180877.3
A02365,C00812,Savings,2023-08-15,173931.83
A02366,C02493,Savings,2025-04-09,42090.53
A02367,C04103,Savings,2022-02-05,34345.81
A02368,C04224,Salary,2021-04-25,53467.41
A02369,C04067,Savings,2021-12-17,115676.27
A02370,C04363,Savings,2024-07-07,31470.01
A02371,C04310,Savings,2023-03-29,12938.76
A02372,C00247,Savings,2023-05-26,50201.4
A02373,C01619,Savings,2024-06-03,83737.59
A02374,C01828,Current,2022-09-06,52033.34
A02375,C03446,Savings,2025-02-18,53906.06
A02376,C00421,Current,2021-05-11,35076.97
A02377,C02765,Savings,2021-09-21,29395.08
A02378,C01372,Savings,2025-03-28,113970.97
A02379,C04239,Savings,2023-04-14,7292.08
A02380,C02189,Salary,2021-06-30,39438.68
A02381,C02613,Current,2021-12-15,15001.84
A02382,C02081,Salary,2022-04-16,35261.2
A02383,C04325,Savings,2021-06-10,46053.35
A02384,C02736,Savings,2021-04-24,57256.2
A02385,C00830,Savings,2021-01-18,41258.72
A02386,C03059,Savings,2024-02-02,126945.27
A02387,C00850,Savings,2024-04-24,39936.24
A02388,C02781,Savings,2024-09-27,13970.56
A02389,C01154,Savings,2025-01-25,92161.55
A02390,C04941,Salary,2025-06-17,49164.88
A02391,C03830,Salary,2021-05-23,15310.21
A02392,C02683,Savings,2022-10-17,70108.21
A02393,C03080,Savings,2023-08-22,21972.21
A02394,C00403,Salary,2025-06-24,84267.33
A02395,C02976,Savings,2022-03-29,11668.0
A02396,C01603,Salary,2022-03-27,32450.26
A02397,C04723,Fixed Deposit,2021-03-03,96274.26
A02398,C00981,Salary,2022-08-19,13904.58
A02399,C02295,Savings,2023-07-29,58156.04
A02400,C02385,Current,2024-07-23,91997.72
A02401,C03353,Salary,2024-08-11,30235.7
A02402,C04129,Savings,2024-02-27,51724.49
A02403,C00799,Salary,2021-12-30,17750.72
A02404,C02596,Savings,2023-12-27,476974.4
A02405,C01367,Salary,2021-02-16,36519.62
A02406,C02939,Savings,2023-08-27,48928.74
A02407,C01263,Savings,2024-10-29,28533.24
A02408,C02777,Current,2023-04-02,20039.63
A02409,C03249,Savings,2022-10-22,86506.64
A02410,C00304,Savings,2023-02-01,4162.27
A02411,C01694,Current,2024-03-06,7033.65
A02412,C02317,Savings,2024-01-24,48446.74
A02413,C04496,Current,2021-08-26,26083.58
A02414,C00922,Savings,2023-03-07,77718.6
A02415,C00421,Savings,2021-02-04,22784.31
A02416,C02179,Savings,2024-08-12,8067.81
A02417,C03810,Savings,2023-05-20,34210.37
A02418,C01167,Salary,2022-05-07,28532.94
A02419,C04674,Savings,2021-09-15,13708.48
A02420,C00540,Salary,2022-01-22,73691.87
A02421,C03500,Savings,2021-09-27,50073.82
A02422,C01461,Savings,2023-05-17,14954.05
A02423,C04688,Current,2024-09-09,9139.59
A02424,C04740,Savings,2023-12-07,49992.52
A02425,C00328,Savings,2022-08-29,15356.58
A02426,C02860,Savings,2022-11-25,15314.22
A02427,C02094,Savings,2023-08-12,32920.3
A02428,C02132,Current,2025-02-19,37901.6
A02429,C02842,Current,2025-05-06,57105.05
A02430,C00352,Savings,2022-02-15,94019.93
A02431,C04733,Current,2023-04-25,23923.95
A02432,C03909,Fixed Deposit,2021-05-05,110929.27
A02433,C00234,Salary,2021-07-31,31045.86
A02434,C03123,Savings,2024-10-24,104743.77
A02435,C04877,Savings,2023-08-03,16925.9
A02436,C02729,Current,2023-07-09,58209.97
A02437,C00933,Savings,2024-07-13,17250.83
A02438,C01824,Savings,2021-05-15,16052.31
A02439,C03501,Savings,2023-02-24,24081.53
A02440,C04074,Savings,2023-03-01,5475.54
A02441,C03346,Current,2021-11-11,88245.08
A02442,C00861,Current,2021-10-27,16552.96
A02443,C01231,Savings,2024-08-14,23988.13
A02444,C02196,Current,2021-10-06,15206.32
A02445,C04396,Current,2022-01-09,85381.93
A02446,C01477,Current,2022-12-27,46183.79
A02447,C02024,Fixed Deposit,2025-02-20,107317.85
A02448,C02597,Fixed Deposit,2021-03-03,76161.47
A02449,C02431,Current,2023-05-29,42255.81
A02450,C03690,Salary,2023-12-14,48970.64
A02451,C00534,Savings,2021-12-04,85332.37
A02452,C01257,Current,2024-10-30,12930.55
A02453,C01658,Salary,2023-05-27,21727.75
A02454,C01153,Current,2022-04-19,14097.75
A02455,C03894,Savings,2021-04-22,62313.41
A02456,C01753,Savings,2023-09-17,54021.36
A02457,C01684,Savings,2024-07-16,69307.02
A02458,C02979,Salary,2021-11-20,3658.46
A02459,C04333,Fixed Deposit,2022-09-11,44282.21
A02460,C03654,Savings,2023-03-06,4262.84
A02461,C03014,Salary,2023-06-02,210262.03
A02462,C00701,Savings,2025-05-29,40713.52
A02463,C04671,Fixed Deposit,2023-01-18,31322.03
A02464,C03065,Salary,2025-06-16,32531.44
A02465,C04867,Savings,2024-01-14,35727.76
A02466,C01765,Savings,2022-01-07,215199.98
A02467,C04319,Savings,2024-01-04,30542.55
A02468,C01123,Fixed Deposit,2022-08-19,77251.41
A02469,C03831,Savings,2022-05-23,21295.16
A02470,C02959,Salary,2021-08-16,242449.79
A02471,C02321,Savings,2022-08-18,149512.61
A02472,C01423,Fixed Deposit,2024-11-18,11240.48
A02473,C01541,Savings,2021-01-15,78299.99
A02474,C04526,Savings,2023-10-02,54352.2
A02475,C00523,Savings,2023-03-24,18064.9
A02476,C03008,Savings,2021-06-30,14854.26
A02477,C02499,Savings,2025-03-12,5842.92
A02478,C02090,Current,2021-12-04,64760.48
A02479,C01739,Savings,2024-07-10,10684.25
A02480,C04190,Current,2023-07-15,47995.67
A02481,C02534,Savings,2021-03-19,13635.27
A02482,C02565,Savings,2021-08-17,12385.17
A02483,C02765,Savings,2023-11-20,37995.71
A02484,C00499,Salary,2022-01-09,111921.68
A02485,C02419,Savings,2021-06-04,18200.91
A02486,C02747,Savings,2023-03-28,34431.51
A02487,C00485,Salary,2024-04-23,39838.61
A02488,C00665,Savings,2022-03-24,33830.32
A02489,C03455,Current,2023-05-19,47994.11
A02490,C00628,Savings,2022-03-23,36852.1
A02491,C01685,Savings,2022-03-08,7576.18
A02492,C00732,Salary,2023-02-06,117499.59
A02493,C04288,Savings,2024-04-07,51813.21
A02494,C01245,Savings,2024-01-10,29974.56
A02495,C02175,Salary,2023-03-09,14771.46
A02496,C03875,Savings,2024-05-18,26144.31
A02497,C02775,Current,2024-07-06,79748.47
A02498,C03079,Salary,2023-09-15,10961.99
A02499,C04792,Current,2022-07-03,17062.23
A02500,C01140,Savings,2024-08-02,33628.27
A02501,C04660,Current,2023-12-14,8547.74
A02502,C03118,Savings,2022-04-14,15159.24
A02503,C02441,Savings,2022-01-04,28331.74
A02504,C04119,Salary,2023-05-04,3998.78
A02505,C03203,Savings,2024-01-29,29245.88
A02506,C03199,Savings,2025-06-09,11122.41
A02507,C04541,Savings,2023-09-11,105316.57
A02508,C04873,Fixed Deposit,2022-12-26,39686.92
A02509,C02045,Savings,2023-09-09,70583.14
A02510,C00708,Savings,2022-08-21,51394.68
A02511,C00433,Current,2025-05-18,17853.16
A02512,C00473,Current,2025-01-10,49847.03
A02513,C00048,Savings,2024-04-30,167745.21
A02514,C01915,Fixed Deposit,2022-02-18,68353.56
A02515,C01106,Savings,2025-02-14,26382.78
A02516,C03181,Savings,2021-04-03,51151.43
A02517,C01891,Savings,2024-06-30,56149.38
A02518,C00358,Salary,2023-08-23,26039.69
A02519,C00568,Savings,2022-07-15,2660.0
A02520,C00480,Salary,2023-11-29,16286.62
A02521,C00867,Fixed Deposit,2022-06-30,20207.83
A02522,C03261,Savings,2024-10-13,35555.55
A02523,C04060,Fixed Deposit,2023-02-17,188426.38
A02524,C01029,Savings,2023-10-30,56317.3
A02525,C03358,Savings,2021-07-07,23200.47
A02526,C01814,Salary,2022-08-31,45976.06
A02527,C03729,Salary,2022-10-07,35674.08
A02528,C03527,Salary,2022-11-06,58016.19
A02529,C04804,Savings,2021-05-19,60995.26
A02530,C01051,Salary,2021-10-25,117242.24
A02531,C00127,Salary,2024-01-09,32036.89
A02532,C03607,Savings,2025-06-15,7200.76
A02533,C02379,Fixed Deposit,2024-07-03,19835.32
A02534,C01653,Fixed Deposit,2021-06-28,66401.62
A02535,C00008,Savings,2024-07-04,28510.42
A02536,C04709,Salary,2021-08-06,69557.87
A02537,C01285,Salary,2021-09-24,92383.94
A02538,C04694,Salary,2024-09-02,37516.84
A02539,C04482,Savings,2022-08-14,11791.72
A02540,C00179,Current,2022-11-10,60219.93
A02541,C03596,Fixed Deposit,2022-09-08,84036.96
A02542,C04911,Savings,2023-04-30,64296.97
A02543,C03818,Salary,2024-07-31,18913.06
A02544,C03255,Current,2024-09-30,531096.6
A02545,C04454,Savings,2022-12-28,7548.93
A02546,C02424,Savings,2021-03-16,39502.81
A02547,C04798,Salary,2023-01-07,69089.36
A02548,C01751,Savings,2021-12-02,76423.96
A02549,C04878,Savings,2023-03-15,36629.48
A02550,C04178,Current,2023-05-05,63513.29
A02551,C03430,Current,2025-05-25,82005.73
A02552,C00185,Savings,2021-12-29,40019.17
A02553,C02336,Salary,2021-07-09,44611.67
A02554,C03134,Salary,2025-02-04,64674.1
A02555,C04979,Savings,2024-02-04,37021.65
A02556,C00507,Current,2021-03-11,120631.23
A02557,C04126,Current,2022-06-06,89120.09
A02558,C01933,Savings,2024-05-22,27565.11
A02559,C01197,Salary,2023-09-10,19024.17
A02560,C03686,Current,2022-06-01,72834.06
A02561,C04182,Savings,2021-01-28,39237.38
A02562,C01339,Savings,2024-08-31,21298.2
A02563,C02621,Savings,2023-06-24,23583.28
A02564,C00683,Savings,2025-03-11,65080.62
A02565,C03515,Savings,2024-06-13,23897.31
A02566,C04368,Savings,2021-04-02,133421.0
A02567,C02161,Current,2021-12-29,14794.08
A02568,C01730,Savings,2021-02-07,23134.29
A02569,C01418,Salary,2022-10-26,15721.12
A02570,C04015,Current,2022-12-05,12123.68
A02571,C00019,Salary,2022-05-06,17737.86
A02572,C02653,Salary,2024-02-08,22977.42
A02573,C03801,Current,2021-05-24,24888.39
A02574,C00465,Salary,2025-05-21,5175.55
A02575,C00691,Current,2023-04-14,12405.15
A02576,C01011,Savings,2024-05-05,42697.42
A02577,C03062,Savings,2023-12-06,19299.84
A02578,C04021,Salary,2024-03-18,92705.17
A02579,C00163,Current,2025-05-15,29218.84
A02580,C01636,Savings,2021-05-18,61892.54
A02581,C02747,Savings,2022-05-05,25982.48
A02582,C00295,Current,2022-02-06,82777.42
A02583,C00579,Savings,2022-08-25,4445.85
A02584,C01586,Fixed Deposit,2022-12-25,71952.34
A02585,C03381,Current,2022-11-12,143971.92
A02586,C02350,Savings,2023-07-21,9784.68
A02587,C02172,Savings,2022-09-17,71471.09
A02588,C00195,Savings,2021-12-07,51667.34
A02589,C00842,Savings,2025-05-21,10049.34
A02590,C04008,Salary,2021-10-29,49677.42
A02591,C04585,Salary,2021-04-28,49358.95
A02592,C02932,Fixed Deposit,2021-05-31,60216.14
A02593,C00446,Salary,2024-04-05,101442.52
A02594,C00080,Salary,2022-08-30,89564.6
A02595,C04841,Fixed Deposit,2023-02-11,136109.63
A02596,C02746,Fixed Deposit,2024-12-19,230815.78
A02597,C03689,Salary,2023-09-24,17489.47
A02598,C01861,Salary,2022-03-13,22678.15
A02599,C00931,Salary,2022-09-24,20068.99
A02600,C01935,Savings,2024-01-03,22927.14
A02601,C04368,Savings,2021-12-28,23324.64
A02602,C02172,Current,2021-04-06,32137.74
A02603,C03295,Current,2021-10-19,25673.11
A02604,C04782,Salary,2024-04-15,13645.17
A02605,C04748,Salary,2021-01-27,74191.2
A02606,C04393,Current,2023-04-01,16512.7
A02607,C02835,Savings,2021-11-01,149784.32
A02608,C04717,Savings,2022-12-24,75065.26
A02609,C01655,Savings,2023-05-20,12577.41
A02610,C02929,Savings,2023-02-08,35670.79
A02611,C03604,Current,2023-09-13,10155.43
A02612,C01673,Savings,2023-07-31,114320.83
A02613,C04351,Savings,2021-07-24,36481.02
A02614,C01288,Savings,2023-05-17,35242.82
A02615,C02727,Salary,2023-10-12,44306.69
A02616,C04125,Savings,2022-08-01,31094.44
A02617,C01059,Salary,2022-10-24,20070.14
A02618,C04845,Savings,2022-11-10,33303.0
A02619,C00602,Savings,2021-08-08,112292.96
A02620,C03275,Current,2021-10-27,22006.17
A02621,C02979,Fixed Deposit,2021-09-15,229183.54
A02622,C00131,Current,2022-12-16,23745.27
A02623,C00111,Salary,2021-08-28,42692.06
A02624,C02572,Salary,2024-06-06,212132.49
A02625,C03360,Salary,2025-02-06,60358.57
A02626,C02735,Savings,2024-03-25,49939.1
A02627,C00831,Salary,2021-08-06,65395.95
A02628,C00666,Fixed Deposit,2022-04-10,160608.92
A02629,C01067,Salary,2021-07-14,17101.12
A02630,C04971,Salary,2021-09-27,56867.86
A02631,C03789,Current,2025-04-01,45806.22
A02632,C01318,Savings,2022-07-17,5167.94
A02633,C00285,Salary,2021-12-22,45390.94
A02634,C04660,Current,2022-06-24,14896.52
A02635,C04115,Salary,2022-04-21,40185.18
A02636,C03579,Fixed Deposit,2022-07-19,158522.08
A02637,C04643,Salary,2021-11-04,15667.24
A02638,C00048,Fixed Deposit,2022-09-20,58741.79
A02639,C01769,Savings,2022-02-13,24755.54
A02640,C04315,Salary,2025-01-04,101417.59
A02641,C04862,Savings,2022-06-05,22139.79
A02642,C03260,Savings,2025-03-27,44154.13
A02643,C02079,Current,2022-04-30,64102.39
A02644,C02307,Savings,2024-07-05,71950.17
A02645,C03416,Fixed Deposit,2022-11-25,27331.31
A02646,C04404,Current,2023-07-19,28884.44
A02647,C03143,Fixed Deposit,2024-04-08,276250.32
A02648,C00568,Savings,2025-01-24,35811.15
A02649,C04327,Salary,2022-10-13,91799.73
A02650,C04066,Salary,2023-03-08,231465.47
A02651,C00082,Salary,2021-04-21,34173.32
A02652,C03006,Savings,2022-08-27,76730.32
A02653,C00217,Salary,2021-08-08,85677.19
A02654,C00335,Current,2023-10-26,10692.94
A02655,C00559,Salary,2025-04-05,52140.35
A02656,C02912,Current,2025-06-25,140498.79
A02657,C00874,Savings,2024-08-11,8776.34
A02658,C00753,Savings,2025-01-21,32775.29
A02659,C03762,Savings,2022-10-31,40259.25
A02660,C00594,Fixed Deposit,2023-06-14,59774.18
A02661,C02752,Current,2022-05-28,30308.32
A02662,C01679,Salary,2024-05-20,13363.2
A02663,C03898,Current,2021-04-29,51371.53
A02664,C04649,Fixed Deposit,2022-01-20,33414.5
A02665,C01483,Savings,2021-09-17,18989.41
A02666,C00783,Savings,2024-11-23,6644.49
A02667,C02135,Salary,2024-04-13,10079.2
A02668,C03587,Salary,2024-12-08,137333.07
A02669,C03795,Current,2021-05-14,38943.25
A02670,C04609,Savings,2021-04-12,70659.31
A02671,C00984,Savings,2022-01-20,16338.54
A02672,C04683,Current,2022-03-31,6311.43
A02673,C00743,Salary,2023-12-22,20107.17
A02674,C04545,Current,2023-08-18,6483.74
A02675,C04684,Savings,2023-06-20,19333.41
A02676,C04356,Current,2022-07-20,102284.64
A02677,C03609,Savings,2021-01-07,33228.44
A02678,C03272,Salary,2023-05-18,133799.22
A02679,C02511,Salary,2022-05-30,60668.68
A02680,C04011,Savings,2021-11-28,94816.3
A02681,C00094,Savings,2024-11-03,29172.53
A02682,C01376,Savings,2022-03-21,10376.93
A02683,C01132,Fixed Deposit,2021-12-01,26201.86
A02684,C02517,Current,2025-01-31,109407.15
A02685,C04964,Savings,2022-10-23,42650.33
A02686,C00091,Savings,2021-10-15,10539.11
A02687,C01480,Fixed Deposit,2023-11-02,117275.98
A02688,C00955,Salary,2023-09-24,8934.12
A02689,C02432,Savings,2024-02-02,54982.55
A02690,C00023,Savings,2024-07-10,28771.34
A02691,C01726,Salary,2024-12-29,67532.16
A02692,C04119,Savings,2021-06-22,28633.56
A02693,C03306,Savings,2025-06-19,69748.8
A02694,C01722,Fixed Deposit,2021-11-17,16480.6
A02695,C01441,Fixed Deposit,2023-12-05,88308.58
A02696,C04671,Fixed Deposit,2025-04-19,43835.72
A02697,C02151,Savings,2021-07-30,50826.41
A02698,C02548,Savings,2023-06-26,27533.33
A02699,C04924,Savings,2023-01-07,16236.39
A02700,C03555,Salary,2022-02-21,33043.74
A02701,C00189,Salary,2021-09-21,110619.75
A02702,C00460,Salary,2021-10-28,21091.33
A02703,C02237,Fixed Deposit,2025-01-19,78248.63
A02704,C04447,Salary,2024-06-03,19808.67
A02705,C00581,Savings,2021-04-14,6198.12
A02706,C02162,Savings,2023-09-14,38854.05
A02707,C04716,Savings,2021-08-09,1205300.23
A02708,C01532,Savings,2021-11-30,10901.27
A02709,C01369,Savings,2022-02-22,86050.47
A02710,C02435,Salary,2024-08-17,4298.28
A02711,C02992,Savings,2022-09-27,34554.43
A02712,C02903,Salary,2025-02-17,10368.67
A02713,C02531,Salary,2023-08-19,53599.15
A02714,C00473,Savings,2025-01-20,22091.62
A02715,C00859,Savings,2022-03-12,21385.26
A02716,C02990,Savings,2022-01-29,13103.02
A02717,C02441,Savings,2023-01-04,5247.52
A02718,C03707,Current,2021-02-12,27866.72
A02719,C01713,Salary,2021-07-29,19159.04
A02720,C00516,Current,2023-08-24,24955.02
A02721,C02394,Savings,2021-01-11,26690.9
A02722,C01376,Current,2021-08-04,17045.1
A02723,C03670,Current,2024-04-02,40415.48
A02724,C02391,Savings,2021-08-13,29839.36
A02725,C03263,Savings,2024-06-23,76341.05
A02726,C04639,Salary,2022-10-20,309082.0
A02727,C02867,Savings,2023-02-12,44592.31
A02728,C01060,Salary,2021-01-16,98343.85
A02729,C00757,Savings,2024-05-02,40655.63
A02730,C03496,Savings,2023-10-30,55207.13
A02731,C00188,Current,2022-05-29,27081.34
A02732,C02382,Salary,2021-10-20,33115.18
A02733,C04579,Salary,2024-01-13,17753.85
A02734,C02715,Savings,2024-05-17,130080.07
A02735,C00296,Salary,2021-02-27,86782.11
A02736,C03534,Savings,2023-09-12,45689.75
A02737,C04141,Savings,2023-05-01,14432.88
A02738,C04043,Savings,2025-03-16,30981.89
A02739,C02043,Current,2025-06-30,86743.33
A02740,C04271,Current,2022-10-10,328188.87
A02741,C03052,Savings,2024-09-16,38928.19
A02742,C01801,Fixed Deposit,2022-04-06,196945.99
A02743,C03905,Salary,2025-06-01,42448.57
A02744,C03782,Salary,2023-08-27,114485.65
A02745,C02262,Current,2024-09-10,5533.35
A02746,C01523,Salary,2024-05-18,16732.4
A02747,C04854,Savings,2024-02-23,48146.92
A02748,C01421,Salary,2022-11-23,12147.88
A02749,C04593,Fixed Deposit,2025-01-25,95778.76
A02750,C00105,Salary,2021-10-17,37629.07
A02751,C03624,Savings,2024-05-22,8561.29
A02752,C00479,Savings,2024-12-26,7238.59
A02753,C00693,Fixed Deposit,2024-01-26,88208.91
A02754,C03039,Savings,2023-07-09,12934.21
A02755,C02970,Salary,2021-09-06,24064.61
A02756,C00194,Savings,2025-03-07,64077.65
A02757,C01490,Savings,2023-01-03,33735.32
A02758,C00059,Salary,2022-06-09,24817.7
A02759,C01887,Savings,2025-03-09,9273.01
A02760,C03610,Savings,2024-01-20,140060.78
A02761,C04574,Savings,2022-12-06,74966.11
A02762,C02581,Salary,2023-02-11,20335.96
A02763,C01969,Savings,2022-07-30,16110.26
A02764,C04688,Savings,2023-04-22,21901.35
A02765,C04935,Salary,2023-01-14,15044.19
A02766,C04054,Savings,2021-06-16,27805.4
A02767,C04645,Savings,2024-06-28,99168.9
A02768,C03086,Current,2025-01-10,90260.56
A02769,C00221,Current,2024-04-24,89989.13
A02770,C00876,Savings,2021-09-06,11296.45
A02771,C03463,Salary,2021-12-06,14297.4
A02772,C02726,Salary,2025-01-09,86349.94
A02773,C01197,Savings,2024-03-07,54487.88
A02774,C02710,Current,2021-04-19,24559.83
A02775,C02732,Savings,2023-04-10,68896.99
A02776,C00336,Savings,2022-02-21,57199.84
A02777,C00225,Salary,2022-03-02,9141.8
A02778,C03942,Savings,2023-12-04,4759.05
A02779,C04284,Salary,2021-12-08,35893.36
A02780,C01248,Savings,2023-09-30,5200.6
A02781,C02691,Savings,2021-07-20,97345.85
A02782,C03958,Savings,2022-01-13,57495.57
A02783,C04590,Savings,2024-02-02,26078.78
A02784,C01887,Salary,2022-04-03,11977.85
A02785,C00311,Current,2023-09-18,15629.74
A02786,C02569,Current,2024-12-09,2381.36
A02787,C01605,Current,2023-06-20,127374.69
A02788,C03983,Salary,2022-09-24,43241.43
A02789,C00369,Salary,2024-11-26,30876.95
A02790,C03547,Savings,2024-11-14,189392.73
A02791,C04842,Salary,2024-10-17,15470.12
A02792,C00998,Current,2024-12-28,30284.9
A02793,C00497,Salary,2024-11-07,19423.12
A02794,C00964,Salary,2023-11-18,236260.01
A02795,C02005,Savings,2024-02-05,27994.9
A02796,C01199,Current,2022-06-24,42898.78
A02797,C02346,Fixed Deposit,2024-04-24,281115.63
A02798,C00577,Current,2021-07-14,96362.12
A02799,C03161,Salary,2024-03-15,8410.81
A02800,C00054,Savings,2023-02-11,27351.62
A02801,C03433,Current,2023-05-22,34092.16
A02802,C00229,Salary,2022-11-20,41957.68
A02803,C00779,Savings,2021-05-08,48222.12
A02804,C03831,Current,2021-04-16,16067.09
A02805,C00985,Savings,2024-12-10,143664.01
A02806,C04469,Savings,2021-12-18,54240.7
A02807,C00469,Savings,2024-11-07,65208.59
A02808,C02468,Salary,2024-10-04,124928.45
A02809,C01850,Fixed Deposit,2025-02-13,83848.01
A02810,C00532,Salary,2023-04-14,30089.01
A02811,C03036,Salary,2021-11-10,26195.04
A02812,C00562,Salary,2025-03-27,29657.55
A02813,C00090,Salary,2023-09-28,31402.91
A02814,C01407,Salary,2024-10-15,6498.88
A02815,C04465,Current,2024-09-06,20766.2
A02816,C03146,Savings,2022-01-19,13575.71
A02817,C01293,Savings,2023-09-29,5849.46
A02818,C04111,Salary,2021-01-17,41823.26
A02819,C03782,Savings,2024-10-25,54129.76
A02820,C04068,Savings,2023-12-26,16727.65
A02821,C03506,Current,2023-06-05,28222.34
A02822,C02392,Fixed Deposit,2024-02-11,108760.18
A02823,C01219,Salary,2024-12-10,27684.98
A02824,C01946,Savings,2021-03-12,32120.72
A02825,C02253,Salary,2023-12-21,29136.75
A02826,C03892,Fixed Deposit,2022-03-20,112341.96
A02827,C01675,Current,2023-08-27,35771.17
A02828,C00776,Savings,2024-08-30,27097.37
A02829,C04782,Current,2022-04-28,23687.25
A02830,C03568,Savings,2024-06-21,17089.69
A02831,C02766,Salary,2022-06-01,62154.82
A02832,C00225,Salary,2024-10-25,60445.53
A02833,C00064,Salary,2021-11-13,36117.13
A02834,C01788,Current,2023-11-11,84467.17
A02835,C03851,Fixed Deposit,2022-11-29,66006.11
A02836,C01376,Savings,2022-12-22,48635.53
A02837,C03535,Savings,2021-08-19,21749.78
A02838,C03916,Savings,2025-03-30,106847.28
A02839,C04453,Salary,2023-05-14,42019.31
A02840,C00093,Salary,2025-06-03,51428.96
A02841,C02743,Current,2025-02-01,38564.16
A02842,C01678,Salary,2024-01-07,39177.11
A02843,C03667,Savings,2022-07-17,45932.19
A02844,C03865,Savings,2023-02-08,5720.21
A02845,C02482,Savings,2023-03-19,53182.99
A02846,C04937,Current,2022-06-14,19139.08
A02847,C01402,Salary,2021-10-17,29486.71
A02848,C01607,Salary,2024-05-26,20124.81
A02849,C03957,Savings,2021-04-10,76707.16
A02850,C03410,Savings,2021-05-29,17800.72
A02851,C03072,Salary,2024-11-09,27858.44
A02852,C00898,Savings,2024-03-24,20244.73
A02853,C02932,Savings,2022-01-30,18625.45
A02854,C04588,Savings,2022-01-11,18818.52
A02855,C03714,Current,2021-04-12,11867.93
A02856,C03132,Savings,2023-02-21,21874.68
A02857,C01533,Savings,2021-04-02,43192.02
A02858,C01978,Current,2022-02-15,15990.51
A02859,C01799,Savings,2022-02-10,40664.99
A02860,C01352,Savings,2021-01-21,58504.1
A02861,C01839,Salary,2022-09-24,32075.39
A02862,C02561,Salary,2024-12-02,12438.42
A02863,C02992,Savings,2021-01-19,7455.85
A02864,C01664,Savings,2025-04-09,75241.96
A02865,C02398,Savings,2025-04-11,145633.97
A02866,C03204,Current,2021-06-02,129176.41
A02867,C04642,Salary,2021-10-28,47628.75
A02868,C00599,Savings,2022-02-17,48007.59
A02869,C02045,Savings,2021-07-21,29836.87
A02870,C00259,Savings,2021-05-19,29373.57
A02871,C04572,Savings,2021-01-24,18862.92
A02872,C01906,Savings,2021-01-12,16955.52
A02873,C03020,Salary,2021-05-15,6734.73
A02874,C00388,Salary,2023-07-25,68181.7
A02875,C03870,Savings,2021-03-22,59615.08
A02876,C01862,Salary,2024-10-10,25818.12
A02877,C03633,Savings,2023-12-30,112511.8
A02878,C00798,Savings,2024-05-12,271214.77
A02879,C02504,Fixed Deposit,2022-08-14,17117.08
A02880,C04021,Savings,2023-09-19,60493.77
A02881,C01926,Fixed Deposit,2024-07-26,64123.4
A02882,C03955,Current,2022-12-12,154688.11
A02883,C01628,Fixed Deposit,2024-11-03,40945.32
A02884,C04313,Salary,2024-08-10,94452.83
A02885,C00789,Savings,2024-12-09,67502.74
A02886,C02057,Salary,2023-03-08,102494.83
A02887,C01064,Savings,2024-12-22,18920.73
A02888,C04469,Salary,2024-03-25,25666.14
A02889,C01448,Current,2025-05-31,58379.07
A02890,C00515,Salary,2023-01-01,100542.4
A02891,C04460,Salary,2021-10-04,44340.52
A02892,C01914,Salary,2024-07-12,6576.31
A02893,C01952,Salary,2021-02-18,105609.1
A02894,C00774,Salary,2022-09-02,116567.96
A02895,C00329,Savings,2021-10-20,22153.32
A02896,C00794,Salary,2023-11-11,78098.32
A02897,C00962,Salary,2025-01-07,56550.36
A02898,C04693,Salary,2025-04-08,16281.21
A02899,C01411,Fixed Deposit,2022-04-17,145404.76
A02900,C01138,Savings,2024-03-07,34934.67
A02901,C04667,Savings,2021-08-18,10696.94
A02902,C01569,Salary,2023-04-18,81518.7
A02903,C04473,Savings,2024-11-29,243609.38
A02904,C03275,Current,2021-12-23,4569.11
A02905,C03274,Salary,2022-06-25,47821.73
A02906,C03470,Savings,2023-04-07,46152.99
A02907,C01964,Fixed Deposit,2023-07-25,23133.71
A02908,C02166,Fixed Deposit,2023-11-11,164637.16
A02909,C04637,Savings,2025-06-23,13593.6
A02910,C03573,Salary,2025-05-18,39183.07
A02911,C01876,Savings,2023-03-25,18514.56
A02912,C01237,Salary,2022-10-07,14425.77
A02913,C02747,Current,2022-06-11,50722.28
A02914,C04209,Salary,2023-10-19,19138.63
A02915,C04469,Savings,2024-02-03,114970.7
A02916,C02347,Salary,2022-09-15,37036.79
A02917,C01043,Salary,2023-05-01,78764.97
A02918,C04872,Savings,2024-09-21,74494.18
A02919,C04767,Salary,2022-02-28,105877.03
A02920,C04107,Fixed Deposit,2022-09-15,50320.84
A02921,C00008,Current,2021-01-04,32546.05
A02922,C03697,Salary,2022-04-14,16333.2
A02923,C03732,Current,2022-10-26,41178.62
A02924,C01574,Current,2025-04-27,17687.41
A02925,C00461,Savings,2023-06-06,100934.23
A02926,C03307,Current,2022-06-22,15917.75
A02927,C02303,Current,2024-05-02,24537.75
A02928,C02634,Salary,2021-12-26,59305.78
A02929,C01352,Savings,2022-06-04,57191.7
A02930,C00362,Savings,2024-01-02,12958.61
A02931,C00788,Salary,2024-01-07,21154.73
A02932,C00209,Savings,2021-03-09,27523.96
A02933,C00267,Savings,2022-11-26,31214.62
A02934,C04752,Savings,2024-09-19,43362.87
A02935,C00554,Current,2021-03-26,71632.27
A02936,C01588,Fixed Deposit,2025-02-28,57596.85
A02937,C04517,Salary,2021-03-20,39504.79
A02938,C01119,Savings,2025-04-24,17914.25
A02939,C01514,Savings,2024-08-22,140262.18
A02940,C01927,Salary,2021-01-20,52605.55
A02941,C03404,Salary,2025-05-25,28098.36
A02942,C03062,Savings,2021-06-05,109787.67
A02943,C00221,Salary,2024-02-15,50686.5
A02944,C02345,Savings,2023-05-30,44265.14
A02945,C01972,Current,2023-07-28,36472.22
A02946,C04439,Savings,2025-01-13,90617.35
A02947,C04689,Fixed Deposit,2021-01-28,279173.95
A02948,C04065,Salary,2022-09-02,89248.31
A02949,C01985,Savings,2023-09-01,37392.04
A02950,C00892,Salary,2024-09-14,121235.25
A02951,C04803,Savings,2024-10-19,28721.37
A02952,C03527,Savings,2022-02-23,16418.81
A02953,C01206,Savings,2021-01-22,75272.96
A02954,C04853,Current,2021-09-18,132781.13
A02955,C01219,Savings,2021-03-01,36305.67
A02956,C01856,Current,2023-07-26,160095.9
A02957,C02000,Current,2024-12-07,9843.95
A02958,C02436,Current,2021-06-12,33418.97
A02959,C02975,Savings,2024-02-12,16849.57
A02960,C03099,Savings,2021-12-20,16557.03
A02961,C03387,Savings,2021-07-15,35295.28
A02962,C04544,Savings,2023-12-05,171181.39
A02963,C01817,Current,2022-09-17,118866.04
A02964,C01778,Fixed Deposit,2023-06-24,229480.11
A02965,C02505,Savings,2021-06-28,54187.55
A02966,C02940,Salary,2025-02-25,28039.84
A02967,C00839,Savings,2021-11-21,49104.33
A02968,C02702,Savings,2022-01-05,10154.49
A02969,C04760,Current,2022-07-22,145881.99
A02970,C04861,Salary,2024-10-02,7292.29
A02971,C03139,Salary,2023-02-18,32364.96
A02972,C00176,Salary,2023-07-15,36297.56
A02973,C04606,Savings,2021-04-25,77828.97
A02974,C03687,Salary,2021-12-23,53928.09
A02975,C03163,Salary,2024-04-05,57240.66
A02976,C02753,Current,2024-10-09,4380.7
A02977,C01190,Fixed Deposit,2021-04-25,56217.85
A02978,C04698,Savings,2024-12-02,20531.45
A02979,C00838,Salary,2025-06-04,41535.92
A02980,C03899,Savings,2023-03-09,32248.13
A02981,C03852,Salary,2021-11-19,44322.92
A02982,C02734,Salary,2025-04-14,12414.45
A02983,C03811,Savings,2021-02-11,39796.67
A02984,C02654,Fixed Deposit,2025-01-23,315683.03
A02985,C03251,Savings,2024-02-17,246739.37
A02986,C03350,Savings,2022-07-28,122431.22
A02987,C03311,Salary,2025-01-13,6997.23
A02988,C04681,Savings,2022-03-17,27981.35
A02989,C02387,Savings,2024-04-27,23171.27
A02990,C00374,Salary,2021-10-12,41685.0
A02991,C04676,Salary,2021-04-14,119832.92
A02992,C04613,Fixed Deposit,2022-07-23,62710.29
A02993,C01262,Salary,2022-04-02,15877.98
A02994,C00121,Salary,2021-11-07,103294.39
A02995,C03846,Fixed Deposit,2024-11-08,91334.81
A02996,C02885,Current,2024-04-03,72742.02
A02997,C02618,Savings,2022-02-11,90165.57
A02998,C04139,Salary,2023-04-25,26764.8
A02999,C03269,Savings,2022-08-04,12542.79
A03000,C02043,Savings,2025-02-08,44151.31
A03001,C02120,Salary,2023-12-18,26653.52
A03002,C00491,Fixed Deposit,2022-12-20,69832.58
A03003,C04845,Savings,2024-12-10,129996.58
A03004,C03046,Savings,2022-08-20,43460.61
A03005,C00383,Current,2025-06-25,190222.67
A03006,C00805,Savings,2024-06-28,47340.82
A03007,C01178,Savings,2024-05-28,28073.38
A03008,C02218,Current,2024-03-29,11679.21
A03009,C01296,Savings,2021-07-06,44429.88
A03010,C00918,Savings,2023-06-15,15921.47
A03011,C04247,Salary,2025-06-11,58708.18
A03012,C04527,Salary,2022-04-09,32795.5
A03013,C02415,Savings,2025-03-02,31844.04
A03014,C00651,Current,2021-11-26,39208.03
A03015,C04916,Savings,2021-12-15,44792.52
A03016,C02287,Fixed Deposit,2022-05-15,63386.39
A03017,C02752,Savings,2022-05-05,248446.58
A03018,C03199,Fixed Deposit,2023-10-02,32628.56
A03019,C00942,Salary,2021-10-07,91288.44
A03020,C00541,Current,2023-05-05,112429.73
A03021,C02681,Savings,2024-04-02,13404.17
A03022,C03728,Salary,2023-10-02,38208.23
A03023,C02530,Savings,2022-02-02,50042.26
A03024,C01203,Savings,2023-12-28,42370.52
A03025,C04965,Savings,2022-03-04,40904.17
A03026,C00651,Current,2024-12-26,63752.57
A03027,C03007,Savings,2022-01-10,5503.42
A03028,C04533,Fixed Deposit,2023-10-13,59821.38
A03029,C02905,Savings,2022-09-24,24878.49
A03030,C00314,Salary,2023-09-16,19007.94
A03031,C04115,Savings,2022-11-28,80115.72
A03032,C01184,Savings,2024-12-17,91942.97
A03033,C04914,Savings,2023-07-17,101024.16
A03034,C00122,Fixed Deposit,2021-03-19,140644.49
A03035,C00169,Savings,2022-05-03,12364.61
A03036,C03683,Salary,2024-04-08,41401.54
A03037,C04725,Savings,2023-11-28,98576.93
A03038,C04122,Salary,2022-07-21,3762.91
A03039,C03969,Savings,2023-08-09,156865.97
A03040,C04018,Savings,2024-08-06,11745.13
A03041,C03698,Salary,2022-07-12,16305.16
A03042,C01730,Savings,2021-06-20,72366.91
A03043,C03556,Current,2022-10-04,209868.86
A03044,C01119,Savings,2025-05-25,15667.32
A03045,C02169,Salary,2021-10-19,17908.79
A03046,C04222,Savings,2022-08-04,112378.45
A03047,C04782,Savings,2022-02-26,42107.85
A03048,C03117,Salary,2021-04-15,29047.23
A03049,C04731,Savings,2022-07-20,43862.85
A03050,C02430,Current,2024-11-30,259379.93
A03051,C02008,Current,2023-05-30,72614.76
A03052,C01051,Fixed Deposit,2025-01-22,89998.7
A03053,C00705,Savings,2023-05-25,61195.59
A03054,C02900,Salary,2021-09-05,52790.55
A03055,C03208,Savings,2023-07-16,82619.55
A03056,C00707,Savings,2021-11-05,20446.69
A03057,C03833,Current,2024-10-28,34157.19
A03058,C02009,Savings,2024-02-04,35671.45
A03059,C04722,Savings,2021-11-11,15774.73
A03060,C04622,Salary,2022-09-01,13515.16
A03061,C01598,Savings,2023-08-03,127617.57
A03062,C01067,Savings,2022-06-23,68726.19
A03063,C01947,Savings,2021-03-13,178415.99
A03064,C02800,Savings,2022-01-13,57194.31
A03065,C00096,Savings,2025-02-28,48425.09
A03066,C02075,Savings,2024-04-23,30231.47
A03067,C04932,Savings,2021-05-14,89988.03
A03068,C01919,Salary,2024-04-12,11549.6
A03069,C01266,Savings,2025-06-22,47769.48
A03070,C02535,Salary,2022-01-28,83462.17
A03071,C00240,Fixed Deposit,2023-12-24,60585.16
A03072,C01328,Savings,2023-09-23,54013.95
A03073,C01143,Savings,2022-02-19,151143.66
A03074,C03224,Current,2022-02-07,29530.27
A03075,C03849,Savings,2024-02-11,52986.87
A03076,C01416,Salary,2021-03-06,91214.55
A03077,C02399,Savings,2023-05-16,27263.8
A03078,C00761,Savings,2022-02-05,13752.41
A03079,C03643,Savings,2021-10-17,70026.66
A03080,C01553,Savings,2025-02-15,40300.94
A03081,C00863,Savings,2024-12-14,35457.94
A03082,C04036,Savings,2024-08-31,42315.09
A03083,C01156,Savings,2024-01-18,12535.65
A03084,C00357,Current,2023-01-29,29001.44
A03085,C01672,Savings,2023-04-24,69084.29
A03086,C01329,Salary,2022-10-23,36228.52
A03087,C01030,Savings,2021-12-23,22823.96
A03088,C02377,Savings,2023-05-28,18667.62
A03089,C03242,Savings,2023-09-25,46381.2
A03090,C01992,Salary,2023-01-22,77436.96
A03091,C03872,Current,2025-03-22,91436.17
A03092,C02386,Savings,2023-01-19,22016.85
A03093,C03141,Savings,2021-12-31,156754.47
A03094,C00882,Fixed Deposit,2021-09-24,72420.86
A03095,C00539,Salary,2022-02-10,8301.76
A03096,C04833,Savings,2021-05-19,40415.67
A03097,C01858,Current,2024-04-03,14722.79
A03098,C03558,Savings,2022-10-28,52489.63
A03099,C04539,Savings,2024-02-04,46644.42
A03100,C02197,Salary,2024-03-18,9220.62
A03101,C01951,Salary,2021-07-04,132452.4
A03102,C01611,Savings,2024-12-04,20321.25
A03103,C03164,Salary,2023-02-22,7067.61
A03104,C04464,Current,2023-05-21,115001.44
A03105,C04008,Savings,2022-12-04,62915.11
A03106,C04676,Savings,2023-06-26,28841.79
A03107,C04752,Savings,2021-07-20,37932.78
A03108,C00227,Savings,2022-09-10,32699.03
A03109,C00592,Current,2021-08-08,8710.63
A03110,C04120,Savings,2023-05-07,10317.25
A03111,C02076,Savings,2025-02-02,85568.33
A03112,C04949,Salary,2023-10-09,52649.84
A03113,C02672,Fixed Deposit,2024-12-28,148997.56
A03114,C01369,Current,2023-11-19,107677.3
A03115,C02023,Current,2021-03-05,1848.14
A03116,C02079,Salary,2023-07-26,25161.49
A03117,C03951,Salary,2024-01-25,12841.32
A03118,C03882,Savings,2022-06-24,32364.39
A03119,C03322,Savings,2022-05-25,6854.11
A03120,C04146,Current,2024-09-25,62171.2
A03121,C02437,Savings,2021-09-08,65795.21
A03122,C01805,Savings,2024-07-26,281077.16
A03123,C03360,Salary,2021-02-08,33184.58
A03124,C01731,Savings,2021-03-10,66806.04
A03125,C03663,Savings,2021-10-04,86966.68
A03126,C02974,Savings,2024-02-18,170585.58
A03127,C01030,Savings,2024-01-15,13118.67
A03128,C00412,Salary,2021-06-26,81285.02
A03129,C01982,Current,2023-08-29,51936.89
A03130,C00662,Salary,2022-08-29,8473.04
A03131,C01348,Current,2024-01-21,55307.68
A03132,C03471,Current,2024-12-14,70786.42
A03133,C01306,Current,2021-03-22,7958.09
A03134,C04287,Savings,2021-12-07,33908.17
A03135,C02834,Current,2022-02-25,38973.97
A03136,C04681,Current,2021-08-16,37910.6
A03137,C01854,Fixed Deposit,2022-04-18,114717.55
A03138,C04596,Salary,2021-03-29,21169.97
A03139,C04676,Savings,2024-10-05,13558.63
A03140,C00816,Savings,2021-07-09,56315.79
A03141,C03506,Salary,2023-05-17,149463.47
A03142,C01477,Savings,2023-09-08,139876.33
A03143,C03514,Savings,2023-09-08,312150.96
A03144,C02038,Savings,2021-05-16,26018.65
A03145,C01331,Savings,2024-09-10,31223.41
A03146,C04876,Savings,2021-02-09,5234.71
A03147,C03807,Current,2024-08-03,20867.39
A03148,C01150,Fixed Deposit,2021-09-13,15763.45
A03149,C00007,Savings,2023-08-05,26616.14
A03150,C01437,Savings,2025-06-09,123710.04
A03151,C03251,Current,2024-12-14,94688.48
A03152,C03540,Savings,2022-06-23,26994.57
A03153,C00695,Fixed Deposit,2024-08-07,38960.15
A03154,C02966,Savings,2024-09-01,17480.4
A03155,C03300,Fixed Deposit,2023-05-08,142088.58
A03156,C04844,Savings,2021-05-12,27384.24
A03157,C04242,Salary,2025-06-15,46052.92
A03158,C03368,Salary,2023-05-18,66324.76
A03159,C04953,Fixed Deposit,2023-01-11,127434.06
A03160,C04383,Current,2022-06-23,2961.35
A03161,C00026,Current,2024-08-19,60157.37
A03162,C04548,Salary,2021-10-09,39711.08
A03163,C02154,Salary,2022-05-07,7167.75
A03164,C04336,Salary,2021-10-07,125921.95
A03165,C03490,Savings,2025-03-04,43391.43
A03166,C00332,Savings,2024-05-07,9013.54
A03167,C00645,Savings,2024-10-30,21500.04
A03168,C01853,Savings,2024-08-16,30049.7
A03169,C04131,Salary,2023-06-28,381373.62
A03170,C02924,Savings,2022-10-28,16537.43
A03171,C02432,Current,2024-08-15,19535.75
A03172,C03585,Salary,2022-07-09,42699.26
A03173,C03810,Salary,2024-09-07,249433.64
A03174,C00811,Current,2024-02-08,29473.79
A03175,C01312,Savings,2022-04-16,24292.79
A03176,C02796,Fixed Deposit,2022-02-16,76859.24
A03177,C01895,Savings,2022-05-28,26986.02
A03178,C03007,Salary,2025-02-12,26633.56
A03179,C04301,Savings,2024-03-09,86349.97
A03180,C02071,Savings,2023-05-28,23215.98
A03181,C02657,Salary,2022-11-21,26476.62
A03182,C04135,Salary,2023-08-07,89337.11
A03183,C04269,Savings,2025-03-08,10035.21
A03184,C04856,Current,2021-03-01,26575.88
A03185,C03485,Savings,2024-04-21,8119.7
A03186,C00414,Savings,2022-02-23,23179.81
A03187,C00692,Salary,2023-08-15,26485.68
A03188,C02663,Salary,2023-04-05,26890.54
A03189,C04118,Salary,2023-06-27,25559.58
A03190,C02699,Current,2023-01-03,46758.37
A03191,C04310,Salary,2024-06-04,13278.53
A03192,C00920,Savings,2022-01-26,51590.06
A03193,C00907,Savings,2024-03-13,23028.1
A03194,C03211,Savings,2023-01-06,71852.1
A03195,C03729,Salary,2025-05-07,34334.28
A03196,C02720,Savings,2025-06-05,21317.35
A03197,C03667,Savings,2022-10-23,11166.02
A03198,C04896,Current,2021-01-27,47421.2
A03199,C02365,Savings,2022-09-15,30546.09
A03200,C00793,Salary,2025-03-12,135458.23
A03201,C00576,Savings,2023-06-03,145026.4
A03202,C01728,Salary,2025-06-03,23444.47
A03203,C03228,Savings,2021-05-07,4351.55
A03204,C03572,Savings,2025-01-19,80650.57
A03205,C04187,Salary,2021-10-08,22495.71
A03206,C03726,Salary,2024-11-19,26501.71
A03207,C04857,Savings,2021-11-15,106428.79
A03208,C03367,Savings,2022-03-17,49642.68
A03209,C04866,Savings,2021-12-07,77898.39
A03210,C01361,Savings,2022-11-25,94561.2
A03211,C02049,Current,2021-04-29,31211.15
A03212,C02976,Current,2023-02-17,67225.81
A03213,C03197,Savings,2022-11-21,39931.56
A03214,C01088,Savings,2022-12-14,59011.3
A03215,C00206,Current,2024-10-23,41777.95
A03216,C03487,Savings,2022-01-20,123584.96
A03217,C03316,Salary,2022-05-25,11463.39
A03218,C00623,Current,2025-05-25,24575.37
A03219,C01678,Savings,2024-03-27,33520.49
A03220,C03288,Savings,2025-06-22,40483.98
A03221,C03013,Savings,2021-03-27,11448.82
A03222,C03013,Current,2021-12-27,18596.63
A03223,C03638,Current,2023-10-03,37543.31
A03224,C02701,Current,2023-03-03,22261.21
A03225,C01872,Fixed Deposit,2024-01-14,13963.01
A03226,C00079,Current,2021-12-25,26155.88
A03227,C01477,Salary,2022-12-28,12184.12
A03228,C04735,Savings,2024-03-02,62371.52
A03229,C03229,Savings,2024-11-11,47342.59
A03230,C02336,Savings,2024-06-24,81687.42
A03231,C01726,Current,2024-03-10,43807.18
A03232,C01115,Savings,2022-03-23,13818.18
A03233,C00161,Salary,2024-01-05,2139.88
A03234,C01426,Salary,2024-01-27,101596.57
A03235,C01734,Savings,2024-08-19,24740.54
A03236,C04416,Current,2025-01-29,4870.48
A03237,C02412,Savings,2023-12-15,148855.76
A03238,C03961,Savings,2021-11-01,61053.14
A03239,C02523,Salary,2023-02-10,146953.87
A03240,C04862,Salary,2022-06-18,53353.73
A03241,C00602,Savings,2021-02-04,66052.52
A03242,C02360,Savings,2025-04-13,22979.38
A03243,C01556,Savings,2025-02-21,68901.25
A03244,C04685,Savings,2022-11-13,207398.61
A03245,C01521,Fixed Deposit,2024-03-09,137951.37
A03246,C02391,Savings,2023-10-12,26353.27
A03247,C00906,Fixed Deposit,2022-10-03,20102.29
A03248,C01651,Salary,2024-01-29,101742.94
A03249,C01118,Savings,2023-09-17,38281.32
A03250,C01525,Savings,2024-10-28,39816.54
A03251,C04268,Salary,2023-01-29,6115.37
A03252,C04722,Savings,2023-11-13,5730.0
A03253,C03081,Current,2021-10-11,39217.54
A03254,C04778,Savings,2021-04-23,16166.97
A03255,C03241,Savings,2022-01-08,43845.99
A03256,C04407,Savings,2021-07-16,85651.35
A03257,C03802,Savings,2024-04-02,21800.38
A03258,C01936,Salary,2023-06-12,44814.11
A03259,C03628,Fixed Deposit,2023-04-02,58837.5
A03260,C04381,Savings,2024-12-25,517558.65
A03261,C03710,Savings,2025-05-11,22581.76
A03262,C02543,Savings,2021-01-10,19378.46
A03263,C04451,Savings,2022-02-02,24113.23
A03264,C00200,Current,2021-06-01,103565.44
A03265,C02184,Salary,2021-07-10,23250.86
A03266,C02676,Savings,2021-10-04,70702.13
A03267,C04037,Salary,2022-05-08,37485.87
A03268,C03494,Salary,2024-06-20,38407.88
A03269,C03973,Savings,2022-05-03,153339.42
A03270,C01365,Salary,2021-10-03,7147.77
A03271,C01853,Savings,2021-07-09,40931.51
A03272,C04438,Salary,2023-05-14,68021.27
A03273,C03602,Current,2024-08-23,51754.0
A03274,C00388,Savings,2021-10-23,9706.09
A03275,C04100,Salary,2024-06-11,13022.51
A03276,C04773,Current,2021-12-07,46649.55
A03277,C01663,Salary,2022-08-16,4438.75
A03278,C02459,Savings,2024-05-01,22547.79
A03279,C00213,Salary,2023-06-02,12001.26
A03280,C04656,Savings,2024-10-19,43191.66
A03281,C00558,Salary,2023-08-08,31524.72
A03282,C02606,Current,2021-09-15,51079.07
A03283,C03120,Savings,2023-09-04,16639.36
A03284,C03704,Savings,2025-03-15,46114.87
A03285,C02692,Salary,2024-06-08,36436.84
A03286,C01995,Current,2021-01-14,16766.02
A03287,C00475,Fixed Deposit,2023-11-04,175102.79
A03288,C01768,Savings,2022-07-10,68139.98
A03289,C00042,Salary,2023-10-05,20451.41
A03290,C02652,Current,2021-07-29,17873.67
A03291,C02096,Current,2023-11-30,83769.43
A03292,C03993,Salary,2023-11-24,8511.67
A03293,C01987,Savings,2023-01-17,11346.25
A03294,C03866,Current,2024-06-11,55941.34
A03295,C03658,Current,2024-08-06,186005.68
A03296,C04824,Savings,2023-05-05,21079.71
A03297,C03518,Savings,2024-12-27,23370.83
A03298,C02269,Current,2023-04-28,29802.26
A03299,C01645,Savings,2023-08-09,23713.83
A03300,C00940,Savings,2024-09-03,24718.91
A03301,C04439,Salary,2022-10-02,20915.23
A03302,C03310,Savings,2022-02-12,42990.6
A03303,C02986,Savings,2023-03-27,67805.46
A03304,C04937,Salary,2024-01-09,41870.14
A03305,C02028,Savings,2021-06-25,31379.52
A03306,C03128,Current,2023-10-12,21018.09
A03307,C04990,Savings,2023-04-28,12602.12
A03308,C04134,Salary,2024-08-01,11283.95
A03309,C01365,Savings,2021-11-14,9429.45
A03310,C00851,Savings,2022-02-14,64123.65
A03311,C00231,Current,2024-03-11,21502.57
A03312,C02500,Savings,2021-09-04,51912.82
A03313,C02305,Salary,2021-06-26,19098.3
A03314,C02482,Salary,2023-03-22,33999.34
A03315,C04305,Salary,2024-09-29,26770.94
A03316,C03712,Savings,2021-09-21,149658.18
A03317,C02904,Salary,2021-06-17,23654.44
A03318,C03466,Current,2023-11-15,77494.98
A03319,C02769,Savings,2022-12-04,10329.92
A03320,C02893,Savings,2025-03-31,122824.26
A03321,C02084,Salary,2022-06-12,76602.74
A03322,C01239,Salary,2024-08-26,21399.78
A03323,C02075,Savings,2021-01-28,21106.34
A03324,C02066,Salary,2024-10-25,106210.74
A03325,C00630,Salary,2024-11-08,83928.98
A03326,C03209,Savings,2024-08-10,29366.06
A03327,C04675,Salary,2022-10-26,16751.36
A03328,C00903,Savings,2025-02-11,95635.77
A03329,C01054,Salary,2022-08-03,23749.99
A03330,C00123,Salary,2021-02-06,49118.51
A03331,C00957,Savings,2023-06-07,21744.79
A03332,C00987,Salary,2022-07-01,29801.01
A03333,C01252,Savings,2022-10-08,201556.5
A03334,C04434,Salary,2023-05-28,33896.97
A03335,C00991,Savings,2022-11-04,132541.8
A03336,C02321,Salary,2022-01-07,9229.0
A03337,C00902,Current,2023-01-06,7631.48
A03338,C02087,Salary,2021-04-12,61370.74
A03339,C03993,Savings,2024-10-10,18172.76
A03340,C04522,Salary,2022-04-10,35552.32
A03341,C04710,Savings,2022-11-25,5390.68
A03342,C03581,Savings,2022-04-25,5831.76
A03343,C02803,Savings,2023-06-29,36784.59
A03344,C02205,Salary,2021-08-04,23482.62
A03345,C00872,Current,2023-09-26,26859.99
A03346,C02825,Current,2024-09-12,162987.74
A03347,C02903,Salary,2022-12-01,55747.12
A03348,C04731,Salary,2022-08-23,250283.29
A03349,C02504,Savings,2024-06-24,38878.72
A03350,C03404,Current,2023-10-10,139458.22
A03351,C02192,Savings,2024-01-17,87998.11
A03352,C03883,Salary,2021-11-30,23040.71
A03353,C04583,Salary,2022-10-26,31086.93
A03354,C03208,Salary,2023-02-18,26390.22
A03355,C03659,Salary,2024-05-08,95506.66
A03356,C03098,Savings,2024-11-07,46558.62
A03357,C03079,Savings,2024-12-22,15873.48
A03358,C02639,Savings,2024-09-20,11399.03
A03359,C03087,Savings,2023-09-29,11756.93
A03360,C02947,Fixed Deposit,2022-03-26,29193.52
A03361,C03472,Savings,2021-08-04,15466.15
A03362,C04303,Fixed Deposit,2023-07-30,22059.92
A03363,C01625,Salary,2022-08-09,99653.41
A03364,C02958,Salary,2022-11-03,9159.9
A03365,C03288,Current,2024-07-02,52301.87
A03366,C01526,Savings,2025-04-02,282714.84
A03367,C01483,Savings,2023-10-14,39275.34
A03368,C00259,Current,2022-05-20,39390.08
A03369,C00454,Savings,2022-03-14,44582.73
A03370,C00799,Savings,2022-04-15,9613.74
A03371,C04471,Salary,2021-01-06,53636.69
A03372,C02512,Salary,2021-08-07,49105.18
A03373,C04171,Salary,2025-03-17,35009.02
A03374,C00242,Savings,2022-07-30,7939.95
A03375,C01713,Salary,2022-05-28,199593.73
A03376,C04219,Salary,2023-05-19,44964.28
A03377,C02003,Salary,2024-04-27,12084.22
A03378,C03328,Savings,2023-09-02,14702.02
A03379,C02282,Salary,2024-06-24,18040.64
A03380,C00497,Salary,2023-02-08,151584.95
A03381,C03112,Current,2023-09-04,32485.45
A03382,C00727,Savings,2022-11-17,32495.88
A03383,C01832,Salary,2022-09-13,22541.79
A03384,C01822,Fixed Deposit,2025-05-15,164509.36
A03385,C01817,Salary,2022-07-09,95809.86
A03386,C00092,Savings,2024-12-22,9303.04
A03387,C03433,Savings,2022-07-04,33173.86
A03388,C01970,Savings,2021-12-29,29915.28
A03389,C02385,Salary,2022-08-17,15390.19
A03390,C03680,Salary,2024-11-20,21511.23
A03391,C04609,Savings,2022-09-15,27928.88
A03392,C00603,Fixed Deposit,2024-03-05,26389.06
A03393,C00428,Salary,2022-03-10,47251.86
A03394,C02020,Savings,2021-11-14,46334.75
A03395,C01457,Savings,2022-06-19,57869.19
A03396,C00007,Savings,2025-03-05,23834.53
A03397,C02435,Current,2024-10-04,5247.21
A03398,C01374,Savings,2023-12-19,19101.29
A03399,C00641,Salary,2023-02-17,14091.42
A03400,C03763,Salary,2021-05-20,31177.29
A03401,C04006,Savings,2023-06-12,60799.52
A03402,C02231,Savings,2022-09-20,198979.44
A03403,C04661,Current,2024-05-12,16069.59
A03404,C03812,Savings,2021-06-07,40741.05
A03405,C03307,Fixed Deposit,2024-09-15,76497.28
A03406,C00446,Current,2023-09-01,132747.85
A03407,C03942,Savings,2021-07-15,44265.14
A03408,C04296,Current,2024-12-25,26169.89
A03409,C02996,Salary,2022-12-25,34952.17
A03410,C00513,Savings,2022-07-07,49667.26
A03411,C00990,Savings,2025-03-23,70614.94
A03412,C01402,Salary,2023-05-12,167958.43
A03413,C01813,Savings,2023-06-03,153224.39
A03414,C00546,Savings,2025-06-29,18277.36
A03415,C02534,Salary,2025-02-04,9379.15
A03416,C02010,Salary,2022-04-03,11801.22
A03417,C03433,Salary,2023-03-31,45074.24
A03418,C04086,Savings,2023-12-05,100123.72
A03419,C02216,Savings,2021-02-07,29159.42
A03420,C04986,Current,2022-11-07,15321.78
A03421,C03666,Salary,2025-06-05,9707.73
A03422,C00828,Salary,2021-12-07,151312.11
A03423,C02185,Savings,2025-05-13,23468.59
A03424,C02163,Savings,2021-10-29,9057.72
A03425,C01276,Salary,2022-09-27,35471.97
A03426,C01517,Current,2024-05-01,36428.75
A03427,C01313,Savings,2023-06-17,80526.13
A03428,C03524,Savings,2022-09-08,12406.63
A03429,C00516,Salary,2021-05-12,103439.77
A03430,C04784,Fixed Deposit,2025-06-20,213817.82
A03431,C01020,Savings,2025-06-07,39463.13
A03432,C01296,Savings,2025-01-31,62669.13
A03433,C01050,Savings,2024-04-08,75432.91
A03434,C02341,Savings,2025-05-04,21158.88
A03435,C01258,Savings,2023-08-03,10412.03
A03436,C02279,Savings,2023-06-04,21373.6
A03437,C02986,Salary,2024-07-12,7467.69
A03438,C03870,Current,2024-05-07,55573.46
A03439,C01145,Salary,2024-07-30,153170.11
A03440,C04614,Salary,2024-11-29,16751.47
A03441,C00706,Savings,2025-04-20,23964.18
A03442,C02425,Savings,2025-02-12,28944.15
A03443,C03572,Salary,2024-05-12,232552.64
A03444,C01935,Salary,2022-04-16,24123.01
A03445,C02485,Savings,2021-12-15,99427.1
A03446,C01746,Savings,2021-02-12,37516.07
A03447,C00970,Salary,2023-02-15,2094.75
A03448,C02547,Savings,2022-04-27,23128.11
A03449,C02648,Savings,2024-11-01,80128.23
A03450,C00778,Fixed Deposit,2021-03-19,41842.19
A03451,C01334,Salary,2023-11-26,57584.33
A03452,C02118,Salary,2024-11-07,172752.13
A03453,C02389,Savings,2023-03-27,57874.21
A03454,C03104,Current,2024-04-12,20501.2
A03455,C03115,Salary,2023-07-17,68858.66
A03456,C04214,Salary,2022-10-09,56325.13
A03457,C02937,Savings,2024-09-15,86996.03
A03458,C04111,Fixed Deposit,2022-10-14,60125.8
A03459,C01346,Savings,2023-12-15,17536.3
A03460,C02042,Savings,2023-02-03,58926.19
A03461,C02675,Savings,2021-10-06,60613.91
A03462,C01556,Salary,2022-04-04,22521.54
A03463,C00690,Salary,2022-11-23,9058.86
A03464,C04870,Salary,2022-06-09,24074.87
A03465,C03453,Savings,2025-01-18,12594.06
A03466,C01535,Salary,2025-05-18,28505.8
A03467,C00120,Savings,2022-05-07,73117.91
A03468,C04160,Savings,2021-03-15,5978.29
A03469,C04556,Current,2025-01-18,48015.07
A03470,C04055,Savings,2023-03-30,52607.9
A03471,C02853,Current,2021-06-04,15807.0
A03472,C01614,Savings,2022-06-03,49679.19
A03473,C03034,Savings,2022-01-10,104077.83
A03474,C02784,Savings,2024-08-22,53588.85
A03475,C02937,Savings,2021-12-09,231300.58
A03476,C04064,Savings,2022-10-27,39139.79
A03477,C03889,Savings,2021-02-13,89571.57
A03478,C03785,Salary,2022-07-02,226257.53
A03479,C02627,Savings,2025-01-04,57366.95
A03480,C03545,Current,2024-01-26,175922.61
A03481,C01150,Salary,2021-06-14,54770.5
A03482,C04803,Salary,2023-01-16,134722.67
A03483,C01710,Salary,2024-02-01,13280.72
A03484,C03159,Savings,2022-03-12,38379.2
A03485,C01367,Savings,2024-11-05,335525.36
A03486,C04050,Current,2022-03-23,7057.74
A03487,C04491,Salary,2023-10-28,18160.01
A03488,C04580,Savings,2024-01-23,257121.84
A03489,C04762,Current,2022-03-20,32972.19
A03490,C00456,Salary,2022-04-24,32938.34
A03491,C04306,Salary,2025-02-26,82810.69
A03492,C04621,Salary,2021-02-06,112230.77
A03493,C00676,Savings,2025-04-06,26044.33
A03494,C01002,Savings,2021-04-08,8293.95
A03495,C04072,Savings,2023-03-25,15768.86
A03496,C00896,Savings,2023-11-11,21919.77
A03497,C02355,Salary,2024-06-09,12612.11
A03498,C03094,Savings,2022-04-13,16735.54
A03499,C00060,Savings,2021-12-20,36614.77
A03500,C04482,Savings,2021-03-13,16918.66
A03501,C02765,Current,2024-10-07,177930.35
A03502,C01795,Current,2023-12-12,25242.96
A03503,C03263,Salary,2024-05-30,9174.65
A03504,C02530,Salary,2023-10-21,104484.26
A03505,C01943,Savings,2024-09-10,660242.34
A03506,C03488,Savings,2023-09-17,26982.17
A03507,C04892,Salary,2022-04-05,45748.65
A03508,C04988,Salary,2024-04-05,117389.6
A03509,C03422,Savings,2024-07-30,25862.88
A03510,C04697,Savings,2022-05-16,196255.6
A03511,C04079,Salary,2022-12-18,8567.97
A03512,C01374,Savings,2022-01-02,32645.09
A03513,C03554,Savings,2023-11-26,17436.86
A03514,C03673,Salary,2022-08-30,13119.65
A03515,C01083,Savings,2022-06-12,17848.87
A03516,C04248,Salary,2023-09-26,57626.94
A03517,C00934,Savings,2023-01-19,83190.68
A03518,C02588,Savings,2022-08-25,68724.6
A03519,C04086,Salary,2022-09-12,9651.54
A03520,C00558,Savings,2025-06-08,59631.98
A03521,C04714,Salary,2021-09-12,32615.74
A03522,C04120,Savings,2023-07-19,21515.59
A03523,C01543,Savings,2022-11-08,29833.68
A03524,C02383,Savings,2024-05-08,162603.42
A03525,C04099,Salary,2023-04-16,28340.16
A03526,C01008,Savings,2022-10-31,72238.49
A03527,C01282,Savings,2023-11-21,91969.15
A03528,C04359,Current,2025-05-21,80204.3
A03529,C00121,Current,2022-08-24,24063.34
A03530,C04117,Savings,2022-05-01,25268.57
A03531,C00905,Salary,2021-09-16,46483.21
A03532,C00140,Fixed Deposit,2021-09-10,39698.46
A03533,C01816,Savings,2022-05-09,16875.51
A03534,C04302,Savings,2024-06-11,39707.26
A03535,C04139,Salary,2024-02-05,17588.69
A03536,C01029,Savings,2025-05-24,24624.08
A03537,C02255,Salary,2023-03-01,28373.44
A03538,C00345,Savings,2021-12-02,22036.5
A03539,C02420,Current,2021-02-22,28842.57
A03540,C03304,Fixed Deposit,2022-11-18,44353.33
A03541,C03236,Savings,2023-12-02,228410.88
A03542,C02595,Savings,2024-07-07,178397.18
A03543,C01388,Current,2024-10-24,24760.88
A03544,C04018,Fixed Deposit,2021-07-29,43316.35
A03545,C00984,Savings,2025-01-29,29680.55
A03546,C04431,Fixed Deposit,2023-12-02,81049.0
A03547,C02123,Salary,2023-10-10,33126.7
A03548,C02995,Fixed Deposit,2024-10-08,66306.33
A03549,C02901,Salary,2022-11-13,73980.37
A03550,C00776,Salary,2023-06-13,16631.75
A03551,C03919,Salary,2024-07-06,21272.92
A03552,C04982,Savings,2021-12-03,9928.34
A03553,C00736,Fixed Deposit,2022-12-17,45566.6
A03554,C01487,Savings,2024-11-19,37539.41
A03555,C00396,Savings,2023-04-29,37808.58
A03556,C04779,Salary,2022-11-06,112164.64
A03557,C02002,Savings,2021-04-15,16534.48
A03558,C03448,Salary,2022-12-04,8359.78
A03559,C00364,Salary,2024-02-22,39388.85
A03560,C03288,Savings,2024-01-28,30775.15
A03561,C01855,Savings,2021-01-06,78362.76
A03562,C04189,Current,2023-03-11,39080.95
A03563,C04362,Salary,2024-07-14,114919.17
A03564,C00744,Salary,2023-12-03,32028.22
A03565,C00374,Savings,2022-10-15,22824.82
A03566,C04190,Fixed Deposit,2024-07-16,123769.15
A03567,C04128,Savings,2022-07-05,56050.35
A03568,C03735,Savings,2023-07-31,19103.9
A03569,C04085,Savings,2022-11-05,59277.61
A03570,C00140,Savings,2024-05-03,54014.25
A03571,C03021,Current,2023-07-17,34662.63
A03572,C03293,Current,2021-11-20,99466.01
A03573,C01565,Salary,2022-09-08,134952.26
A03574,C00058,Salary,2023-01-27,21549.14
A03575,C03497,Savings,2023-12-25,56363.03
A03576,C02188,Current,2021-07-20,38775.79
A03577,C02949,Savings,2021-08-30,24248.62
A03578,C04474,Current,2023-10-28,32542.33
A03579,C00373,Savings,2024-05-27,7409.31
A03580,C03135,Savings,2021-01-03,95677.93
A03581,C01588,Savings,2023-05-04,73813.38
A03582,C00778,Salary,2025-01-27,6440.88
A03583,C04263,Current,2023-08-26,30722.52
A03584,C03223,Salary,2023-08-23,49153.47
A03585,C03679,Savings,2021-11-01,78386.68
A03586,C04680,Fixed Deposit,2021-11-10,51585.8
A03587,C02549,Savings,2022-04-23,29078.61
A03588,C02944,Salary,2023-03-07,50561.06
A03589,C00999,Savings,2023-06-02,19678.68
A03590,C00560,Savings,2024-12-05,162296.72
A03591,C03344,Salary,2022-05-13,39854.63
A03592,C03502,Salary,2025-04-07,43242.54
A03593,C04015,Salary,2025-06-18,122146.34
A03594,C03679,Savings,2024-10-12,35540.25
A03595,C04329,Salary,2021-03-12,123248.66
A03596,C04656,Savings,2023-11-03,8569.6
A03597,C00921,Savings,2022-02-10,102597.17
A03598,C01243,Salary,2025-03-21,92044.69
A03599,C00081,Current,2023-11-12,5721.89
A03600,C03621,Fixed Deposit,2023-06-14,48859.29
A03601,C02662,Savings,2024-08-25,52340.62
A03602,C04799,Fixed Deposit,2024-08-11,135589.37
A03603,C00541,Current,2025-04-22,118139.58
A03604,C01275,Current,2021-01-31,9443.86
A03605,C02786,Savings,2023-12-22,39023.77
A03606,C03487,Salary,2024-05-29,15585.51
A03607,C03158,Salary,2024-10-14,19182.82
A03608,C04718,Savings,2025-06-05,74680.85
A03609,C02244,Salary,2024-11-07,17738.24
A03610,C03043,Savings,2025-03-22,36409.18
A03611,C01321,Salary,2025-06-29,24358.2
A03612,C02994,Fixed Deposit,2024-09-22,161205.14
A03613,C02092,Savings,2021-06-11,6968.52
A03614,C04059,Current,2022-07-18,111000.86
A03615,C03026,Savings,2021-06-07,138662.16
A03616,C04155,Current,2021-01-13,62036.97
A03617,C00479,Salary,2024-04-24,44545.97
A03618,C02666,Savings,2023-01-04,5786.47
A03619,C01757,Savings,2023-01-23,64760.45
A03620,C01799,Salary,2021-11-05,90039.73
A03621,C04880,Current,2021-05-28,39786.6
A03622,C03121,Savings,2023-10-18,20170.22
A03623,C02988,Savings,2023-12-15,135512.12
A03624,C02579,Savings,2023-07-16,16647.46
A03625,C01027,Savings,2022-07-25,100401.11
A03626,C04474,Salary,2025-06-22,58405.12
A03627,C04668,Savings,2022-10-30,31066.33
A03628,C01955,Current,2022-11-23,326159.37
A03629,C03314,Savings,2022-05-25,56068.88
A03630,C01565,Savings,2022-08-09,61390.54
A03631,C00587,Savings,2025-05-16,57519.76
A03632,C04453,Salary,2023-07-26,47683.77
A03633,C00685,Savings,2021-02-14,33290.78
A03634,C03269,Fixed Deposit,2021-03-27,129218.98
A03635,C03491,Savings,2024-08-08,39695.34
A03636,C00659,Savings,2021-09-21,7045.53
A03637,C01297,Savings,2024-07-15,17286.45
A03638,C01526,Savings,2023-10-05,102366.42
A03639,C02083,Salary,2024-06-02,80474.54
A03640,C04608,Salary,2021-08-04,14267.26
A03641,C01072,Savings,2021-08-19,22273.86
A03642,C02321,Salary,2022-10-16,20890.55
A03643,C02575,Salary,2024-04-15,134661.8
A03644,C00210,Fixed Deposit,2025-05-06,16333.27
A03645,C00624,Savings,2022-12-03,20905.69
A03646,C01806,Savings,2025-03-21,39005.21
A03647,C04269,Current,2022-12-08,9901.73
A03648,C03750,Savings,2022-05-28,39102.98
A03649,C04543,Salary,2024-02-02,14190.41
A03650,C00011,Salary,2024-01-30,17084.39
A03651,C00761,Savings,2021-11-01,22752.51
A03652,C01328,Salary,2021-12-17,30854.96
A03653,C01178,Salary,2023-03-14,21855.5
A03654,C02371,Fixed Deposit,2022-03-27,71230.9
A03655,C03609,Salary,2024-07-16,111417.59
A03656,C00977,Salary,2024-10-27,79219.49
A03657,C02493,Savings,2023-07-22,141802.86
A03658,C02390,Fixed Deposit,2023-11-28,61101.49
A03659,C02458,Savings,2023-06-21,34063.14
A03660,C03674,Savings,2023-02-01,43787.44
A03661,C02553,Savings,2023-01-03,9137.47
A03662,C04136,Salary,2021-03-04,92118.03
A03663,C01483,Savings,2022-05-20,25917.31
A03664,C02311,Salary,2023-08-03,34896.58
A03665,C03742,Current,2021-09-22,53343.29
A03666,C03840,Savings,2022-06-19,18119.91
A03667,C02756,Savings,2024-01-08,18645.37
A03668,C00823,Savings,2024-04-23,51597.28
A03669,C03598,Savings,2023-08-04,53789.99
A03670,C00461,Savings,2022-05-10,284655.99
A03671,C04313,Savings,2025-05-14,45216.14
A03672,C01741,Salary,2024-10-25,58757.71
A03673,C02125,Current,2023-06-22,294419.47
A03674,C01445,Salary,2023-02-03,49579.28
A03675,C03098,Savings,2025-06-13,53630.6
A03676,C04470,Savings,2023-05-05,2638.7
A03677,C00654,Salary,2021-11-27,25644.22
A03678,C05000,Salary,2025-01-03,43628.57
A03679,C03542,Savings,2024-06-15,18299.6
A03680,C00744,Savings,2023-06-23,44000.8
A03681,C00853,Fixed Deposit,2021-10-19,124816.05
A03682,C04927,Savings,2022-03-02,83386.75
A03683,C01562,Savings,2021-10-22,32920.87
A03684,C03946,Savings,2023-04-13,8939.59
A03685,C02677,Salary,2022-05-15,39249.92
A03686,C01319,Salary,2025-04-29,24880.37
A03687,C00122,Savings,2023-04-25,18202.62
A03688,C04255,Savings,2025-06-04,28168.89
A03689,C03728,Current,2022-10-15,26578.84
A03690,C00307,Savings,2023-11-27,29843.16
A03691,C03983,Savings,2025-03-30,24064.72
A03692,C01113,Savings,2022-09-26,132479.58
A03693,C04847,Savings,2024-11-21,46146.19
A03694,C01897,Salary,2023-01-20,46317.51
A03695,C04687,Current,2022-01-31,52789.81
A03696,C00346,Salary,2025-05-10,10541.74
A03697,C03912,Current,2023-11-12,90490.87
A03698,C00149,Fixed Deposit,2024-09-25,1219831.96
A03699,C01040,Fixed Deposit,2022-05-10,27490.91
A03700,C01391,Savings,2024-11-27,19787.53
A03701,C03905,Savings,2024-05-11,22158.34
A03702,C04877,Salary,2023-07-15,47527.65
A03703,C00118,Salary,2023-08-08,32138.16
A03704,C00704,Salary,2024-10-01,22846.52
A03705,C04384,Salary,2023-11-05,61532.39
A03706,C02956,Savings,2023-11-20,51483.83
A03707,C02025,Savings,2023-11-19,109142.41
A03708,C04539,Savings,2021-06-09,41352.84
A03709,C04997,Salary,2022-11-01,35006.07
A03710,C04397,Fixed Deposit,2022-09-12,44231.02
A03711,C04346,Savings,2022-09-19,44876.72
A03712,C01958,Current,2021-09-29,14211.97
A03713,C04782,Current,2022-02-24,96651.96
A03714,C02800,Savings,2023-04-30,63783.71
A03715,C00998,Salary,2022-05-04,44411.98
A03716,C00406,Current,2021-06-25,25274.13
A03717,C02849,Savings,2024-06-08,158677.16
A03718,C00244,Savings,2023-03-07,22174.22
A03719,C02415,Savings,2024-09-03,16895.49
A03720,C03857,Savings,2023-02-01,27495.03
A03721,C01606,Savings,2022-04-12,76437.29
A03722,C00433,Savings,2022-03-16,131888.72
A03723,C04279,Current,2023-12-16,94310.69
A03724,C02807,Salary,2024-09-16,11175.23
A03725,C01142,Current,2021-09-30,34451.01
A03726,C04127,Salary,2022-12-03,23550.72
A03727,C03025,Fixed Deposit,2023-11-11,93464.98
A03728,C01173,Salary,2021-06-14,27922.95
A03729,C03457,Savings,2025-02-24,72958.7
A03730,C04198,Savings,2023-06-02,24104.33
A03731,C01096,Savings,2024-12-12,16988.33
A03732,C03906,Current,2025-05-23,117841.21
A03733,C02853,Salary,2023-09-19,35294.07
A03734,C02456,Salary,2023-08-14,80510.53
A03735,C03924,Current,2024-07-14,12879.41
A03736,C01391,Current,2024-09-23,15401.5
A03737,C04926,Current,2023-06-04,11603.82
A03738,C02837,Fixed Deposit,2025-06-20,32570.59
A03739,C00618,Salary,2021-07-07,19744.42
A03740,C02597,Salary,2025-02-07,18255.46
A03741,C04387,Current,2021-07-27,35055.82
A03742,C02470,Savings,2021-03-15,14769.52
A03743,C04277,Savings,2022-11-05,18368.55
A03744,C02703,Savings,2022-11-04,44159.55
A03745,C03166,Savings,2024-11-18,212123.57
A03746,C00260,Fixed Deposit,2022-05-05,100396.3
A03747,C03179,Savings,2022-07-26,51286.66
A03748,C02292,Savings,2023-11-16,28544.11
A03749,C04431,Current,2023-05-24,6107.16
A03750,C01047,Current,2025-04-10,30343.02
A03751,C04367,Salary,2022-05-30,14469.6
A03752,C04058,Savings,2024-07-04,91187.9
A03753,C03212,Fixed Deposit,2021-10-07,269009.44
A03754,C01408,Savings,2023-03-29,16015.97
A03755,C01401,Fixed Deposit,2023-07-28,64136.68
A03756,C01010,Current,2023-01-30,10674.3
A03757,C03407,Salary,2022-07-10,76528.49
A03758,C03603,Savings,2023-11-23,111700.5
A03759,C04228,Current,2024-08-10,60637.79
A03760,C02816,Salary,2024-08-24,48421.38
A03761,C01745,Savings,2021-10-18,34907.44
A03762,C02549,Savings,2023-02-24,56668.46
A03763,C01546,Fixed Deposit,2023-04-06,51098.22
A03764,C00135,Savings,2024-08-20,25968.43
A03765,C04863,Fixed Deposit,2023-12-03,202152.24
A03766,C02860,Salary,2025-04-29,73401.7
A03767,C03479,Savings,2023-08-29,21734.72
A03768,C04866,Savings,2025-06-11,184331.97
A03769,C02142,Fixed Deposit,2023-01-12,34938.34
A03770,C01265,Current,2025-02-12,206937.24
A03771,C01773,Savings,2021-03-24,11274.17
A03772,C00165,Salary,2024-05-12,31869.83
A03773,C04421,Savings,2022-10-04,54701.79
A03774,C02988,Salary,2024-03-07,49666.99
A03775,C00620,Savings,2021-03-24,42824.98
A03776,C00231,Savings,2022-10-10,114201.78
A03777,C02781,Savings,2022-09-11,54080.96
A03778,C03152,Savings,2021-05-31,57723.43
A03779,C01378,Current,2023-08-02,21043.87
A03780,C01892,Salary,2023-05-10,75935.12
A03781,C03753,Salary,2021-11-15,24400.99
A03782,C03973,Salary,2024-06-24,101302.61
A03783,C03233,Savings,2023-11-27,132962.4
A03784,C00403,Current,2024-07-15,38983.73
A03785,C02775,Fixed Deposit,2025-05-29,104736.85
A03786,C04481,Savings,2021-04-25,46896.78
A03787,C02608,Savings,2024-01-10,34084.87
A03788,C01191,Current,2022-12-06,29788.31
A03789,C00389,Savings,2022-12-27,13098.11
A03790,C03405,Savings,2025-03-31,20027.58
A03791,C01774,Salary,2024-09-21,39614.21
A03792,C00790,Salary,2024-01-13,131845.88
A03793,C01495,Current,2023-06-06,49447.6
A03794,C02752,Salary,2023-02-17,101133.94
A03795,C01548,Savings,2023-03-21,7567.31
A03796,C00821,Current,2021-06-03,123831.35
A03797,C04037,Current,2021-09-10,65601.67
A03798,C04958,Current,2022-05-17,92537.63
A03799,C01480,Savings,2022-03-24,6318.59
A03800,C02370,Salary,2024-07-20,25468.76
A03801,C04066,Salary,2023-07-19,14133.46
A03802,C03131,Current,2023-04-05,68826.2
A03803,C01464,Savings,2023-05-04,57458.29
A03804,C01908,Savings,2022-05-22,84212.84
A03805,C03066,Savings,2021-05-12,25819.35
A03806,C03646,Savings,2024-09-10,75997.02
A03807,C04029,Salary,2021-12-17,36416.38
A03808,C03966,Salary,2024-01-12,104389.74
A03809,C04847,Current,2023-03-29,67504.79
A03810,C01317,Salary,2021-05-06,18898.29
A03811,C00182,Savings,2024-05-22,47092.48
A03812,C02655,Salary,2023-04-15,10446.35
A03813,C00961,Savings,2025-06-12,106349.02
A03814,C04201,Savings,2023-06-15,66071.97
A03815,C02655,Savings,2023-08-13,68443.57
A03816,C03295,Fixed Deposit,2022-04-07,149429.45
A03817,C00990,Savings,2022-09-17,44312.15
A03818,C04580,Savings,2021-04-15,9768.12
A03819,C01726,Current,2024-10-26,86547.37
A03820,C00707,Savings,2021-03-04,18724.59
A03821,C04116,Savings,2023-08-21,17366.12
A03822,C04848,Salary,2023-01-21,71466.4
A03823,C04331,Savings,2025-02-01,22673.79
A03824,C01621,Fixed Deposit,2021-01-26,76005.43
A03825,C04702,Current,2021-01-01,69846.48
A03826,C04650,Savings,2021-04-04,67972.11
A03827,C03422,Savings,2023-06-02,97837.16
A03828,C04682,Current,2022-03-28,22135.19
A03829,C03581,Savings,2023-11-02,27626.82
A03830,C00423,Current,2021-10-25,49817.47
A03831,C04016,Salary,2024-12-14,11419.33
A03832,C03197,Salary,2025-05-22,17640.94
A03833,C04554,Salary,2024-04-05,16340.59
A03834,C01915,Salary,2021-09-11,5487.76
A03835,C02602,Savings,2025-05-14,22364.57
A03836,C04011,Savings,2024-08-10,36694.96
A03837,C04086,Salary,2024-03-13,41965.53
A03838,C04942,Savings,2021-07-28,23995.68
A03839,C03183,Current,2024-06-03,16758.99
A03840,C04647,Salary,2025-01-21,32600.16
A03841,C03751,Savings,2023-06-26,22980.24
A03842,C02059,Savings,2021-10-11,4339.22
A03843,C01646,Salary,2025-06-15,16673.44
A03844,C04593,Salary,2025-02-18,47884.17
A03845,C03088,Savings,2024-02-09,35997.83
A03846,C02793,Current,2021-12-16,43125.48
A03847,C02537,Savings,2024-09-18,63188.41
A03848,C03260,Savings,2024-01-09,46411.34
A03849,C02512,Savings,2024-11-10,39294.9
A03850,C02091,Savings,2024-11-28,25230.07
A03851,C04635,Salary,2024-09-13,19627.97
A03852,C00568,Current,2024-08-10,38411.12
A03853,C00121,Fixed Deposit,2025-02-26,26012.68
A03854,C00316,Savings,2021-07-03,68666.17
A03855,C00621,Fixed Deposit,2021-07-31,27737.39
A03856,C04064,Current,2024-06-28,128004.87
A03857,C00454,Savings,2021-06-16,34557.71
A03858,C02735,Savings,2025-04-16,101356.75
A03859,C02672,Current,2024-03-31,13818.43
A03860,C04708,Salary,2025-06-20,159722.43
A03861,C00959,Salary,2024-07-20,13686.5
A03862,C02009,Salary,2023-05-25,34597.12
A03863,C04743,Savings,2025-04-09,11233.66
A03864,C00763,Savings,2024-12-13,37012.03
A03865,C01361,Savings,2022-02-11,32008.39
A03866,C04336,Savings,2024-11-16,4634.67
A03867,C02052,Salary,2022-03-14,41373.35
A03868,C00197,Salary,2024-01-16,58003.93
A03869,C00261,Savings,2022-02-09,16771.86
A03870,C03909,Salary,2021-10-02,28119.09
A03871,C04190,Savings,2024-12-09,29746.95
A03872,C01281,Savings,2022-07-16,160792.65
A03873,C00136,Savings,2024-09-12,43422.02
A03874,C02546,Savings,2021-04-22,22203.69
A03875,C03486,Savings,2023-03-03,13531.61
A03876,C00369,Savings,2021-10-29,7787.71
A03877,C03663,Savings,2021-05-16,32450.7
A03878,C04864,Savings,2021-11-29,40341.14
A03879,C03455,Current,2023-10-24,12221.56
A03880,C04769,Savings,2024-03-31,10146.52
A03881,C04607,Fixed Deposit,2025-03-16,99969.79
A03882,C04809,Salary,2021-03-18,87573.1
A03883,C04916,Fixed Deposit,2021-07-04,50387.45
A03884,C00545,Current,2022-07-24,57366.54
A03885,C04600,Salary,2025-02-12,33101.55
A03886,C03424,Savings,2024-04-01,376803.11
A03887,C04901,Salary,2023-11-11,33703.25
A03888,C04806,Savings,2025-05-20,125272.08
A03889,C02373,Savings,2025-05-21,60420.25
A03890,C04484,Savings,2023-08-11,22292.87
A03891,C04336,Savings,2024-08-14,61736.78
A03892,C01098,Savings,2021-10-26,34480.33
A03893,C02079,Fixed Deposit,2024-07-29,26118.09
A03894,C02527,Savings,2022-04-17,39439.12
A03895,C04164,Salary,2022-02-14,24665.06
A03896,C03712,Savings,2024-11-16,34733.65
A03897,C03054,Salary,2022-11-18,34090.54
A03898,C01944,Salary,2021-06-14,29740.0
A03899,C01720,Current,2024-01-11,15391.59
A03900,C00291,Savings,2022-10-20,108953.08
A03901,C03690,Salary,2021-06-13,34020.68
A03902,C00975,Savings,2021-04-14,44318.6
A03903,C00415,Current,2024-02-28,30382.38
A03904,C00851,Current,2022-08-19,25207.55
A03905,C03778,Savings,2021-04-30,43428.48
A03906,C02729,Savings,2021-09-16,128749.11
A03907,C04642,Savings,2024-02-02,8931.32
A03908,C03961,Salary,2021-12-30,13607.14
A03909,C00742,Salary,2025-04-19,27015.78
A03910,C00592,Savings,2022-01-04,17873.23
A03911,C00750,Savings,2023-08-16,222779.72
A03912,C02220,Savings,2024-09-11,26551.37
A03913,C00838,Savings,2024-04-23,55672.94
A03914,C03131,Salary,2022-01-29,28118.81
A03915,C03482,Salary,2024-09-29,3704.0
A03916,C00534,Salary,2022-06-14,25187.91
A03917,C04461,Salary,2024-12-11,12664.07
A03918,C04463,Current,2024-06-08,48912.54
A03919,C01774,Current,2021-05-15,27754.41
A03920,C02344,Salary,2021-02-14,18228.96
A03921,C02654,Salary,2022-09-16,32777.89
A03922,C02571,Salary,2025-02-24,24706.47
A03923,C00265,Salary,2023-07-14,91030.72
A03924,C03596,Savings,2022-08-18,60167.52
A03925,C02035,Fixed Deposit,2024-12-16,310754.75
A03926,C03203,Salary,2025-04-24,69558.21
A03927,C00382,Savings,2023-02-05,56417.16
A03928,C03297,Salary,2024-03-14,62149.72
A03929,C01167,Savings,2024-09-02,70311.49
A03930,C02479,Salary,2025-05-06,7187.62
A03931,C00389,Fixed Deposit,2021-10-20,104214.2
A03932,C02072,Savings,2025-05-22,8631.71
A03933,C00395,Salary,2022-06-20,6498.34
A03934,C03658,Salary,2022-09-26,13346.24
A03935,C03257,Salary,2022-04-11,45632.78
A03936,C04020,Savings,2021-02-18,11268.01
A03937,C02240,Savings,2022-10-23,57386.01
A03938,C04817,Current,2022-04-04,158263.36
A03939,C02860,Savings,2022-11-28,27526.15
A03940,C02394,Current,2023-02-01,43597.49
A03941,C04569,Salary,2022-03-01,19298.22
A03942,C02051,Fixed Deposit,2023-01-25,21699.2
A03943,C03122,Savings,2023-05-27,30481.37
A03944,C00925,Savings,2022-10-23,18007.3
A03945,C04972,Salary,2021-03-09,23970.84
A03946,C03576,Savings,2022-05-24,18815.62
A03947,C03283,Salary,2023-01-06,10873.72
A03948,C03752,Salary,2021-07-29,32661.88
A03949,C03355,Salary,2022-12-05,6410.22
A03950,C04475,Savings,2024-08-16,57226.28
A03951,C03398,Savings,2021-05-04,7934.62
A03952,C03769,Savings,2023-03-07,21289.7
A03953,C04221,Savings,2021-10-19,103908.48
A03954,C02982,Salary,2022-02-25,69121.9
A03955,C04576,Savings,2023-03-23,36265.13
A03956,C03473,Current,2021-02-19,261072.54
A03957,C02618,Salary,2021-07-02,39509.72
A03958,C03500,Savings,2021-09-04,94094.57
A03959,C03593,Current,2024-01-17,20668.0
A03960,C00432,Salary,2022-10-12,2703.09
A03961,C01113,Savings,2022-07-04,44558.57
A03962,C04697,Savings,2022-07-15,54144.41
A03963,C04952,Current,2021-03-13,52628.95
A03964,C02054,Current,2023-02-09,9920.46
A03965,C04254,Current,2022-07-10,529869.91
A03966,C04319,Savings,2024-08-07,13434.83
A03967,C02450,Savings,2022-05-19,39809.33
A03968,C00545,Savings,2022-09-20,45506.44
A03969,C03159,Savings,2022-10-23,75911.25
A03970,C02629,Salary,2024-08-29,19524.92
A03971,C03452,Current,2024-08-04,58142.33
A03972,C00538,Current,2022-05-23,155841.29
A03973,C01437,Savings,2023-12-31,24039.21
A03974,C02816,Savings,2021-06-10,23033.98
A03975,C03766,Salary,2021-05-07,14634.62
A03976,C03063,Salary,2025-01-19,45202.87
A03977,C00260,Salary,2025-04-02,16336.69
A03978,C04922,Savings,2024-08-20,67671.14
A03979,C04412,Current,2022-05-05,23507.81
A03980,C04842,Salary,2021-08-27,29276.44
A03981,C00719,Fixed Deposit,2021-06-25,26678.23
A03982,C02728,Fixed Deposit,2021-07-29,452882.18
A03983,C02902,Fixed Deposit,2025-05-12,71645.09
A03984,C00461,Salary,2021-12-25,12864.95
A03985,C02855,Current,2024-04-27,46603.7
A03986,C04068,Savings,2025-03-13,7901.79
A03987,C01703,Salary,2025-04-29,20079.46
A03988,C03248,Savings,2022-09-26,53262.66
A03989,C02978,Savings,2023-11-23,57999.35
A03990,C01815,Salary,2022-05-16,81276.7
A03991,C03481,Salary,2021-11-08,117336.66
A03992,C01742,Salary,2025-04-13,30989.34
A03993,C04072,Savings,2024-03-20,81146.28
A03994,C00030,Current,2025-05-18,74827.07
A03995,C03494,Fixed Deposit,2025-03-23,139665.73
A03996,C00982,Salary,2021-04-21,9560.23
A03997,C00231,Current,2024-03-01,45867.7
A03998,C02777,Current,2022-06-04,27967.65
A03999,C01252,Fixed Deposit,2024-08-21,211310.86
A04000,C04495,Savings,2023-11-19,39997.72
A04001,C04191,Savings,2023-04-30,25384.93
A04002,C01964,Savings,2023-07-22,27452.07
A04003,C04571,Savings,2024-10-06,26069.4
A04004,C03167,Savings,2025-03-22,41849.98
A04005,C01779,Current,2025-02-24,48523.38
A04006,C04871,Savings,2022-02-12,30286.93
A04007,C01148,Savings,2025-03-12,27138.81
A04008,C02848,Savings,2022-09-16,15373.73
A04009,C03851,Salary,2024-02-03,133012.28
A04010,C02992,Current,2022-12-20,28344.13
A04011,C03071,Savings,2022-07-06,45061.02
A04012,C00621,Savings,2023-02-19,52817.56
A04013,C00964,Current,2021-11-16,46450.58
A04014,C02861,Salary,2023-12-06,23997.58
A04015,C02143,Current,2024-06-18,62016.76
A04016,C01501,Fixed Deposit,2024-07-17,236951.6
A04017,C03190,Current,2022-10-29,66647.73
A04018,C01327,Salary,2022-09-20,53663.93
A04019,C00122,Savings,2023-11-27,65090.29
A04020,C04314,Salary,2024-05-13,38535.36
A04021,C01077,Salary,2025-02-18,28324.42
A04022,C03198,Savings,2024-02-08,203393.67
A04023,C01183,Savings,2025-02-18,144337.88
A04024,C00795,Current,2024-09-03,23555.07
A04025,C01625,Savings,2025-06-04,100835.11
A04026,C04272,Salary,2021-03-17,55255.9
A04027,C00292,Salary,2022-09-02,40818.44
A04028,C00491,Savings,2025-03-02,141075.27
A04029,C02809,Savings,2022-04-24,40339.65
A04030,C03429,Fixed Deposit,2024-11-13,82215.56
A04031,C00634,Savings,2022-08-11,56390.27
A04032,C03500,Savings,2022-08-16,11955.45
A04033,C02173,Savings,2021-12-30,46438.95
A04034,C03387,Fixed Deposit,2021-11-05,18804.53
A04035,C03908,Salary,2023-12-23,61511.75
A04036,C04700,Current,2021-09-24,59214.5
A04037,C03469,Savings,2021-02-02,104599.88
A04038,C00491,Savings,2021-02-09,63780.19
A04039,C04661,Savings,2022-11-17,369123.19
A04040,C04264,Salary,2021-09-17,10188.59
A04041,C00759,Savings,2023-01-06,35695.78
A04042,C01198,Current,2021-09-24,93367.2
A04043,C03444,Current,2022-10-29,101545.99
A04044,C01905,Savings,2024-06-02,21674.18
A04045,C01651,Fixed Deposit,2024-11-07,190117.51
A04046,C04276,Savings,2025-03-02,9727.02
A04047,C03192,Savings,2022-10-01,17593.94
A04048,C00028,Salary,2023-10-26,52592.09
A04049,C02751,Savings,2023-10-18,46731.49
A04050,C02705,Savings,2022-03-22,112309.89
A04051,C02880,Current,2021-10-15,81054.76
A04052,C04358,Savings,2023-12-18,24490.73
A04053,C03726,Fixed Deposit,2024-01-01,202881.4
A04054,C02674,Savings,2023-03-05,59618.19
A04055,C02833,Savings,2025-04-14,76494.46
A04056,C03110,Salary,2024-01-11,74729.39
A04057,C04293,Savings,2023-02-14,29190.29
A04058,C03597,Salary,2025-06-30,88446.12
A04059,C03696,Savings,2021-10-04,49459.82
A04060,C01461,Savings,2023-08-21,82152.44
A04061,C02922,Savings,2025-03-26,138788.57
A04062,C01434,Savings,2025-05-17,33294.8
A04063,C04429,Savings,2023-01-06,92650.44
A04064,C03537,Savings,2024-03-05,26684.03
A04065,C01182,Current,2023-01-06,23915.32
A04066,C03406,Savings,2021-04-24,36064.1
A04067,C04175,Savings,2023-02-11,35984.37
A04068,C03915,Savings,2021-06-06,55142.01
A04069,C04293,Current,2024-11-20,13161.71
A04070,C03192,Savings,2023-10-10,60278.21
A04071,C01784,Savings,2024-06-06,31824.12
A04072,C03723,Salary,2025-06-24,6617.33
A04073,C04322,Savings,2021-09-12,52066.16
A04074,C02643,Savings,2024-04-17,129677.46
A04075,C03712,Savings,2024-06-06,94686.86
A04076,C02961,Savings,2024-10-22,36284.58
A04077,C04831,Salary,2023-11-21,24707.55
A04078,C01580,Savings,2021-04-18,79520.46
A04079,C01620,Savings,2021-10-09,24720.51
A04080,C02967,Savings,2022-09-13,34919.15
A04081,C04316,Fixed Deposit,2022-01-25,660917.07
A04082,C02341,Savings,2025-04-14,138465.75
A04083,C01228,Current,2022-06-13,30884.23
A04084,C01729,Savings,2024-11-28,67278.67
A04085,C03586,Current,2024-04-08,152477.45
A04086,C00202,Current,2023-05-28,55330.87
A04087,C03161,Savings,2024-04-13,13608.21
A04088,C03274,Savings,2024-01-03,49503.47
A04089,C01714,Savings,2022-03-30,29598.83
A04090,C00753,Savings,2022-05-24,30164.46
A04091,C00115,Savings,2024-06-17,19888.81
A04092,C03981,Savings,2021-04-06,13494.12
A04093,C02819,Savings,2025-03-18,21818.07
A04094,C00469,Savings,2021-07-21,72210.34
A04095,C00426,Current,2023-11-27,88762.65
A04096,C01576,Savings,2021-04-01,247959.78
A04097,C01866,Savings,2021-08-21,23626.63
A04098,C00834,Salary,2022-10-21,18047.86
A04099,C04107,Current,2023-10-08,81055.86
A04100,C03704,Salary,2023-03-20,9670.04
A04101,C01409,Salary,2023-07-01,6090.76
A04102,C03482,Salary,2021-09-10,78194.78
A04103,C02171,Savings,2024-10-26,15962.21
A04104,C00604,Salary,2022-12-25,19759.29
A04105,C00213,Salary,2025-01-07,64968.23
A04106,C03902,Salary,2022-03-17,39121.65
A04107,C03739,Savings,2023-09-23,28759.06
A04108,C02755,Salary,2021-03-05,11365.83
A04109,C04636,Current,2021-01-05,22504.58
A04110,C04802,Savings,2021-03-13,23461.17
A04111,C01759,Salary,2024-11-21,25362.8
A04112,C04594,Savings,2022-09-09,63136.1
A04113,C03069,Salary,2021-11-26,49072.31
A04114,C00782,Current,2025-04-21,30177.44
A04115,C04222,Savings,2024-03-16,41127.63
A04116,C03431,Salary,2024-12-09,183116.19
A04117,C01527,Salary,2021-12-15,50884.1
A04118,C00841,Savings,2021-12-31,135321.5
A04119,C01342,Savings,2023-03-02,21965.48
A04120,C04108,Current,2022-02-20,30560.83
A04121,C01501,Savings,2022-09-17,27286.64
A04122,C00516,Savings,2022-05-22,51901.71
A04123,C03463,Salary,2022-06-07,56383.11
A04124,C03080,Fixed Deposit,2022-12-07,107585.89
A04125,C01148,Savings,2021-09-07,4438.35
A04126,C03444,Savings,2023-06-20,16372.94
A04127,C03257,Current,2021-09-06,45994.05
A04128,C02595,Salary,2024-10-06,195231.28
A04129,C03657,Salary,2024-07-16,23083.47
A04130,C01549,Savings,2023-05-04,270370.79
A04131,C02087,Current,2022-03-24,10949.4
A04132,C03156,Savings,2021-03-24,45272.16
A04133,C02351,Salary,2025-04-14,31440.06
A04134,C00979,Savings,2024-12-01,23274.94
A04135,C02306,Salary,2021-12-05,81751.98
A04136,C03884,Current,2024-01-09,33920.52
A04137,C03048,Salary,2021-04-05,9367.44
A04138,C02590,Savings,2023-07-01,6218.72
A04139,C02007,Salary,2021-09-16,13973.84
A04140,C02600,Fixed Deposit,2021-05-02,115525.71
A04141,C02509,Fixed Deposit,2024-02-22,54523.22
A04142,C04320,Fixed Deposit,2022-06-19,165957.89
A04143,C02140,Savings,2023-08-11,31793.86
A04144,C00280,Savings,2023-06-24,46650.32
A04145,C01194,Savings,2023-08-05,141362.08
A04146,C01758,Savings,2024-08-05,30695.96
A04147,C02046,Savings,2025-01-25,211744.54
A04148,C00248,Current,2021-04-02,66938.56
A04149,C01385,Salary,2023-11-14,15544.21
A04150,C01373,Current,2024-02-05,12273.23
A04151,C02914,Salary,2021-02-21,9936.06
A04152,C03673,Savings,2022-12-12,37540.15
A04153,C00045,Salary,2021-10-21,8376.03
A04154,C02086,Savings,2021-10-27,178489.38
A04155,C04512,Savings,2021-12-11,272416.7
A04156,C02541,Savings,2024-11-06,8588.84
A04157,C02371,Salary,2025-05-11,45527.15
A04158,C02516,Fixed Deposit,2021-07-13,11180.77
A04159,C04183,Savings,2025-04-30,68849.96
A04160,C04324,Savings,2022-03-12,84890.19
A04161,C00623,Salary,2022-01-20,36228.62
A04162,C03382,Current,2023-05-05,47532.71
A04163,C00485,Current,2023-01-21,20058.11
A04164,C02888,Savings,2024-10-27,37775.53
A04165,C00025,Salary,2021-11-16,69041.77
A04166,C01815,Savings,2021-08-27,30688.22
A04167,C01226,Savings,2022-01-27,109359.19
A04168,C01249,Savings,2022-10-10,19547.13
A04169,C00779,Fixed Deposit,2024-08-01,49069.04
A04170,C02843,Savings,2021-01-13,5664.98
A04171,C03701,Salary,2024-11-09,293504.84
A04172,C01583,Savings,2022-06-25,6052.76
A04173,C04849,Savings,2022-11-21,98916.69
A04174,C01714,Fixed Deposit,2024-08-09,95981.0
A04175,C03592,Savings,2021-09-14,36132.25
A04176,C04522,Salary,2021-04-18,16301.45
A04177,C03139,Fixed Deposit,2025-05-24,43132.1
A04178,C04756,Salary,2021-07-02,25531.06
A04179,C01518,Savings,2022-01-02,22665.46
A04180,C02733,Salary,2023-10-17,5362.29
A04181,C04643,Salary,2023-04-11,61371.36
A04182,C02964,Fixed Deposit,2025-04-07,117761.33
A04183,C03864,Salary,2023-05-12,26551.78
A04184,C03769,Savings,2025-03-27,34896.78
A04185,C01497,Salary,2024-08-01,61052.48
A04186,C03728,Current,2023-05-24,10473.73
A04187,C01736,Savings,2024-07-06,8465.66
A04188,C01344,Current,2021-06-22,36620.92
A04189,C02268,Salary,2023-01-30,27028.1
A04190,C03916,Current,2023-02-10,24756.34
A04191,C00049,Salary,2024-09-15,62559.28
A04192,C02511,Savings,2022-03-28,25444.11
A04193,C03335,Savings,2022-04-16,54043.56
A04194,C03661,Savings,2024-01-10,179380.37
A04195,C01747,Savings,2021-11-17,240335.5
A04196,C00496,Savings,2022-03-17,79109.21
A04197,C00634,Fixed Deposit,2022-02-03,7664.63
A04198,C04698,Current,2021-07-07,64102.14
A04199,C02818,Savings,2025-01-01,147186.36
A04200,C02721,Savings,2023-06-04,46176.69
A04201,C00176,Current,2023-04-30,19943.23
A04202,C03161,Savings,2025-01-11,25108.96
A04203,C00639,Current,2023-01-13,109823.87
A04204,C03358,Savings,2025-02-02,22499.93
A04205,C04393,Savings,2025-04-13,15415.11
A04206,C00475,Salary,2023-05-12,20175.57
A04207,C03828,Current,2025-01-24,38253.35
A04208,C01647,Savings,2022-05-30,29726.25
A04209,C01959,Fixed Deposit,2024-06-14,15337.1
A04210,C04121,Savings,2021-06-30,24694.1
A04211,C00349,Savings,2022-02-14,200241.29
A04212,C00637,Salary,2022-05-31,42963.44
A04213,C03615,Salary,2023-07-01,62983.09
A04214,C03821,Savings,2023-05-10,10113.43
A04215,C04323,Salary,2024-01-01,66070.78
A04216,C04134,Savings,2021-07-01,140758.5
A04217,C02618,Fixed Deposit,2021-04-14,87029.89
A04218,C01205,Salary,2024-07-19,12264.23
A04219,C02162,Savings,2021-10-14,64630.72
A04220,C02180,Savings,2021-03-28,75391.94
A04221,C00348,Current,2022-01-21,19333.75
A04222,C01204,Current,2024-01-02,95028.82
A04223,C00983,Salary,2022-08-26,54506.28
A04224,C00732,Salary,2024-08-26,6042.24
A04225,C02601,Savings,2022-11-30,21393.03
A04226,C00453,Salary,2022-03-19,26831.43
A04227,C04074,Current,2024-06-13,34497.98
A04228,C02895,Savings,2022-08-08,36170.25
A04229,C02235,Salary,2024-06-07,73896.59
A04230,C00164,Savings,2021-09-11,76261.45
A04231,C01448,Savings,2023-08-10,155440.99
A04232,C03870,Salary,2021-12-21,49259.16
A04233,C00102,Current,2025-02-27,137138.54
A04234,C04055,Salary,2022-02-14,83951.53
A04235,C03708,Savings,2024-05-07,109550.07
A04236,C01453,Savings,2022-03-05,152739.32
A04237,C04787,Savings,2022-04-20,26796.17
A04238,C02659,Savings,2022-08-11,33771.01
A04239,C00536,Fixed Deposit,2023-09-04,9875.56
A04240,C01701,Savings,2023-07-06,98176.93
A04241,C01464,Current,2021-12-08,91352.9
A04242,C04220,Current,2022-04-19,41364.57
A04243,C04345,Salary,2022-02-01,74370.67
A04244,C01972,Current,2024-12-20,95030.25
A04245,C01453,Current,2023-12-05,36949.0
A04246,C01594,Salary,2024-09-28,53480.45
A04247,C00713,Savings,2022-11-22,35853.25
A04248,C03656,Fixed Deposit,2023-01-04,59794.65
A04249,C04343,Salary,2023-11-07,19705.84
A04250,C04577,Savings,2021-08-07,10269.91
A04251,C04085,Salary,2022-08-19,11435.0
A04252,C01449,Salary,2021-07-10,34050.57
A04253,C03649,Salary,2024-11-15,13241.78
A04254,C02014,Savings,2025-01-02,15521.25
A04255,C00459,Salary,2022-10-06,17377.85
A04256,C02844,Savings,2025-03-01,28187.7
A04257,C00593,Savings,2021-04-04,100461.8
A04258,C00498,Salary,2024-01-24,5313.73
A04259,C02135,Salary,2024-01-11,37906.39
A04260,C02450,Current,2021-12-06,15803.71
A04261,C04293,Current,2023-03-19,34840.81
A04262,C02812,Salary,2021-12-26,20754.27
A04263,C00027,Salary,2021-04-22,30740.84
A04264,C03917,Savings,2021-10-30,9049.51
A04265,C01718,Savings,2021-02-20,52552.1
A04266,C02254,Salary,2023-03-17,38408.63
A04267,C03643,Savings,2022-12-02,41736.73
A04268,C03656,Savings,2022-10-23,86715.06
A04269,C03299,Current,2024-07-28,10212.01
A04270,C04699,Current,2024-02-11,13605.83
A04271,C04458,Savings,2021-02-05,161887.97
A04272,C01284,Salary,2022-09-15,59301.5
A04273,C01087,Savings,2022-11-14,6424.41
A04274,C02016,Savings,2024-01-07,30873.16
A04275,C01716,Savings,2023-04-29,94841.18
A04276,C01727,Savings,2025-04-13,236777.73
A04277,C00908,Current,2023-08-18,147586.36
A04278,C03464,Savings,2021-02-14,24099.24
A04279,C04342,Salary,2023-05-23,32430.1
A04280,C04443,Salary,2023-08-10,7081.78
A04281,C04468,Savings,2024-08-20,39850.95
A04282,C00809,Savings,2024-11-16,43633.74
A04283,C02897,Savings,2022-10-16,82180.45
A04284,C02171,Salary,2021-01-15,5007.72
A04285,C03129,Savings,2022-10-02,15811.01
A04286,C04256,Salary,2021-06-16,29647.94
A04287,C01151,Savings,2021-03-04,79890.37
A04288,C03679,Fixed Deposit,2025-05-14,45557.87
A04289,C01335,Current,2021-07-22,302973.32
A04290,C00518,Salary,2024-03-26,13732.85
A04291,C01289,Current,2025-03-19,23315.82
A04292,C00746,Current,2025-04-24,13604.82
A04293,C04516,Salary,2021-10-05,30187.35
A04294,C03968,Salary,2024-01-30,55661.83
A04295,C04236,Salary,2023-06-14,42768.53
A04296,C04803,Salary,2024-04-07,16698.3
A04297,C00698,Savings,2025-04-05,109067.11
A04298,C03035,Savings,2022-02-07,125875.18
A04299,C00475,Savings,2024-03-10,19344.91
A04300,C03977,Salary,2021-12-13,584420.2
A04301,C00511,Savings,2023-02-26,13432.96
A04302,C00538,Salary,2023-09-03,37621.95
A04303,C02261,Savings,2023-04-14,37646.76
A04304,C02945,Savings,2021-07-12,13202.18
A04305,C03875,Savings,2023-06-18,43456.87
A04306,C01367,Savings,2021-06-01,32575.98
A04307,C01062,Current,2022-01-21,53001.94
A04308,C04329,Savings,2024-05-16,36285.35
A04309,C02308,Savings,2023-09-16,74608.62
A04310,C00308,Salary,2025-04-22,62482.24
A04311,C04499,Savings,2024-11-12,14890.19
A04312,C00997,Savings,2024-01-07,27703.21
A04313,C01285,Salary,2021-06-21,17412.6
A04314,C04846,Savings,2025-04-30,162830.5
A04315,C01130,Savings,2021-12-03,85800.12
A04316,C00304,Savings,2025-06-08,48879.89
A04317,C03892,Current,2023-06-11,58772.16
A04318,C00855,Savings,2024-12-25,32757.4
A04319,C01746,Savings,2022-08-28,41696.61
A04320,C00818,Savings,2022-05-04,18527.29
A04321,C03650,Savings,2022-10-28,19991.4
A04322,C00973,Savings,2021-04-16,63277.88
A04323,C04134,Savings,2023-05-20,13776.37
A04324,C01179,Current,2024-05-17,19284.31
A04325,C00105,Savings,2024-10-03,29610.49
A04326,C00255,Salary,2021-12-18,9332.69
A04327,C02536,Salary,2023-04-28,89394.76
A04328,C00591,Salary,2021-02-17,65668.33
A04329,C00525,Salary,2024-06-23,53404.74
A04330,C00370,Salary,2021-01-31,25578.91
A04331,C04198,Current,2022-04-20,104461.08
A04332,C02964,Savings,2022-04-22,52472.23
A04333,C00664,Savings,2024-07-04,88337.68
A04334,C00690,Savings,2024-02-24,93091.07
A04335,C02647,Savings,2021-08-07,23634.11
A04336,C02589,Salary,2021-09-02,16367.17
A04337,C01536,Salary,2025-02-12,14703.71
A04338,C02029,Savings,2022-03-19,38339.83
A04339,C01857,Current,2022-05-16,3130.28
A04340,C03187,Savings,2024-06-04,13848.23
A04341,C02770,Salary,2023-06-17,19433.43
A04342,C02988,Current,2023-02-08,20781.29
A04343,C04476,Savings,2021-09-12,62122.96
A04344,C01149,Salary,2021-03-11,9992.82
A04345,C00781,Current,2022-03-31,7903.49
A04346,C04406,Current,2022-08-01,8043.85
A04347,C02154,Savings,2023-10-23,58266.13
A04348,C00556,Fixed Deposit,2022-05-10,38722.36
A04349,C03297,Salary,2021-11-21,20837.76
A04350,C03314,Current,2023-02-20,174443.02
A04351,C04493,Savings,2022-02-07,53846.12
A04352,C02584,Savings,2023-05-01,18837.25
A04353,C03708,Salary,2021-05-09,10420.11
A04354,C03869,Savings,2025-02-15,197473.13
A04355,C03044,Savings,2021-05-26,45006.35
A04356,C03014,Savings,2024-01-25,24544.07
A04357,C03845,Savings,2022-05-16,43343.35
A04358,C01170,Savings,2025-01-19,24955.44
A04359,C03263,Savings,2024-11-28,57397.5
A04360,C04023,Savings,2021-01-08,7897.31
A04361,C00201,Salary,2021-08-08,25296.26
A04362,C01891,Current,2022-12-26,14030.79
A04363,C00012,Savings,2021-04-12,33824.71
A04364,C01977,Salary,2023-02-13,15361.8
A04365,C01326,Savings,2021-01-02,21182.56
A04366,C03372,Savings,2025-02-22,22131.13
A04367,C04071,Savings,2022-11-26,45814.08
A04368,C03557,Salary,2023-02-10,25748.26
A04369,C04967,Salary,2023-04-14,14568.25
A04370,C00366,Savings,2023-01-10,52650.64
A04371,C00657,Salary,2021-07-19,237306.67
A04372,C00161,Fixed Deposit,2021-01-26,47387.27
A04373,C00175,Savings,2023-08-02,117272.06
A04374,C03471,Current,2024-10-05,9031.29
A04375,C04061,Savings,2021-04-12,18276.91
A04376,C00545,Current,2023-08-21,116492.01
A04377,C03855,Current,2024-09-16,44214.2
A04378,C01762,Salary,2023-05-07,19035.63
A04379,C00957,Current,2022-01-07,77034.57
A04380,C00452,Current,2021-07-16,14298.29
A04381,C00082,Savings,2022-05-25,38509.98
A04382,C01237,Savings,2023-10-12,84355.0
A04383,C04912,Salary,2023-11-20,50421.35
A04384,C00447,Savings,2023-07-12,347498.63
A04385,C02166,Savings,2021-10-26,21841.7
A04386,C01620,Savings,2024-03-02,67837.57
A04387,C01794,Savings,2025-04-05,80159.69
A04388,C03315,Savings,2024-08-24,29811.83
A04389,C04845,Salary,2021-01-21,15669.17
A04390,C01174,Savings,2023-12-01,103245.24
A04391,C00646,Current,2025-03-02,23043.51
A04392,C00379,Savings,2023-08-22,64816.03
A04393,C02656,Salary,2025-02-04,53363.99
A04394,C03585,Savings,2023-08-25,40665.77
A04395,C03734,Salary,2024-08-24,122152.86
A04396,C01141,Savings,2022-04-04,49149.71
A04397,C03736,Current,2022-05-29,63898.62
A04398,C02014,Savings,2025-03-07,52247.61
A04399,C00662,Salary,2023-12-04,38893.39
A04400,C04972,Savings,2021-02-10,25773.13
A04401,C00012,Savings,2023-04-18,35684.76
A04402,C00388,Savings,2021-09-20,63316.68
A04403,C03024,Salary,2024-08-10,55479.22
A04404,C03834,Savings,2022-11-16,62158.77
A04405,C01920,Salary,2023-10-30,1086660.15
A04406,C04492,Fixed Deposit,2023-12-13,41641.49
A04407,C02593,Savings,2023-10-20,8722.76
A04408,C02709,Fixed Deposit,2021-05-08,45234.0
A04409,C04736,Savings,2022-06-15,26359.37
A04410,C00100,Salary,2022-10-06,53946.83
A04411,C04553,Fixed Deposit,2022-06-09,52088.87
A04412,C04077,Fixed Deposit,2023-01-27,126314.59
A04413,C02772,Savings,2023-08-24,18203.51
A04414,C04170,Salary,2024-03-09,61077.41
A04415,C02378,Savings,2023-06-13,9814.9
A04416,C01864,Savings,2023-01-29,36143.92
A04417,C04020,Savings,2021-08-20,17501.08
A04418,C04271,Savings,2023-07-22,26249.19
A04419,C03759,Salary,2025-05-11,5732.27
A04420,C04593,Savings,2021-03-29,78475.69
A04421,C04524,Fixed Deposit,2023-02-05,46366.13
A04422,C00035,Current,2025-05-07,32855.46
A04423,C02167,Salary,2022-09-29,52847.74
A04424,C03640,Salary,2021-07-20,18811.03
A04425,C03973,Salary,2023-09-13,23305.38
A04426,C03381,Savings,2024-11-12,7404.58
A04427,C03177,Current,2021-12-27,27134.98
A04428,C00176,Savings,2021-05-12,145475.27
A04429,C02154,Savings,2021-06-26,46430.97
A04430,C04688,Savings,2023-12-12,9384.04
A04431,C01587,Salary,2025-04-19,53172.0
A04432,C03659,Savings,2021-01-22,114988.5
A04433,C03003,Savings,2022-10-15,14619.92
A04434,C00953,Savings,2024-09-04,29911.95
A04435,C04957,Savings,2023-02-22,30761.87
A04436,C02872,Current,2021-06-17,40513.1
A04437,C04330,Current,2023-11-28,40236.37
A04438,C02715,Fixed Deposit,2023-05-23,115426.84
A04439,C03657,Savings,2025-05-10,32403.08
A04440,C02979,Savings,2023-07-29,110207.03
A04441,C01810,Savings,2024-10-28,6435.65
A04442,C02807,Salary,2022-09-24,12906.41
A04443,C04152,Savings,2025-05-21,138415.58
A04444,C03760,Savings,2023-04-14,23634.32
A04445,C03329,Savings,2024-12-21,59916.91
A04446,C02971,Savings,2024-04-04,32281.33
A04447,C04909,Savings,2022-12-23,85016.18
A04448,C03135,Salary,2025-03-06,52673.23
A04449,C01960,Salary,2024-01-04,390017.68
A04450,C00806,Savings,2022-03-16,35536.94
A04451,C03101,Savings,2024-07-12,24936.64
A04452,C01576,Savings,2024-11-30,114724.89
A04453,C03731,Salary,2021-08-31,66961.37
A04454,C00600,Salary,2022-08-24,17529.1
A04455,C02616,Salary,2023-02-01,79745.81
A04456,C03372,Savings,2022-06-27,43579.89
A04457,C00612,Salary,2021-10-04,39275.9
A04458,C01950,Fixed Deposit,2022-07-04,96813.56
A04459,C00561,Salary,2024-08-24,75363.55
A04460,C02547,Savings,2022-02-07,43089.51
A04461,C00627,Current,2022-10-12,28644.01
A04462,C02812,Salary,2024-12-24,237944.32
A04463,C01611,Savings,2023-09-24,35026.81
A04464,C03263,Savings,2021-03-17,120968.58
A04465,C03783,Current,2021-12-05,21893.6
A04466,C00675,Salary,2023-02-04,16960.09
A04467,C03723,Fixed Deposit,2025-01-13,156510.34
A04468,C00049,Savings,2024-01-08,28902.22
A04469,C01387,Salary,2021-02-07,6337.11
A04470,C01903,Savings,2021-11-14,30195.53
A04471,C04723,Fixed Deposit,2024-09-13,103165.83
A04472,C03568,Savings,2024-12-24,19404.59
A04473,C04373,Savings,2024-04-01,17374.6
A04474,C02095,Savings,2024-10-13,43218.39
A04475,C03843,Current,2022-10-02,13004.08
A04476,C04312,Savings,2022-11-01,47875.31
A04477,C00230,Salary,2021-11-25,92216.88
A04478,C03493,Current,2024-12-08,117079.12
A04479,C01686,Savings,2025-06-07,20212.46
A04480,C01311,Savings,2022-04-21,180163.31
A04481,C04142,Savings,2025-01-19,61610.23
A04482,C00633,Savings,2024-03-21,19840.27
A04483,C02423,Current,2022-06-22,24847.4
A04484,C02751,Current,2024-12-09,19368.59
A04485,C00333,Savings,2021-12-09,5723.21
A04486,C01880,Current,2024-11-10,130454.19
A04487,C00507,Savings,2024-04-05,44139.66
A04488,C04213,Current,2025-02-04,65181.24
A04489,C00943,Fixed Deposit,2021-05-20,71491.23
A04490,C00636,Savings,2024-06-06,9315.73
A04491,C01590,Salary,2021-03-14,49575.11
A04492,C01463,Salary,2022-03-04,85856.14
A04493,C01992,Savings,2024-08-15,85335.96
A04494,C04965,Current,2024-06-13,97059.85
A04495,C01735,Savings,2023-09-10,38000.5
A04496,C02264,Savings,2022-08-23,4310.25
A04497,C00113,Salary,2021-04-07,66908.4
A04498,C02264,Salary,2022-04-23,38728.9
A04499,C00427,Salary,2023-10-19,218635.53
A04500,C01067,Current,2022-05-06,199894.5
A04501,C02812,Savings,2024-08-12,97766.98
A04502,C04380,Salary,2022-02-10,10520.45
A04503,C00834,Current,2022-12-16,13389.61
A04504,C00230,Current,2022-03-23,58114.72
A04505,C04481,Salary,2022-11-30,12723.02
A04506,C04255,Salary,2024-07-22,80480.95
A04507,C00824,Savings,2023-11-10,83536.4
A04508,C02519,Savings,2022-08-08,147986.98
A04509,C03668,Salary,2022-03-03,97136.42
A04510,C04304,Current,2023-08-12,25629.01
A04511,C04270,Salary,2023-04-30,34268.4
A04512,C01824,Savings,2024-10-16,16941.47
A04513,C01105,Savings,2024-08-26,46191.47
A04514,C01042,Savings,2022-08-17,5126.5
A04515,C00708,Current,2021-12-22,27899.55
A04516,C01384,Savings,2021-01-27,68126.55
A04517,C01892,Salary,2023-12-07,63253.18
A04518,C01303,Fixed Deposit,2022-04-01,142730.78
A04519,C03022,Savings,2021-04-22,13997.09
A04520,C00677,Savings,2023-01-17,11435.7
A04521,C02565,Savings,2022-01-10,62101.47
A04522,C03323,Savings,2024-08-31,15380.73
A04523,C04758,Savings,2023-04-25,12654.93
A04524,C01564,Current,2021-05-06,44037.28
A04525,C01261,Current,2023-10-28,35448.06
A04526,C03204,Savings,2022-07-16,311667.08
A04527,C02354,Salary,2024-10-15,50751.48
A04528,C00358,Salary,2022-08-01,42441.81
A04529,C03235,Savings,2021-12-28,21973.68
A04530,C00419,Salary,2022-11-10,76442.67
A04531,C04738,Savings,2023-09-10,35343.27
A04532,C03956,Savings,2023-02-03,22765.94
A04533,C01594,Current,2023-02-14,30104.81
A04534,C04603,Savings,2024-07-11,26890.47
A04535,C01386,Savings,2023-03-11,33788.55
A04536,C04408,Savings,2021-10-02,276101.92
A04537,C02752,Salary,2022-01-31,64700.8
A04538,C00245,Savings,2024-08-29,30773.47
A04539,C04573,Salary,2023-06-25,34503.74
A04540,C00615,Salary,2022-05-07,10354.12
A04541,C00250,Savings,2024-11-28,7151.08
A04542,C03094,Savings,2022-01-12,71020.72
A04543,C01596,Savings,2022-10-21,69748.12
A04544,C01930,Savings,2022-06-25,52302.99
A04545,C00511,Savings,2023-04-19,138372.02
A04546,C03968,Savings,2021-11-16,44232.9
A04547,C04870,Savings,2021-08-13,75699.61
A04548,C01366,Savings,2022-04-01,33987.5
A04549,C00924,Current,2022-10-13,3831.51
A04550,C00074,Savings,2024-08-05,103724.89
A04551,C00809,Salary,2024-07-28,15169.05
A04552,C02879,Savings,2022-02-21,45830.98
A04553,C02268,Current,2025-02-16,19285.17
A04554,C02127,Salary,2025-04-11,46146.82
A04555,C04331,Savings,2023-03-15,163208.3
A04556,C02205,Current,2023-02-18,62211.08
A04557,C03680,Savings,2023-03-09,75593.88
A04558,C04738,Fixed Deposit,2024-08-29,55820.63
A04559,C04717,Salary,2022-09-01,28091.76
A04560,C03659,Savings,2023-03-04,27679.91
A04561,C00985,Salary,2025-06-20,72240.33
A04562,C01299,Current,2023-10-12,37307.5
A04563,C03745,Savings,2023-12-17,67668.87
A04564,C03281,Salary,2024-02-21,30960.32
A04565,C03956,Salary,2024-08-06,90555.1
A04566,C02654,Savings,2022-08-21,67890.41
A04567,C03688,Salary,2023-08-31,40186.7
A04568,C02963,Savings,2024-08-26,67051.16
A04569,C02947,Salary,2025-05-06,92058.71
A04570,C03046,Savings,2024-06-05,192545.48
A04571,C00860,Salary,2021-01-06,19314.73
A04572,C02086,Salary,2025-01-06,80316.07
A04573,C02728,Current,2021-11-06,67380.95
A04574,C00377,Fixed Deposit,2023-02-24,150475.32
A04575,C04472,Savings,2023-05-06,23883.74
A04576,C04691,Savings,2023-06-24,39844.35
A04577,C02795,Current,2023-10-23,23790.12
A04578,C01066,Savings,2025-06-15,49807.61
A04579,C03683,Savings,2023-02-13,16692.12
A04580,C02008,Current,2023-01-24,123839.81
A04581,C03202,Current,2024-10-30,41144.87
A04582,C01052,Savings,2024-06-23,171554.31
A04583,C00629,Salary,2025-02-04,20048.75
A04584,C02374,Salary,2025-06-03,43530.3
A04585,C03975,Salary,2023-04-03,39841.43
A04586,C01184,Salary,2024-08-20,66102.25
A04587,C04842,Savings,2021-02-27,71844.38
A04588,C01278,Salary,2024-06-02,10965.95
A04589,C01952,Savings,2024-12-20,105787.54
A04590,C03922,Salary,2024-05-10,81030.42
A04591,C03425,Salary,2022-06-02,9444.87
A04592,C01326,Savings,2021-01-30,132816.78
A04593,C01172,Fixed Deposit,2021-05-31,20981.93
A04594,C04317,Salary,2022-07-02,46614.14
A04595,C03770,Fixed Deposit,2021-04-20,50098.93
A04596,C01872,Savings,2024-02-19,30874.41
A04597,C03632,Salary,2021-08-29,26670.57
A04598,C02311,Salary,2025-06-14,58178.43
A04599,C02344,Current,2023-11-20,16357.31
A04600,C03387,Salary,2022-04-11,84685.48
A04601,C03068,Current,2022-04-10,58797.76
A04602,C02340,Salary,2021-08-25,31401.84
A04603,C00684,Savings,2024-10-26,80040.6
A04604,C00876,Salary,2024-03-18,22994.84
A04605,C01055,Salary,2022-01-09,34997.32
A04606,C03754,Salary,2022-08-23,9410.71
A04607,C02603,Savings,2022-05-31,21976.21
A04608,C04015,Savings,2024-12-27,16516.73
A04609,C00349,Savings,2021-09-09,7468.12
A04610,C04315,Salary,2025-02-05,31559.65
A04611,C01023,Savings,2022-07-17,32778.98
A04612,C00450,Savings,2022-06-20,47442.4
A04613,C00504,Salary,2023-12-06,61064.06
A04614,C00086,Savings,2022-09-20,29628.52
A04615,C03323,Salary,2025-04-12,56843.28
A04616,C00523,Current,2022-08-30,81281.86
A04617,C03152,Fixed Deposit,2022-03-11,175596.21
A04618,C03693,Savings,2022-09-03,61096.62
A04619,C02509,Savings,2021-10-03,56369.58
A04620,C00630,Savings,2023-04-28,14969.03
A04621,C00018,Salary,2025-03-12,75215.71
A04622,C01269,Savings,2024-01-24,14872.15
A04623,C01177,Savings,2024-03-15,48537.51
A04624,C01633,Salary,2023-06-23,65964.27
A04625,C04596,Savings,2022-10-29,53534.72
A04626,C04554,Salary,2023-02-21,3399.69
A04627,C03770,Salary,2024-11-26,74947.96
A04628,C03614,Savings,2023-04-13,141214.11
A04629,C00115,Salary,2022-05-19,8725.9
A04630,C00753,Current,2024-12-09,42601.42
A04631,C04865,Savings,2021-10-03,30660.11
A04632,C02401,Savings,2021-11-22,37840.48
A04633,C01871,Salary,2024-07-03,115354.3
A04634,C02589,Savings,2022-07-11,45089.14
A04635,C00322,Current,2022-05-28,15049.56
A04636,C04322,Salary,2024-03-16,19960.48
A04637,C03828,Savings,2021-10-22,18084.45
A04638,C04457,Fixed Deposit,2022-01-10,12153.78
A04639,C00834,Savings,2021-02-25,22156.32
A04640,C04208,Savings,2023-07-01,66725.67
A04641,C00212,Salary,2024-06-03,49009.55
A04642,C01257,Savings,2025-03-23,42370.78
A04643,C00159,Current,2021-01-20,28005.25
A04644,C02620,Salary,2024-03-28,33994.04
A04645,C01348,Savings,2025-02-02,59031.44
A04646,C03165,Savings,2023-05-02,77939.96
A04647,C03213,Savings,2022-08-14,47566.09
A04648,C00911,Salary,2023-07-10,13666.23
A04649,C02452,Savings,2022-01-01,24681.05
A04650,C03804,Savings,2021-01-01,53814.07
A04651,C00404,Current,2023-07-02,19972.47
A04652,C01842,Savings,2023-04-28,20836.33
A04653,C02649,Savings,2024-06-06,68165.05
A04654,C01691,Fixed Deposit,2022-12-26,133234.87
A04655,C03486,Savings,2024-07-30,15305.79
A04656,C01257,Savings,2023-01-30,10741.87
A04657,C04289,Savings,2024-02-17,12235.49
A04658,C03185,Salary,2021-08-15,66309.42
A04659,C01643,Savings,2023-11-14,16991.98
A04660,C03353,Savings,2022-12-03,22411.04
A04661,C00523,Savings,2021-11-04,11968.74
A04662,C04446,Fixed Deposit,2024-08-23,66216.53
A04663,C01945,Savings,2023-08-20,29382.96
A04664,C03572,Savings,2022-07-23,54114.8
A04665,C01561,Current,2025-02-26,49429.04
A04666,C04748,Savings,2025-03-12,6301.73
A04667,C04731,Salary,2024-08-27,49882.1
A04668,C03595,Salary,2024-01-18,33600.31
A04669,C00593,Savings,2024-07-22,110061.07
A04670,C03894,Current,2022-09-13,17307.49
A04671,C02669,Savings,2022-10-15,59562.24
A04672,C03903,Savings,2023-03-08,39406.43
A04673,C00756,Salary,2022-04-25,16818.36
A04674,C01300,Savings,2023-06-21,94711.43
A04675,C00497,Savings,2025-01-20,52105.07
A04676,C04869,Savings,2023-06-16,26678.19
A04677,C02422,Salary,2023-07-09,16644.52
A04678,C01599,Salary,2022-08-09,102657.35
A04679,C04280,Savings,2024-10-10,78685.19
A04680,C04128,Savings,2021-09-19,36680.26
A04681,C04379,Fixed Deposit,2024-04-14,64456.4
A04682,C04932,Current,2022-02-08,13238.97
A04683,C03591,Savings,2024-06-07,124742.49
A04684,C04782,Salary,2025-05-31,13298.68
A04685,C00462,Savings,2024-09-08,81992.87
A04686,C04967,Current,2022-11-26,223688.34
A04687,C00368,Salary,2023-02-25,18190.01
A04688,C02706,Savings,2021-10-04,23212.63
A04689,C03324,Salary,2022-11-08,17855.84
A04690,C00166,Current,2024-07-22,110992.95
A04691,C03687,Fixed Deposit,2021-08-05,73449.16
A04692,C04083,Savings,2021-07-09,9590.95
A04693,C03048,Salary,2023-11-08,13743.52
A04694,C01729,Savings,2023-01-14,65976.85
A04695,C04698,Savings,2024-12-08,18747.84
A04696,C03670,Savings,2024-04-22,7413.54
A04697,C03175,Salary,2025-06-30,60247.32
A04698,C02174,Savings,2021-08-31,50630.52
A04699,C00038,Salary,2024-12-20,18347.48
A04700,C04444,Savings,2021-02-22,26497.13
A04701,C02022,Salary,2024-06-03,26969.65
A04702,C00734,Savings,2025-06-10,30499.39
A04703,C04522,Savings,2022-07-16,124068.12
A04704,C00648,Current,2023-02-11,70637.59
A04705,C03303,Current,2021-11-15,61383.95
A04706,C00320,Savings,2022-12-08,33456.52
A04707,C04608,Salary,2024-10-24,18291.95
A04708,C02554,Savings,2021-09-05,132797.66
A04709,C03179,Current,2025-05-11,35824.29
A04710,C01723,Savings,2021-06-26,15360.41
A04711,C01757,Savings,2025-02-08,548498.85
A04712,C03679,Salary,2021-01-13,44616.03
A04713,C03779,Savings,2024-10-16,13045.12
A04714,C02516,Salary,2021-10-16,80241.78
A04715,C03848,Savings,2022-03-07,86545.88
A04716,C00938,Savings,2022-07-30,25306.71
A04717,C00765,Current,2024-09-24,16247.32
A04718,C00653,Savings,2025-06-29,28739.4
A04719,C04081,Savings,2021-02-03,67101.25
A04720,C03603,Savings,2024-09-09,74356.83
A04721,C02130,Savings,2025-04-24,20989.53
A04722,C04577,Savings,2025-01-19,129329.2
A04723,C03965,Salary,2024-06-02,9221.94
A04724,C04612,Savings,2022-10-03,21170.84
A04725,C00187,Salary,2021-05-13,32591.09
A04726,C00146,Savings,2025-02-12,27480.06
A04727,C04248,Salary,2025-04-25,22847.18
A04728,C01387,Savings,2023-06-16,113772.04
A04729,C04189,Savings,2023-09-09,32009.23
A04730,C02588,Savings,2024-05-29,50938.23
A04731,C02697,Savings,2022-02-05,48812.79
A04732,C04013,Salary,2022-08-29,50427.04
A04733,C04698,Savings,2022-09-03,31231.14
A04734,C00049,Salary,2023-12-20,7168.44
A04735,C03330,Salary,2022-10-03,81797.65
A04736,C03590,Savings,2021-05-12,33706.82
A04737,C02589,Savings,2022-01-28,23844.46
A04738,C03482,Salary,2023-03-24,23888.38
A04739,C00775,Savings,2023-07-17,47775.13
A04740,C04642,Salary,2022-08-04,23146.2
A04741,C01261,Salary,2021-01-14,29837.13
A04742,C00650,Salary,2022-03-11,67805.43
A04743,C03440,Salary,2022-04-19,43625.42
A04744,C03049,Salary,2021-05-31,16486.56
A04745,C02024,Salary,2022-04-15,59580.94
A04746,C01081,Savings,2022-02-15,27689.64
A04747,C04271,Savings,2021-12-11,77509.22
A04748,C02075,Salary,2023-03-15,25713.15
A04749,C04243,Salary,2024-05-04,41547.7
A04750,C04964,Current,2022-06-28,62229.23
A04751,C02313,Current,2024-01-02,16648.21
A04752,C03475,Savings,2021-07-13,69130.17
A04753,C02306,Salary,2023-07-27,167701.53
A04754,C03261,Savings,2025-05-05,55640.3
A04755,C02875,Current,2025-05-12,43603.43
A04756,C04839,Salary,2022-09-21,81137.94
A04757,C04806,Savings,2024-04-30,76712.9
A04758,C03311,Fixed Deposit,2022-03-06,74167.33
A04759,C01351,Fixed Deposit,2025-03-05,28023.08
A04760,C01094,Fixed Deposit,2021-08-05,36369.97
A04761,C03777,Savings,2023-10-18,26174.88
A04762,C03097,Savings,2023-08-28,11556.9
A04763,C01855,Salary,2022-04-30,126589.44
A04764,C02267,Savings,2022-08-24,15667.16
A04765,C00561,Savings,2021-12-26,34713.28
A04766,C04988,Salary,2024-08-25,16214.42
A04767,C04693,Current,2022-10-31,61661.68
A04768,C04546,Savings,2022-02-25,88519.23
A04769,C02384,Savings,2022-08-04,11177.86
A04770,C01826,Salary,2023-02-21,65851.87
A04771,C01684,Salary,2024-12-05,12400.06
A04772,C01199,Savings,2022-06-01,25387.57
A04773,C01010,Savings,2021-08-31,394573.23
A04774,C01772,Salary,2022-09-22,46768.28
A04775,C01708,Savings,2023-10-14,81712.09
A04776,C04536,Savings,2021-06-21,48192.8
A04777,C02273,Current,2022-10-17,31540.79
A04778,C02613,Current,2023-02-08,20888.95
A04779,C04342,Current,2022-04-05,137690.21
A04780,C01543,Salary,2024-10-20,204638.11
A04781,C01238,Current,2024-01-07,38122.39
A04782,C02976,Salary,2025-05-12,108091.25
A04783,C01725,Salary,2025-02-22,79749.64
A04784,C02264,Salary,2022-06-16,30640.5
A04785,C00283,Savings,2025-03-30,38258.46
A04786,C02621,Salary,2024-05-14,24520.85
A04787,C03287,Salary,2021-10-18,228285.74
A04788,C00172,Savings,2025-03-08,75226.09
A04789,C03457,Current,2022-10-21,37358.04
A04790,C01883,Savings,2023-05-02,23476.9
A04791,C02276,Savings,2022-07-08,57845.22
A04792,C02622,Savings,2022-03-04,11261.92
A04793,C00601,Savings,2022-04-16,18379.64
A04794,C03791,Savings,2023-05-16,30317.86
A04795,C02024,Current,2022-05-28,24852.06
A04796,C00467,Salary,2021-11-20,30060.8
A04797,C03951,Salary,2025-06-28,66922.55
A04798,C03890,Fixed Deposit,2021-09-12,374634.72
A04799,C04393,Current,2022-12-22,69064.97
A04800,C02593,Current,2022-08-13,31610.71
A04801,C01020,Salary,2021-02-20,89810.95
A04802,C01548,Salary,2023-03-11,37939.59
A04803,C04757,Savings,2021-04-10,6776.57
A04804,C04750,Savings,2022-04-09,106679.4
A04805,C04898,Fixed Deposit,2022-05-14,22489.76
A04806,C04437,Savings,2023-07-04,40925.87
A04807,C00704,Savings,2021-08-25,17715.35
A04808,C00853,Savings,2022-04-17,13024.72
A04809,C00306,Fixed Deposit,2024-11-22,43756.74
A04810,C03579,Savings,2021-06-06,3706.9
A04811,C01934,Salary,2021-10-25,19445.34
A04812,C01788,Savings,2023-11-04,52927.87
A04813,C03788,Current,2021-04-26,50506.94
A04814,C00874,Current,2021-05-19,6734.49
A04815,C01582,Savings,2021-03-16,86948.52
A04816,C03958,Fixed Deposit,2023-03-26,552848.96
A04817,C04591,Salary,2024-10-15,171999.44
A04818,C03333,Savings,2023-11-14,22596.89
A04819,C01686,Savings,2022-02-10,20061.42
A04820,C01606,Savings,2023-08-09,16200.83
A04821,C00896,Salary,2022-07-21,187759.52
A04822,C03264,Savings,2021-11-22,22776.05
A04823,C03425,Savings,2024-09-19,19184.36
A04824,C03854,Current,2021-11-25,77181.18
A04825,C02347,Savings,2024-08-16,100948.89
A04826,C03532,Savings,2021-03-30,87253.22
A04827,C02475,Current,2021-01-15,14056.2
A04828,C01862,Savings,2024-08-17,56624.14
A04829,C02764,Salary,2022-09-26,135377.24
A04830,C04853,Fixed Deposit,2024-09-03,65501.8
A04831,C00031,Savings,2021-06-27,47357.68
A04832,C04008,Current,2025-01-25,43602.46
A04833,C03456,Current,2021-09-26,28487.25
A04834,C00243,Salary,2024-02-03,54610.39
A04835,C04782,Savings,2025-03-21,80845.02
A04836,C01499,Savings,2021-12-05,117296.89
A04837,C04669,Salary,2022-01-27,34553.98
A04838,C03423,Savings,2021-05-21,38584.61
A04839,C04004,Current,2021-06-18,23061.55
A04840,C01660,Current,2023-11-07,150273.3
A04841,C03229,Savings,2025-04-17,24615.3
A04842,C00599,Salary,2021-01-05,33243.3
A04843,C02196,Salary,2024-03-06,39009.41
A04844,C00070,Savings,2022-09-11,43820.97
A04845,C01394,Salary,2024-03-31,9432.34
A04846,C03660,Savings,2023-02-08,59361.12
A04847,C01650,Salary,2022-11-11,54181.31
A04848,C02282,Salary,2022-04-08,41867.39
A04849,C03683,Current,2025-01-01,50208.78
A04850,C02684,Savings,2024-11-06,34573.46
A04851,C04563,Savings,2022-01-17,9955.8
A04852,C04653,Salary,2022-04-27,97236.0
A04853,C04990,Savings,2024-10-10,9828.72
A04854,C04932,Current,2024-06-22,16589.6
A04855,C01311,Fixed Deposit,2022-09-17,192422.12
A04856,C04714,Savings,2022-04-21,10749.94
A04857,C04230,Savings,2022-04-10,31498.77
A04858,C04104,Salary,2024-04-28,185745.04
A04859,C02076,Salary,2022-05-09,38763.01
A04860,C00783,Savings,2025-03-27,10510.58
A04861,C03807,Current,2022-06-19,71476.51
A04862,C01334,Fixed Deposit,2022-09-23,97978.64
A04863,C03718,Savings,2021-10-09,40512.38
A04864,C04637,Savings,2023-04-11,5795.74
A04865,C01058,Current,2022-03-06,117710.45
A04866,C02055,Savings,2022-08-04,178550.86
A04867,C03402,Current,2023-05-08,35520.74
A04868,C02110,Salary,2021-09-10,20000.8
A04869,C03158,Savings,2022-07-17,58693.72
A04870,C03797,Salary,2023-12-03,59324.16
A04871,C03649,Savings,2025-02-14,64162.64
A04872,C01321,Savings,2024-03-10,36643.33
A04873,C04418,Savings,2025-03-15,59311.83
A04874,C03700,Salary,2022-06-21,71277.14
A04875,C00733,Savings,2023-06-17,365118.23
A04876,C03634,Savings,2021-09-27,54018.68
A04877,C03550,Fixed Deposit,2024-10-16,76714.58
A04878,C03663,Fixed Deposit,2022-09-08,16660.98
A04879,C04645,Savings,2023-07-25,10012.67
A04880,C00605,Savings,2021-10-22,40651.58
A04881,C01723,Salary,2025-02-07,33800.98
A04882,C02405,Salary,2023-06-02,15354.82
A04883,C03483,Fixed Deposit,2022-04-17,26811.86
A04884,C02813,Savings,2023-03-28,62565.14
A04885,C01582,Savings,2024-03-30,21585.3
A04886,C02279,Current,2021-02-14,18185.64
A04887,C02351,Current,2023-03-10,14121.43
A04888,C03624,Salary,2023-05-30,17427.17
A04889,C00715,Salary,2022-11-09,25903.43
A04890,C00925,Current,2021-07-26,35576.81
A04891,C03163,Savings,2024-02-06,44807.57
A04892,C04154,Current,2025-03-08,24887.06
A04893,C04530,Savings,2023-07-25,7290.1
A04894,C04079,Savings,2022-03-18,13257.27
A04895,C02570,Fixed Deposit,2023-12-25,41193.56
A04896,C02816,Current,2021-09-24,91955.06
A04897,C04579,Savings,2022-02-03,33155.09
A04898,C04463,Savings,2021-08-12,53298.45
A04899,C00889,Savings,2022-10-27,128117.49
A04900,C03479,Savings,2023-07-24,31263.63
A04901,C03590,Salary,2024-08-05,35980.99
A04902,C01724,Current,2024-08-01,37601.94
A04903,C01259,Current,2024-04-24,38441.49
A04904,C00411,Savings,2021-08-14,14217.29
A04905,C02231,Savings,2021-07-19,56957.04
A04906,C03195,Savings,2022-05-19,39730.83
A04907,C02206,Savings,2021-01-11,17244.0
A04908,C02061,Salary,2023-06-28,31049.17
A04909,C03899,Salary,2023-04-17,6821.28
A04910,C02614,Fixed Deposit,2025-03-02,16440.1
A04911,C01813,Salary,2023-09-06,80516.2
A04912,C01803,Current,2021-10-04,29886.22
A04913,C03907,Savings,2023-10-24,120258.48
A04914,C00678,Savings,2023-07-18,38424.37
A04915,C02911,Current,2023-03-01,44262.57
A04916,C04714,Current,2025-05-17,35611.77
A04917,C02252,Salary,2021-01-05,14634.63
A04918,C03005,Savings,2022-06-05,52570.07
A04919,C00795,Fixed Deposit,2025-05-13,35768.09
A04920,C00729,Savings,2021-10-07,48343.65
A04921,C01694,Savings,2024-12-17,17134.86
A04922,C04735,Salary,2023-08-30,70989.88
A04923,C00191,Savings,2024-06-15,53701.44
A04924,C04995,Salary,2021-11-13,109151.86
A04925,C01997,Savings,2021-05-07,69690.45
A04926,C02108,Salary,2021-10-31,34525.38
A04927,C03867,Savings,2023-01-19,144801.96
A04928,C01490,Savings,2023-01-01,51277.59
A04929,C02110,Salary,2024-04-16,4535.99
A04930,C00638,Savings,2022-05-05,20998.19
A04931,C04046,Savings,2022-03-13,31769.7
A04932,C04159,Salary,2023-11-28,117815.12
A04933,C02820,Fixed Deposit,2022-04-28,44230.66
A04934,C04112,Savings,2023-09-19,19516.6
A04935,C00842,Savings,2021-11-11,5736.34
A04936,C03952,Salary,2025-02-16,116162.98
A04937,C04059,Salary,2024-01-26,132669.58
A04938,C03248,Fixed Deposit,2023-07-28,23437.06
A04939,C01217,Savings,2021-01-17,10125.34
A04940,C00899,Current,2023-07-29,92614.47
A04941,C02223,Savings,2023-09-07,116466.41
A04942,C01258,Savings,2022-03-23,18960.22
A04943,C01515,Savings,2021-10-06,29462.07
A04944,C00417,Savings,2022-03-28,59947.71
A04945,C04547,Current,2022-10-28,14478.87
A04946,C02884,Savings,2022-08-29,16068.98
A04947,C03827,Salary,2021-01-29,26710.99
A04948,C04376,Salary,2025-04-19,14815.96
A04949,C04340,Savings,2023-10-31,499364.99
A04950,C00675,Salary,2023-03-13,111385.8
A04951,C00103,Fixed Deposit,2021-04-11,49717.89
A04952,C02358,Current,2022-10-15,40816.32
A04953,C03994,Savings,2021-03-28,8580.18
A04954,C04028,Savings,2022-04-15,52136.27
A04955,C03709,Savings,2024-08-17,70771.62
A04956,C04213,Current,2022-10-02,19914.92
A04957,C01496,Savings,2024-05-14,24239.77
A04958,C04859,Current,2025-06-13,15999.74
A04959,C03393,Savings,2024-01-11,126291.84
A04960,C03507,Savings,2024-05-20,120654.12
A04961,C02786,Savings,2021-04-29,51653.78
A04962,C02235,Savings,2024-03-05,40978.09
A04963,C03660,Savings,2023-02-27,11809.76
A04964,C04881,Savings,2022-01-12,19039.34
A04965,C03733,Salary,2022-03-04,27950.25
A04966,C04803,Salary,2022-12-21,19864.43
A04967,C04892,Savings,2021-11-10,60328.12
A04968,C04569,Salary,2024-11-28,8309.91
A04969,C03526,Salary,2021-08-31,11381.19
A04970,C03518,Savings,2023-09-12,20597.25
A04971,C04778,Savings,2024-09-30,8815.12
A04972,C04190,Savings,2025-06-24,89371.87
A04973,C04832,Savings,2022-09-19,101258.11
A04974,C02530,Savings,2024-12-18,7906.26
A04975,C01914,Current,2021-01-16,47140.58
A04976,C02458,Salary,2022-05-31,25255.94
A04977,C01151,Savings,2021-09-23,35972.83
A04978,C03859,Savings,2022-07-14,58748.71
A04979,C04138,Savings,2023-01-05,5684.21
A04980,C04137,Fixed Deposit,2022-12-17,171119.32
A04981,C01511,Savings,2021-01-20,58059.62
A04982,C03971,Savings,2023-04-08,96565.2
A04983,C03916,Savings,2021-01-11,6847.17
A04984,C03253,Current,2023-11-10,35230.66
A04985,C03750,Savings,2021-10-06,58878.3
A04986,C00744,Salary,2023-06-14,53744.09
A04987,C02766,Savings,2021-11-29,78318.83
A04988,C03939,Savings,2025-04-20,54729.4
A04989,C02512,Savings,2024-11-25,6287.43
A04990,C01074,Salary,2023-02-17,102439.89
A04991,C03218,Savings,2023-01-14,23561.36
A04992,C04394,Salary,2021-02-07,43532.1
A04993,C02193,Savings,2023-09-01,147044.09
A04994,C00016,Savings,2024-01-12,36017.79
A04995,C03554,Salary,2021-02-01,26501.76
A04996,C00107,Savings,2023-12-14,12744.59
A04997,C04315,Savings,2023-01-07,10954.04
A04998,C02969,Savings,2022-09-11,12242.98
A04999,C04467,Savings,2023-09-12,35144.77
A05000,C03046,Savings,2025-04-10,260733.61
A05001,C02858,Savings,2023-06-29,27525.12
A05002,C04350,Savings,2021-02-14,35373.44
A05003,C01429,Savings,2022-09-22,67726.33
A05004,C02009,Current,2021-10-21,19307.53
A05005,C03102,Savings,2024-02-23,124982.66
A05006,C03637,Current,2025-04-21,23391.81
A05007,C03472,Savings,2021-12-10,109480.1
A05008,C03032,Salary,2023-09-28,62353.08
A05009,C02922,Current,2023-06-11,39241.42
A05010,C04446,Current,2022-02-27,20999.77
A05011,C00879,Salary,2021-06-16,84987.36
A05012,C02513,Savings,2021-09-26,32850.41
A05013,C00311,Savings,2024-05-02,23009.69
A05014,C01115,Current,2023-07-19,151977.46
A05015,C01322,Savings,2024-02-22,5426.31
A05016,C03397,Savings,2024-07-18,141755.44
A05017,C04376,Savings,2023-12-18,225599.63
A05018,C00967,Savings,2023-05-30,16289.61
A05019,C03190,Salary,2021-02-28,20114.14
A05020,C00695,Savings,2022-03-26,13306.87
A05021,C02615,Savings,2021-08-05,79605.11
A05022,C00271,Fixed Deposit,2025-05-24,36738.59
A05023,C01412,Savings,2025-02-14,32499.52
A05024,C03028,Savings,2021-09-01,64377.33
A05025,C03125,Salary,2021-04-13,8550.16
A05026,C01754,Savings,2022-06-01,9109.92
A05027,C04937,Fixed Deposit,2021-09-21,88306.22
A05028,C01822,Savings,2021-08-29,25679.95
A05029,C04336,Savings,2023-05-11,14870.46
A05030,C03286,Savings,2023-01-04,36326.68
A05031,C00361,Current,2024-06-06,32521.83
A05032,C03436,Fixed Deposit,2025-01-15,28808.53
A05033,C00734,Salary,2023-07-20,41896.07
A05034,C00852,Current,2022-03-31,14838.38
A05035,C00860,Savings,2023-09-13,69361.62
A05036,C04797,Salary,2022-06-28,30415.5
A05037,C01351,Salary,2023-05-15,190200.97
A05038,C04085,Savings,2022-01-09,11232.95
A05039,C02884,Salary,2023-11-14,21335.33
A05040,C03548,Salary,2024-08-22,84128.17
A05041,C04919,Salary,2022-01-09,14102.39
A05042,C04193,Savings,2024-04-25,37408.99
A05043,C00327,Fixed Deposit,2023-08-19,11024.93
A05044,C02121,Savings,2022-10-02,13854.61
A05045,C00994,Salary,2021-04-22,15668.33
A05046,C01767,Savings,2022-05-08,31139.75
A05047,C04429,Salary,2021-10-21,88613.37
A05048,C01181,Savings,2022-02-26,28430.83
A05049,C01965,Current,2021-05-29,27135.53
A05050,C02782,Savings,2021-05-31,17618.97
A05051,C02906,Current,2024-04-12,12980.02
A05052,C00099,Fixed Deposit,2024-05-05,163454.9
A05053,C02780,Salary,2024-07-02,42549.91
A05054,C00244,Savings,2024-12-08,27136.0
A05055,C04038,Savings,2021-06-17,153660.43
A05056,C01501,Savings,2024-01-11,2989.05
A05057,C02710,Current,2021-03-11,91108.01
A05058,C03054,Salary,2022-03-02,8816.91
A05059,C04463,Salary,2024-11-26,40922.97
A05060,C03227,Savings,2022-06-09,86532.78
A05061,C01048,Savings,2021-07-31,7279.72
A05062,C04379,Salary,2021-04-12,110461.58
A05063,C01316,Savings,2025-06-01,32085.74
A05064,C01387,Savings,2024-09-23,17618.89
A05065,C03921,Savings,2021-11-29,44337.92
A05066,C01738,Savings,2021-07-24,58122.35
A05067,C00422,Savings,2025-02-19,307226.49
A05068,C03802,Fixed Deposit,2021-08-17,54996.46
A05069,C01412,Savings,2024-04-27,77777.49
A05070,C03250,Salary,2024-01-28,40461.38
A05071,C04571,Current,2024-12-05,50003.54
A05072,C02453,Current,2023-08-12,28933.49
A05073,C02084,Savings,2022-04-05,18341.28
A05074,C04454,Savings,2024-05-02,51320.55
A05075,C04654,Savings,2022-07-09,14815.38
A05076,C03679,Salary,2023-06-09,5985.45
A05077,C01351,Salary,2022-09-28,39993.78
A05078,C02368,Fixed Deposit,2023-11-10,31112.77
A05079,C04834,Savings,2023-07-20,27968.08
A05080,C03341,Savings,2021-11-07,8095.13
A05081,C02573,Savings,2023-04-22,85652.76
A05082,C04121,Savings,2022-11-11,3215.99
A05083,C03845,Savings,2025-05-01,53330.2
A05084,C00640,Salary,2023-09-23,58327.52
A05085,C01575,Savings,2021-03-20,43459.78
A05086,C03229,Salary,2024-04-08,91667.02
A05087,C04270,Savings,2021-09-03,12583.81
A05088,C00186,Savings,2023-02-22,212270.18
A05089,C01319,Current,2022-04-17,16184.96
A05090,C00528,Savings,2024-01-28,65832.43
A05091,C03260,Fixed Deposit,2021-11-18,336945.31
A05092,C03484,Salary,2021-05-21,30030.99
A05093,C03020,Salary,2024-02-07,18993.53
A05094,C04780,Fixed Deposit,2021-11-09,133566.05
A05095,C02234,Savings,2024-02-19,21678.0
A05096,C01568,Savings,2021-04-09,16697.67
A05097,C00575,Salary,2025-05-21,67701.09
A05098,C02035,Savings,2022-05-09,71533.36
A05099,C01325,Savings,2024-03-13,35335.21
A05100,C04405,Savings,2021-04-20,38531.0
A05101,C01213,Savings,2022-04-29,42204.55
A05102,C01435,Salary,2021-05-10,30559.44
A05103,C00538,Savings,2024-11-24,28294.75
A05104,C04954,Savings,2023-04-20,10721.49
A05105,C01575,Savings,2022-05-21,18815.4
A05106,C00193,Savings,2023-02-08,36049.15
A05107,C01187,Salary,2021-07-29,242141.67
A05108,C04149,Current,2021-12-27,12969.88
A05109,C00475,Savings,2021-06-03,23260.22
A05110,C04270,Savings,2022-06-17,11333.47
A05111,C01814,Savings,2025-04-20,5594.77
A05112,C04796,Savings,2024-10-15,126359.51
A05113,C02438,Salary,2021-11-06,58521.56
A05114,C03380,Savings,2022-04-19,122978.0
A05115,C04553,Savings,2023-01-06,6677.92
A05116,C01355,Salary,2022-09-28,64140.68
A05117,C03401,Salary,2023-05-26,248790.63
A05118,C03755,Current,2021-10-27,86089.14
A05119,C03530,Current,2021-12-07,60404.62
A05120,C00159,Savings,2023-10-25,18178.08
A05121,C01838,Savings,2022-09-27,134902.79
A05122,C04612,Current,2022-07-08,20334.24
A05123,C01026,Savings,2024-04-07,57179.91
A05124,C00659,Savings,2022-02-24,14260.7
A05125,C00678,Salary,2024-07-27,33303.45
A05126,C04411,Salary,2023-01-07,87462.26
A05127,C04047,Savings,2022-01-24,81897.36
A05128,C03822,Savings,2024-04-23,36889.73
A05129,C02376,Current,2024-09-08,251974.19
A05130,C00276,Savings,2021-01-11,30067.71
A05131,C04548,Savings,2022-08-31,101835.1
A05132,C01589,Salary,2021-10-05,21888.94
A05133,C04582,Savings,2024-03-08,11846.36
A05134,C04663,Savings,2023-10-15,30349.61
A05135,C00246,Current,2024-01-15,7999.32
A05136,C00889,Salary,2021-08-19,48480.04
A05137,C02212,Salary,2025-01-14,39983.52
A05138,C04026,Salary,2021-05-18,63272.12
A05139,C00001,Savings,2023-09-24,35861.2
A05140,C02911,Salary,2022-06-15,27765.34
A05141,C02185,Salary,2024-09-23,38893.06
A05142,C04247,Savings,2024-03-25,100411.69
A05143,C03252,Savings,2022-08-30,91377.39
A05144,C03052,Salary,2023-11-07,114742.28
A05145,C01511,Salary,2023-03-03,4759.8
A05146,C03772,Fixed Deposit,2024-07-08,171205.42
A05147,C01129,Savings,2024-03-29,68011.36
A05148,C00698,Fixed Deposit,2024-08-25,412457.65
A05149,C01089,Current,2021-03-22,22628.95
A05150,C02420,Savings,2022-11-28,27666.64
A05151,C02629,Fixed Deposit,2021-08-01,82988.06
A05152,C03790,Salary,2024-12-21,4124.25
A05153,C00686,Salary,2024-09-27,3090.19
A05154,C02757,Salary,2024-10-14,48143.88
A05155,C01843,Salary,2021-07-25,12796.53
A05156,C01733,Savings,2024-09-21,10888.85
A05157,C04836,Fixed Deposit,2024-07-08,106447.91
A05158,C04367,Fixed Deposit,2023-06-19,15660.61
A05159,C01973,Savings,2023-01-18,68060.87
A05160,C00711,Savings,2024-06-20,16652.35
A05161,C00325,Savings,2023-05-27,16039.71
A05162,C04894,Salary,2022-08-05,50219.72
A05163,C02968,Salary,2022-01-30,11927.19
A05164,C03800,Fixed Deposit,2021-12-03,310938.17
A05165,C02595,Savings,2023-03-10,33031.81
A05166,C01093,Salary,2023-02-20,35739.46
A05167,C02956,Salary,2021-10-06,64168.25
A05168,C00212,Savings,2021-09-06,95213.85
A05169,C01582,Current,2023-04-13,22664.39
A05170,C03832,Current,2023-11-20,67703.79
A05171,C01444,Salary,2023-07-01,71434.9
A05172,C04144,Salary,2023-07-28,136011.12
A05173,C04327,Salary,2024-02-29,23813.5
A05174,C00579,Savings,2022-06-08,71469.58
A05175,C02998,Savings,2022-04-05,60705.29
A05176,C01755,Salary,2022-01-30,53327.83
A05177,C02980,Savings,2025-04-01,4962.34
A05178,C03606,Savings,2022-02-17,112575.66
A05179,C00422,Savings,2021-04-27,92552.87
A05180,C00611,Savings,2024-03-18,65773.91
A05181,C00446,Salary,2021-04-19,20992.68
A05182,C00961,Salary,2021-08-24,160009.39
A05183,C00131,Current,2023-04-06,34469.99
A05184,C02648,Salary,2024-12-21,56265.45
A05185,C04080,Savings,2023-10-07,12956.31
A05186,C02435,Savings,2025-03-21,27383.17
A05187,C03730,Salary,2024-04-18,38593.35
A05188,C04432,Savings,2023-06-28,16436.02
A05189,C01025,Savings,2022-01-31,20057.84
A05190,C01653,Salary,2023-09-04,58824.52
A05191,C00538,Savings,2021-01-01,93086.65
A05192,C04592,Savings,2021-01-08,9789.7
A05193,C03084,Savings,2021-05-24,286791.76
A05194,C00508,Fixed Deposit,2021-10-02,30008.54
A05195,C03925,Savings,2021-10-14,14302.35
A05196,C00681,Savings,2022-05-05,143990.75
A05197,C02613,Salary,2022-09-25,67538.97
A05198,C04877,Salary,2025-05-14,87083.6
A05199,C00760,Current,2022-12-30,16983.52
A05200,C04224,Savings,2021-01-31,54538.32
A05201,C03148,Savings,2023-08-22,362453.54
A05202,C02194,Savings,2025-01-15,16846.88
A05203,C02547,Current,2021-09-01,70165.88
A05204,C04656,Current,2021-05-20,18088.94
A05205,C01223,Savings,2022-02-05,14184.75
A05206,C03575,Salary,2022-12-26,29043.15
A05207,C03024,Current,2025-04-14,35327.35
A05208,C03281,Salary,2023-09-09,31192.66
A05209,C01072,Current,2021-06-13,34035.21
A05210,C00541,Current,2021-04-14,263419.73
A05211,C00511,Salary,2021-03-04,168888.49
A05212,C04451,Savings,2021-01-15,42496.68
A05213,C00345,Savings,2025-02-26,39580.72
A05214,C04243,Salary,2021-06-28,134125.03
A05215,C03370,Savings,2025-03-27,70401.59
A05216,C03823,Savings,2022-03-17,46155.98
A05217,C02380,Salary,2022-06-09,274267.54
A05218,C02481,Current,2022-12-28,16706.83
A05219,C00399,Salary,2025-02-20,35888.69
A05220,C03407,Salary,2021-11-07,32098.99
A05221,C03281,Savings,2023-01-08,55369.54
A05222,C04683,Salary,2025-05-18,14027.76
A05223,C03767,Fixed Deposit,2021-05-10,99952.81
A05224,C01295,Current,2023-08-26,28412.99
A05225,C03252,Salary,2025-01-29,92295.3
A05226,C03510,Current,2025-03-06,27413.92
A05227,C02036,Savings,2024-07-10,21713.33
A05228,C04834,Savings,2024-04-09,67620.59
A05229,C03850,Savings,2023-07-16,40192.71
A05230,C01778,Current,2024-11-30,28762.41
A05231,C00380,Current,2023-11-15,30434.75
A05232,C03764,Fixed Deposit,2023-10-09,42338.16
A05233,C01662,Savings,2022-03-25,232184.72
A05234,C03059,Savings,2021-06-09,59533.14
A05235,C01307,Current,2024-05-25,72496.53
A05236,C02466,Fixed Deposit,2022-11-19,104528.92
A05237,C04452,Current,2023-04-28,46804.53
A05238,C00016,Salary,2022-05-05,24906.36
A05239,C04411,Salary,2021-10-07,19494.37
A05240,C02581,Current,2021-03-22,24806.31
A05241,C02593,Savings,2024-02-23,65802.12
A05242,C04790,Savings,2021-06-19,24609.72
A05243,C00069,Savings,2025-05-25,116514.03
A05244,C00411,Savings,2025-06-02,166878.79
A05245,C03124,Savings,2024-01-19,7655.38
A05246,C02860,Current,2022-01-15,153594.91
A05247,C00919,Savings,2023-05-10,13380.94
A05248,C04836,Savings,2021-04-21,28692.02
A05249,C01491,Salary,2021-06-13,41557.93
A05250,C03806,Savings,2022-02-19,5564.16
A05251,C03344,Savings,2022-10-02,19583.68
A05252,C02487,Fixed Deposit,2021-06-04,76162.72
A05253,C02578,Savings,2021-07-13,12102.88
A05254,C00273,Savings,2025-02-08,11647.04
A05255,C04555,Savings,2022-11-16,192833.2
A05256,C00820,Salary,2023-04-05,40937.19
A05257,C02616,Current,2021-01-21,90233.92
A05258,C04957,Savings,2023-04-03,206153.65
A05259,C02545,Current,2023-10-20,75508.15
A05260,C03985,Savings,2021-04-19,23148.6
A05261,C04891,Current,2022-02-03,21270.59
A05262,C04901,Salary,2023-07-19,58826.47
A05263,C02982,Savings,2023-05-22,67938.68
A05264,C01891,Current,2021-05-09,46117.4
A05265,C03040,Savings,2025-03-13,72631.51
A05266,C04936,Salary,2021-10-07,32692.85
A05267,C02683,Fixed Deposit,2022-03-03,66214.6
A05268,C00603,Salary,2023-11-17,24863.86
A05269,C03938,Salary,2023-06-24,16662.72
A05270,C01433,Salary,2021-12-10,16344.47
A05271,C04463,Salary,2024-11-25,26077.85
A05272,C00256,Savings,2022-08-27,70493.52
A05273,C02488,Current,2024-08-11,37475.67
A05274,C01359,Salary,2025-05-10,24892.32
A05275,C03702,Salary,2021-07-15,28765.66
A05276,C02483,Savings,2023-06-12,7093.0
A05277,C00690,Savings,2023-01-03,22509.49
A05278,C03533,Fixed Deposit,2021-06-05,129542.83
A05279,C00308,Current,2022-03-16,12838.16
A05280,C01697,Fixed Deposit,2021-04-11,16003.75
A05281,C03167,Salary,2023-01-18,12035.37
A05282,C00409,Salary,2022-05-15,23304.1
A05283,C03952,Savings,2024-08-01,34315.8
A05284,C00826,Savings,2023-12-29,44749.07
A05285,C01192,Current,2022-01-21,68480.24
A05286,C02135,Salary,2025-01-15,29146.42
A05287,C03095,Salary,2021-05-18,69998.24
A05288,C04194,Savings,2021-09-05,12396.34
A05289,C01775,Salary,2021-04-13,107120.84
A05290,C04417,Salary,2022-05-25,50175.44
A05291,C00534,Salary,2024-10-30,5965.35
A05292,C02868,Savings,2022-12-28,40007.71
A05293,C01208,Savings,2024-03-24,292341.05
A05294,C00417,Savings,2021-03-28,229892.26
A05295,C02777,Savings,2023-05-30,35731.79
A05296,C01238,Fixed Deposit,2025-02-14,111920.33
A05297,C04944,Savings,2023-07-20,13357.99
A05298,C04766,Fixed Deposit,2024-05-17,20693.2
A05299,C01944,Fixed Deposit,2023-10-04,55136.38
A05300,C02181,Savings,2024-04-16,23416.66
A05301,C02101,Salary,2025-05-29,41506.02
A05302,C04837,Savings,2023-10-11,63964.7
A05303,C04119,Salary,2021-09-15,61855.61
A05304,C03675,Savings,2021-09-30,90949.2
A05305,C00460,Fixed Deposit,2023-05-13,103166.19
A05306,C00650,Current,2023-04-28,100249.04
A05307,C04578,Salary,2023-11-14,91671.4
A05308,C00120,Salary,2023-04-05,30548.07
A05309,C04769,Current,2025-05-26,5756.59
A05310,C02256,Savings,2022-08-18,12098.96
A05311,C00318,Savings,2022-02-04,61708.59
A05312,C00868,Savings,2021-12-19,42217.22
A05313,C03227,Salary,2023-03-15,228420.96
A05314,C00394,Savings,2024-08-17,8793.88
A05315,C02553,Fixed Deposit,2021-01-10,145869.75
A05316,C04409,Salary,2023-12-03,35774.1
A05317,C03229,Savings,2023-12-11,17589.7
A05318,C02062,Savings,2022-12-20,178692.42
A05319,C00077,Fixed Deposit,2021-04-17,24423.88
A05320,C03411,Savings,2023-02-10,49315.32
A05321,C00409,Savings,2024-06-12,111793.21
A05322,C04093,Savings,2022-05-05,17111.91
A05323,C02268,Fixed Deposit,2022-11-06,12534.52
A05324,C00744,Current,2022-04-20,63248.61
A05325,C04529,Savings,2022-08-04,101247.07
A05326,C02854,Savings,2023-04-27,23022.64
A05327,C03835,Savings,2024-08-08,8783.16
A05328,C03998,Savings,2025-02-13,45348.31
A05329,C01832,Salary,2022-04-05,27865.87
A05330,C00988,Current,2022-03-01,6798.51
A05331,C02702,Salary,2021-11-25,61184.87
A05332,C03713,Savings,2024-04-23,19091.13
A05333,C03908,Current,2023-02-06,62999.48
A05334,C02865,Savings,2022-05-21,287835.98
A05335,C00755,Salary,2022-09-20,35290.04
A05336,C00676,Salary,2022-04-23,39158.84
A05337,C04928,Savings,2021-01-14,40442.57
A05338,C04124,Savings,2023-06-09,33120.88
A05339,C04512,Salary,2022-12-28,12723.77
A05340,C01711,Savings,2024-01-22,47980.01
A05341,C03476,Current,2023-10-08,21836.87
A05342,C00542,Current,2023-01-16,24271.53
A05343,C00165,Savings,2021-06-29,18741.93
A05344,C02256,Current,2022-07-20,54693.62
A05345,C00985,Current,2021-11-01,17960.1
A05346,C02662,Current,2022-04-20,51196.33
A05347,C04469,Savings,2025-04-15,56647.78
A05348,C00618,Salary,2023-06-18,38428.97
A05349,C03914,Savings,2022-06-08,10223.57
A05350,C00069,Savings,2024-02-09,21077.32
A05351,C03425,Savings,2024-12-09,33614.27
A05352,C04197,Salary,2022-02-25,11095.62
A05353,C00001,Savings,2022-02-15,48138.11
A05354,C02399,Salary,2022-11-12,132187.07
A05355,C02055,Current,2022-09-08,57215.05
A05356,C04414,Salary,2022-06-07,11945.67
A05357,C00186,Current,2021-11-25,322803.7
A05358,C04824,Current,2021-09-29,22686.04
A05359,C02510,Salary,2021-01-14,45568.19
A05360,C04439,Current,2021-06-24,19691.72
A05361,C04809,Salary,2021-06-07,43885.38
A05362,C03080,Savings,2022-09-14,125775.91
A05363,C00136,Current,2021-08-22,13850.69
A05364,C00383,Salary,2021-05-21,23802.47
A05365,C04282,Salary,2025-02-13,42158.98
A05366,C02687,Salary,2021-04-29,7679.29
A05367,C00928,Current,2022-01-17,76196.66
A05368,C03444,Fixed Deposit,2025-03-25,34061.92
A05369,C00561,Savings,2022-11-20,37959.66
A05370,C01190,Savings,2024-12-04,13456.06
A05371,C00898,Savings,2021-02-18,13008.04
A05372,C02369,Fixed Deposit,2024-10-25,64622.5
A05373,C01739,Savings,2024-09-18,147542.28
A05374,C04954,Salary,2021-05-29,15363.43
A05375,C03046,Savings,2021-06-06,82700.36
A05376,C04381,Savings,2022-08-27,118095.54
A05377,C03873,Current,2021-06-01,87487.47
A05378,C02399,Current,2025-01-24,31127.7
A05379,C04762,Savings,2022-01-11,44934.83
A05380,C01394,Savings,2022-11-13,143816.89
A05381,C02589,Savings,2022-08-19,85366.18
A05382,C03467,Current,2024-12-19,37008.73
A05383,C02025,Savings,2023-12-08,12640.1
A05384,C03686,Current,2024-09-20,189590.86
A05385,C00930,Savings,2022-08-12,40369.13
A05386,C04310,Current,2023-10-20,22208.31
A05387,C04400,Savings,2025-04-28,58379.3
A05388,C03227,Savings,2023-02-15,5455.66
A05389,C01404,Savings,2025-02-01,67822.06
A05390,C00200,Salary,2025-05-18,62814.3
A05391,C03752,Salary,2024-06-22,49799.61
A05392,C02286,Fixed Deposit,2022-09-24,152248.84
A05393,C00671,Fixed Deposit,2021-09-19,84207.01
A05394,C01729,Salary,2023-04-22,62246.52
A05395,C03239,Salary,2024-06-27,67063.72
A05396,C01250,Current,2025-03-01,92866.42
A05397,C00879,Salary,2023-12-12,27037.28
A05398,C04347,Current,2022-05-04,53955.16
A05399,C03352,Savings,2024-03-11,23991.26
A05400,C02524,Savings,2024-10-27,48118.12
A05401,C00498,Current,2021-09-08,35715.75
A05402,C01988,Salary,2021-11-10,16138.14
A05403,C00978,Savings,2024-06-02,60321.97
A05404,C03045,Savings,2023-12-16,7332.34
A05405,C02749,Savings,2024-09-24,13540.37
A05406,C04880,Fixed Deposit,2025-03-25,124126.45
A05407,C02477,Savings,2023-01-23,19944.96
A05408,C00539,Salary,2023-10-04,58544.83
A05409,C04041,Fixed Deposit,2025-03-04,516234.8
A05410,C00901,Savings,2025-02-16,5547.65
A05411,C01467,Salary,2021-06-13,47176.29
A05412,C03016,Salary,2025-01-04,191568.09
A05413,C04306,Savings,2023-09-02,45467.79
A05414,C01734,Savings,2021-05-13,36534.71
A05415,C00491,Savings,2021-03-22,25313.04
A05416,C01710,Savings,2021-12-16,17776.64
A05417,C01754,Fixed Deposit,2021-05-14,10163.92
A05418,C01919,Savings,2023-09-02,23662.24
A05419,C02035,Fixed Deposit,2023-12-12,68945.04
A05420,C02712,Savings,2022-05-09,41627.25
A05421,C01487,Fixed Deposit,2021-07-21,150885.74
A05422,C01501,Savings,2022-12-11,79802.01
A05423,C00198,Current,2022-09-10,44279.24
A05424,C01968,Savings,2023-01-26,48792.63
A05425,C04617,Savings,2025-03-12,34457.7
A05426,C01535,Savings,2023-08-31,18401.86
A05427,C01714,Savings,2023-11-04,84418.96
A05428,C01349,Savings,2024-11-09,31414.39
A05429,C04784,Current,2024-05-09,46094.06
A05430,C04563,Savings,2021-06-14,371834.12
A05431,C03845,Salary,2022-07-15,82519.38
A05432,C00596,Salary,2024-03-02,30202.56
A05433,C00139,Salary,2022-08-05,9217.87
A05434,C01015,Salary,2021-04-29,98641.26
A05435,C00242,Salary,2022-11-24,2615.84
A05436,C02364,Savings,2025-02-18,24846.7
A05437,C00733,Savings,2024-04-21,6684.17
A05438,C00135,Current,2025-01-21,23415.82
A05439,C03260,Current,2021-12-01,23149.3
A05440,C03762,Savings,2025-05-05,41510.63
A05441,C02627,Current,2022-09-29,30130.57
A05442,C03141,Savings,2021-08-19,85152.28
A05443,C02487,Savings,2021-11-07,64619.81
A05444,C02125,Salary,2021-01-03,77303.54
A05445,C01511,Savings,2022-11-16,10198.06
A05446,C01819,Savings,2021-03-22,32252.28
A05447,C04854,Savings,2024-07-22,63837.88
A05448,C02797,Savings,2022-01-23,39274.14
A05449,C04513,Savings,2023-04-07,21422.7
A05450,C04303,Savings,2024-09-30,18402.89
A05451,C01644,Savings,2021-08-07,192049.05
A05452,C02769,Savings,2022-10-14,55479.59
A05453,C04407,Savings,2021-03-04,5454.43
A05454,C03365,Savings,2022-03-16,11784.06
A05455,C01400,Savings,2023-11-17,5505.13
A05456,C01551,Salary,2022-12-09,10380.15
A05457,C03412,Current,2024-11-05,12594.8
A05458,C00083,Current,2024-06-25,108717.6
A05459,C01480,Current,2024-03-23,58697.18
A05460,C02921,Savings,2021-07-29,16894.62
A05461,C02284,Fixed Deposit,2023-11-12,32031.04
A05462,C02441,Savings,2025-05-25,21052.33
A05463,C01783,Savings,2023-11-09,16232.59
A05464,C00605,Savings,2022-05-24,28146.67
A05465,C04334,Salary,2025-06-25,17147.13
A05466,C00731,Salary,2022-11-05,29203.2
A05467,C01361,Salary,2022-10-13,11125.15
A05468,C02079,Savings,2023-06-07,34189.71
A05469,C00978,Salary,2025-06-12,44298.15
A05470,C01638,Savings,2024-12-23,14338.01
A05471,C01982,Salary,2021-02-06,19153.08
A05472,C02951,Fixed Deposit,2022-02-11,55133.66
A05473,C03301,Salary,2022-02-28,79163.5
A05474,C04005,Savings,2022-11-14,101163.27
A05475,C00583,Salary,2021-12-04,33131.44
A05476,C00460,Savings,2024-07-18,46877.43
A05477,C00136,Savings,2023-07-08,31843.19
A05478,C01977,Salary,2023-02-06,108716.5
A05479,C00978,Savings,2022-10-14,162734.92
A05480,C00284,Savings,2025-05-23,75399.11
A05481,C02898,Current,2025-05-23,53745.73
A05482,C02399,Current,2023-08-06,54075.78
A05483,C04113,Savings,2025-06-29,40927.78
A05484,C01239,Savings,2025-01-25,18297.91
A05485,C03467,Salary,2024-08-31,22497.04
A05486,C02462,Savings,2023-12-18,45559.85
A05487,C03167,Current,2022-01-11,22989.67
A05488,C03705,Fixed Deposit,2025-01-19,19333.44
A05489,C02054,Current,2022-02-11,30303.4
A05490,C00780,Savings,2024-11-09,8543.28
A05491,C02135,Savings,2021-02-25,201240.94
A05492,C02237,Current,2025-01-22,21811.46
A05493,C01640,Salary,2022-04-20,35401.11
A05494,C00420,Current,2025-03-20,106256.64
A05495,C01827,Savings,2021-01-17,333419.81
A05496,C03139,Savings,2022-03-09,30536.08
A05497,C03690,Savings,2021-08-25,17757.69
A05498,C04956,Salary,2021-11-03,64910.22
A05499,C00207,Current,2022-03-09,34991.57
A05500,C03391,Savings,2021-01-24,32034.74
A05501,C03871,Salary,2024-08-16,43151.11
A05502,C03797,Current,2024-06-15,53958.46
A05503,C02535,Salary,2023-10-11,224078.45
A05504,C02181,Savings,2022-11-12,10880.07
A05505,C04211,Current,2025-02-24,206871.12
A05506,C04307,Savings,2023-08-10,29854.95
A05507,C04228,Salary,2024-08-04,81379.12
A05508,C01398,Salary,2022-02-19,41634.22
A05509,C04250,Salary,2023-01-23,37052.24
A05510,C01447,Savings,2024-11-24,43279.55
A05511,C00952,Current,2022-02-20,17791.99
A05512,C04022,Savings,2023-05-26,153901.05
A05513,C01718,Salary,2023-03-21,60265.71
A05514,C04243,Savings,2023-06-09,51313.13
A05515,C03806,Savings,2025-02-15,27488.44
A05516,C03199,Savings,2024-06-28,10444.97
A05517,C04811,Savings,2022-11-08,66995.25
A05518,C01597,Savings,2022-02-04,70585.05
A05519,C03734,Savings,2023-05-03,62018.84
A05520,C03217,Savings,2021-05-21,39431.44
A05521,C00907,Savings,2022-01-13,29721.62
A05522,C03751,Salary,2024-02-18,110507.82
A05523,C04059,Savings,2024-09-23,55542.92
A05524,C02155,Salary,2022-03-26,46819.11
A05525,C04925,Salary,2023-06-07,9725.04
A05526,C01338,Savings,2024-03-30,6975.8
A05527,C04107,Savings,2024-02-03,294266.99
A05528,C02496,Savings,2023-04-30,76495.98
A05529,C02975,Current,2021-04-02,116665.18
A05530,C02443,Current,2022-04-30,8458.3
A05531,C04474,Savings,2024-12-13,88761.4
A05532,C00361,Savings,2022-02-25,28122.67
A05533,C03065,Current,2022-12-17,40144.43
A05534,C04738,Savings,2022-07-06,59060.65
A05535,C00573,Fixed Deposit,2023-06-23,76859.55
A05536,C01956,Savings,2023-12-14,42476.17
A05537,C03045,Savings,2022-08-24,16424.47
A05538,C01585,Savings,2025-03-18,62988.08
A05539,C02234,Current,2024-01-26,16283.55
A05540,C03293,Savings,2025-05-11,17277.07
A05541,C03247,Savings,2021-07-04,39868.95
A05542,C01815,Savings,2024-12-27,11669.39
A05543,C04042,Savings,2025-02-03,104611.24
A05544,C01890,Current,2023-08-23,105137.82
A05545,C01900,Savings,2024-02-23,24763.06
A05546,C02656,Salary,2024-09-19,28975.79
A05547,C02330,Savings,2024-07-11,37498.41
A05548,C03719,Current,2023-05-02,6178.59
A05549,C01057,Salary,2021-07-10,9658.02
A05550,C02130,Current,2024-05-29,69506.87
A05551,C01507,Salary,2021-07-18,51572.3
A05552,C01631,Savings,2021-12-10,26229.97
A05553,C00992,Fixed Deposit,2021-06-23,44115.84
A05554,C04591,Savings,2021-08-05,68844.41
A05555,C01194,Savings,2024-05-14,6668.7
A05556,C03969,Savings,2025-05-22,197424.13
A05557,C00703,Savings,2024-10-28,83261.06
A05558,C01031,Salary,2021-06-23,25349.67
A05559,C04922,Savings,2021-03-19,51210.11
A05560,C02482,Fixed Deposit,2024-09-08,226315.87
A05561,C00563,Savings,2025-04-27,14147.71
A05562,C00367,Current,2022-07-30,115336.98
A05563,C00794,Salary,2024-11-08,35846.59
A05564,C03104,Salary,2023-04-21,67065.91
A05565,C04732,Savings,2022-03-13,79941.99
A05566,C00987,Fixed Deposit,2021-07-18,75937.46
A05567,C00958,Salary,2022-08-25,97144.9
A05568,C03596,Fixed Deposit,2023-10-28,44628.34
A05569,C00855,Salary,2024-07-10,35560.71
A05570,C01570,Salary,2023-10-01,18143.38
A05571,C02257,Current,2022-09-26,19501.07
A05572,C03910,Salary,2022-09-20,43129.26
A05573,C04104,Current,2022-06-09,78018.06
A05574,C04833,Current,2023-08-21,11403.3
A05575,C02223,Current,2023-11-10,51706.33
A05576,C04177,Fixed Deposit,2021-09-11,187922.59
A05577,C00238,Savings,2022-08-21,119059.37
A05578,C03289,Salary,2024-04-18,32746.31
A05579,C04283,Savings,2024-10-08,14074.96
A05580,C04726,Savings,2022-07-27,66324.47
A05581,C01733,Savings,2023-06-12,54151.93
A05582,C03062,Savings,2021-08-03,36274.91
A05583,C00815,Fixed Deposit,2024-10-13,50541.3
A05584,C04710,Savings,2023-06-03,49168.19
A05585,C01187,Salary,2022-08-25,53025.71
A05586,C02226,Savings,2025-06-20,25106.88
A05587,C00985,Fixed Deposit,2025-05-16,53724.29
A05588,C00798,Salary,2022-07-22,10392.79
A05589,C04163,Savings,2024-05-28,47922.28
A05590,C00544,Savings,2022-08-29,52741.54
A05591,C00520,Savings,2022-07-06,12010.02
A05592,C02547,Savings,2021-12-03,33004.55
A05593,C01455,Savings,2021-11-15,22666.95
A05594,C01059,Fixed Deposit,2022-04-11,182546.28
A05595,C02237,Salary,2022-12-30,11607.09
A05596,C01113,Savings,2023-06-19,99482.5
A05597,C03407,Fixed Deposit,2024-03-23,205349.56
A05598,C00947,Savings,2021-12-17,4084.25
A05599,C04031,Savings,2023-12-22,64725.3
A05600,C00136,Current,2025-01-23,57296.43
A05601,C02594,Savings,2023-08-08,9223.42
A05602,C00793,Savings,2024-06-17,27178.58
A05603,C01137,Savings,2021-07-09,24547.33
A05604,C01363,Salary,2024-03-15,15494.42
A05605,C00555,Fixed Deposit,2025-03-26,36846.59
A05606,C02573,Current,2024-08-08,78075.98
A05607,C03404,Current,2023-12-20,39178.9
A05608,C02255,Current,2025-02-05,21284.57
A05609,C01367,Savings,2022-11-18,12922.43
A05610,C00949,Salary,2021-03-14,77393.96
A05611,C00104,Current,2024-06-16,166733.89
A05612,C01047,Savings,2022-02-20,29823.99
A05613,C04027,Savings,2021-06-28,33443.34
A05614,C02615,Fixed Deposit,2023-12-27,650619.27
A05615,C03332,Savings,2025-06-05,77259.89
A05616,C00964,Fixed Deposit,2021-03-18,176362.47
A05617,C03272,Savings,2021-09-05,21668.38
A05618,C00838,Salary,2022-12-08,16956.38
A05619,C02459,Savings,2023-09-15,115621.24
A05620,C00882,Salary,2021-03-09,54799.57
A05621,C03189,Current,2023-04-30,43156.16
A05622,C04520,Savings,2025-05-11,52904.25
A05623,C02203,Savings,2024-01-28,171501.31
A05624,C03335,Savings,2022-08-11,18750.86
A05625,C02199,Salary,2023-04-23,41882.78
A05626,C00212,Salary,2025-05-21,19653.74
A05627,C01216,Salary,2025-04-18,46641.35
A05628,C00881,Savings,2023-02-20,74689.81
A05629,C00755,Current,2025-04-15,48242.45
A05630,C00701,Fixed Deposit,2025-04-11,311009.42
A05631,C02220,Salary,2023-06-01,22844.64
A05632,C00371,Savings,2022-12-23,59405.66
A05633,C01733,Salary,2021-11-20,114685.1
A05634,C00802,Salary,2024-02-21,25840.73
A05635,C00990,Current,2023-11-23,23847.25
A05636,C04772,Savings,2022-10-17,31652.43
A05637,C00416,Savings,2021-05-25,9879.17
A05638,C02966,Fixed Deposit,2023-02-13,181704.67
A05639,C03338,Savings,2025-03-21,41978.61
A05640,C03613,Savings,2021-11-06,7944.51
A05641,C01621,Salary,2021-05-24,24741.64
A05642,C01536,Salary,2023-07-31,118236.92
A05643,C04345,Fixed Deposit,2022-10-26,48646.19
A05644,C02793,Savings,2023-06-12,149055.82
A05645,C00573,Salary,2022-06-01,28406.79
A05646,C04894,Savings,2021-07-14,9863.04
A05647,C04857,Savings,2025-02-15,5392.27
A05648,C03656,Savings,2025-02-07,240170.31
A05649,C00293,Current,2025-05-31,17344.34
A05650,C04294,Salary,2023-03-29,21384.06
A05651,C00080,Savings,2024-04-07,32799.27
A05652,C04233,Savings,2022-12-30,45467.81
A05653,C04309,Current,2024-04-21,14877.71
A05654,C01863,Savings,2024-02-11,114739.17
A05655,C00619,Savings,2024-07-23,47894.47
A05656,C00960,Current,2022-04-21,109569.13
A05657,C03279,Savings,2024-04-16,6091.23
A05658,C03736,Savings,2024-08-07,56337.84
A05659,C02214,Current,2022-03-10,52178.37
A05660,C03575,Savings,2025-01-26,35377.99
A05661,C03997,Salary,2022-02-21,22668.68
A05662,C02478,Current,2022-12-12,9513.05
A05663,C03252,Savings,2021-05-18,10601.58
A05664,C02169,Current,2025-02-21,116903.31
A05665,C03246,Savings,2023-03-20,50911.02
A05666,C02379,Salary,2024-04-06,30327.08
A05667,C01723,Salary,2021-05-14,28752.81
A05668,C01162,Fixed Deposit,2024-03-30,163883.9
A05669,C01890,Fixed Deposit,2023-02-23,157808.21
A05670,C02041,Current,2023-03-03,17423.61
A05671,C03972,Current,2023-01-04,9922.91
A05672,C03402,Savings,2022-01-12,50683.17
A05673,C03310,Salary,2024-09-15,110179.64
A05674,C01100,Savings,2022-01-30,67582.99
A05675,C04019,Current,2024-04-10,161787.49
A05676,C01689,Savings,2022-04-15,31132.04
A05677,C04133,Savings,2023-02-10,46932.3
A05678,C00845,Savings,2024-12-16,34518.6
A05679,C01644,Savings,2024-07-03,72121.63
A05680,C02334,Savings,2024-02-18,19101.2
A05681,C01264,Savings,2021-01-19,43255.6
A05682,C02935,Savings,2023-03-19,159941.2
A05683,C03686,Savings,2021-09-04,18842.29
A05684,C00216,Savings,2024-05-13,5940.48
A05685,C04777,Current,2024-12-14,58261.08
A05686,C03658,Salary,2023-12-27,272867.49
A05687,C02341,Current,2021-12-08,19691.15
A05688,C01508,Savings,2021-12-11,114581.39
A05689,C02091,Savings,2023-07-13,36775.82
A05690,C03379,Savings,2022-01-22,15000.67
A05691,C01117,Fixed Deposit,2021-12-08,121485.26
A05692,C02741,Savings,2021-04-18,10092.0
A05693,C02162,Salary,2022-11-08,142792.86
A05694,C03257,Savings,2022-09-25,40127.68
A05695,C02969,Savings,2023-09-25,7818.27
A05696,C01149,Salary,2024-11-26,192638.33
A05697,C03177,Savings,2022-08-19,78563.11
A05698,C04254,Savings,2024-08-18,48264.13
A05699,C03346,Salary,2024-02-05,80775.61
A05700,C03962,Savings,2022-08-08,3973.87
A05701,C01141,Current,2022-04-22,20701.32
A05702,C02934,Savings,2021-12-03,347377.44
A05703,C02108,Fixed Deposit,2025-01-23,73457.21
A05704,C02449,Salary,2021-11-09,20404.82
A05705,C00828,Savings,2024-03-23,42278.18
A05706,C01204,Fixed Deposit,2022-09-01,24322.28
A05707,C03304,Savings,2024-10-04,150216.62
A05708,C00845,Savings,2023-03-01,24299.85
A05709,C02972,Current,2022-08-17,8771.24
A05710,C01269,Salary,2025-04-02,42326.59
A05711,C04734,Salary,2021-10-27,89115.93
A05712,C04745,Current,2022-11-23,67890.52
A05713,C01630,Current,2022-12-29,10315.6
A05714,C03531,Fixed Deposit,2025-04-07,27827.12
A05715,C00804,Salary,2021-08-24,5350.89
A05716,C00128,Salary,2023-08-23,69030.22
A05717,C00952,Savings,2023-06-16,55441.99
A05718,C02265,Salary,2021-07-30,60436.21
A05719,C00020,Salary,2021-10-13,24549.15
A05720,C03639,Fixed Deposit,2022-02-27,11797.6
A05721,C01782,Savings,2022-05-09,17688.71
A05722,C03835,Salary,2023-10-15,98542.24
A05723,C03132,Fixed Deposit,2024-12-13,91324.4
A05724,C04771,Savings,2023-04-17,7662.63
A05725,C04835,Salary,2023-02-06,28394.88
A05726,C00557,Fixed Deposit,2021-12-11,108791.91
A05727,C02245,Current,2022-06-07,33169.43
A05728,C02984,Salary,2023-03-30,10128.72
A05729,C03564,Savings,2021-11-15,23445.88
A05730,C02726,Current,2024-09-27,18806.09
A05731,C04600,Savings,2024-11-03,37428.22
A05732,C04834,Savings,2025-04-19,46769.97
A05733,C04888,Salary,2023-10-14,20126.98
A05734,C03332,Savings,2022-11-26,64952.92
A05735,C00197,Salary,2022-08-13,158095.82
A05736,C02829,Current,2022-09-27,599381.69
A05737,C04840,Salary,2021-07-27,15701.67
A05738,C03989,Savings,2021-07-05,38850.46
A05739,C02470,Savings,2023-09-04,7099.21
A05740,C01631,Savings,2021-01-17,23636.81
A05741,C03279,Savings,2024-08-06,114792.98
A05742,C02039,Salary,2021-09-11,4712.32
A05743,C02480,Salary,2023-08-29,24947.35
A05744,C04331,Salary,2022-09-03,35173.94
A05745,C04575,Salary,2022-03-22,8898.13
A05746,C02476,Salary,2023-09-23,50958.16
A05747,C04762,Current,2025-01-19,45649.17
A05748,C03310,Savings,2024-03-16,20936.01
A05749,C03179,Salary,2023-06-03,65114.73
A05750,C01388,Savings,2024-02-12,17200.24
A05751,C00642,Current,2024-01-26,54733.36
A05752,C00575,Savings,2024-11-06,36448.05
A05753,C03145,Current,2024-10-31,44853.96
A05754,C01722,Savings,2023-09-10,29137.13
A05755,C01019,Savings,2022-05-21,10794.62
A05756,C04059,Current,2024-09-07,10320.01
A05757,C03421,Savings,2021-11-24,18161.55
A05758,C00400,Savings,2021-12-15,22228.49
A05759,C04691,Savings,2024-04-08,46393.4
A05760,C01457,Savings,2021-11-03,35275.98
A05761,C01596,Salary,2021-07-18,24054.37
A05762,C00117,Current,2024-04-15,6000.87
A05763,C00383,Salary,2024-02-22,19419.45
A05764,C04955,Savings,2024-03-26,12792.38
A05765,C02130,Savings,2022-08-30,174695.42
A05766,C01851,Current,2024-08-02,38796.94
A05767,C00832,Savings,2022-09-03,148602.4
A05768,C04969,Savings,2023-07-10,38921.52
A05769,C02701,Salary,2021-08-23,194571.43
A05770,C02782,Salary,2024-08-10,48238.86
A05771,C03482,Savings,2023-02-24,49924.64
A05772,C02118,Savings,2023-04-22,209488.83
A05773,C04483,Salary,2023-11-08,19146.13
A05774,C02007,Savings,2023-08-17,19960.02
A05775,C02572,Fixed Deposit,2024-04-12,73141.52
A05776,C00297,Fixed Deposit,2024-11-27,903175.13
A05777,C00719,Salary,2022-01-16,25858.83
A05778,C03137,Savings,2024-02-18,47950.65
A05779,C03080,Savings,2023-02-07,81902.69
A05780,C00011,Fixed Deposit,2021-04-06,275641.61
A05781,C04881,Savings,2021-01-31,81423.88
A05782,C00411,Savings,2021-04-07,138700.14
A05783,C02940,Savings,2025-02-02,72199.65
A05784,C02655,Savings,2022-12-06,40168.29
A05785,C03187,Salary,2023-12-06,13765.08
A05786,C03451,Salary,2021-08-24,22796.68
A05787,C00599,Salary,2025-05-04,26184.48
A05788,C00824,Salary,2021-12-03,47142.0
A05789,C02398,Savings,2022-11-05,58412.04
A05790,C04115,Current,2021-10-12,203520.46
A05791,C00313,Savings,2021-05-14,5611.98
A05792,C02975,Savings,2023-02-08,34720.39
A05793,C03739,Savings,2022-11-26,202570.35
A05794,C02493,Current,2022-06-23,10500.14
A05795,C01946,Savings,2021-09-17,19259.86
A05796,C00231,Fixed Deposit,2022-05-18,99459.38
A05797,C03741,Fixed Deposit,2022-08-15,143013.92
A05798,C02673,Savings,2024-04-18,10454.46
A05799,C03455,Savings,2023-06-15,146166.67
A05800,C03584,Salary,2024-07-14,61081.83
A05801,C00044,Fixed Deposit,2025-05-07,18631.93
A05802,C02925,Salary,2023-10-19,102574.17
A05803,C03694,Savings,2021-03-25,91254.2
A05804,C02271,Savings,2022-02-14,36249.1
A05805,C03458,Savings,2024-03-25,24032.46
A05806,C02950,Savings,2025-02-22,12689.98
A05807,C02319,Savings,2021-11-24,25122.2
A05808,C03386,Salary,2025-06-28,91788.35
A05809,C02295,Savings,2021-12-12,7739.43
A05810,C02996,Salary,2023-07-12,17143.81
A05811,C03639,Savings,2021-04-07,47155.73
A05812,C04917,Savings,2022-09-29,68796.65
A05813,C03368,Savings,2021-07-02,66379.53
A05814,C03285,Savings,2024-09-12,17968.53
A05815,C02343,Salary,2025-05-09,33092.3
A05816,C00171,Savings,2023-03-25,24003.32
A05817,C04342,Salary,2023-06-15,46231.31
A05818,C01640,Fixed Deposit,2022-10-23,110086.94
A05819,C00617,Salary,2023-08-03,31075.19
A05820,C00240,Current,2023-03-13,40295.45
A05821,C04494,Current,2022-01-13,36314.4
A05822,C01857,Savings,2024-01-16,8815.94
A05823,C00923,Current,2022-11-11,116361.86
A05824,C04888,Fixed Deposit,2024-03-04,166020.03
A05825,C01905,Savings,2021-03-31,7184.1
A05826,C03150,Salary,2022-05-03,241863.94
A05827,C00813,Salary,2023-03-31,52567.23
A05828,C05000,Fixed Deposit,2025-06-05,106903.19
A05829,C01731,Savings,2023-05-13,23117.58
A05830,C00832,Savings,2023-01-13,40610.44
A05831,C03425,Savings,2024-01-18,59376.27
A05832,C02208,Salary,2024-08-09,187087.59
A05833,C04840,Savings,2022-03-22,13552.87
A05834,C03433,Savings,2024-11-23,99832.64
A05835,C04909,Savings,2025-03-18,24866.76
A05836,C03369,Savings,2024-11-19,130387.31
A05837,C02228,Savings,2023-05-14,9827.25
A05838,C02261,Current,2023-11-07,33906.75
A05839,C04626,Fixed Deposit,2024-06-19,10133.59
A05840,C02918,Savings,2022-11-17,20067.27
A05841,C03521,Salary,2025-04-17,23623.54
A05842,C04381,Salary,2023-10-25,53745.86
A05843,C02709,Savings,2021-10-08,8843.51
A05844,C01821,Salary,2023-08-27,161319.03
A05845,C00649,Savings,2022-06-17,188533.55
A05846,C00189,Salary,2025-02-03,41724.84
A05847,C01223,Salary,2024-06-15,11057.23
A05848,C00479,Salary,2022-08-28,10115.51
A05849,C03063,Savings,2022-04-23,39637.41
A05850,C02026,Current,2021-03-30,17799.89
A05851,C04613,Salary,2024-02-11,114600.19
A05852,C01889,Current,2022-09-02,26747.94
A05853,C01551,Salary,2021-05-22,54546.4
A05854,C02917,Salary,2022-10-24,34458.79
A05855,C03256,Savings,2022-07-14,22353.29
A05856,C02807,Savings,2021-02-20,18329.09
A05857,C00034,Current,2021-07-27,12908.8
A05858,C00296,Salary,2022-06-07,25868.63
A05859,C02501,Savings,2025-03-12,38620.87
A05860,C03780,Savings,2024-07-17,44633.05
A05861,C03577,Savings,2024-07-10,37362.66
A05862,C01430,Current,2022-12-10,30424.82
A05863,C02190,Current,2024-04-24,6710.92
A05864,C01988,Current,2023-03-19,103448.53
A05865,C04744,Savings,2024-05-29,9130.34
A05866,C02883,Savings,2021-03-22,57222.42
A05867,C01710,Salary,2022-02-13,110411.25
A05868,C02778,Savings,2023-09-01,106666.72
A05869,C03698,Savings,2023-06-10,74564.16
A05870,C01548,Salary,2022-11-13,38834.69
A05871,C00463,Salary,2021-03-27,16108.47
A05872,C03316,Savings,2025-04-29,10319.17
A05873,C03305,Fixed Deposit,2021-04-14,67527.23
A05874,C00514,Savings,2024-07-31,19703.02
A05875,C04097,Savings,2022-04-05,22894.31
A05876,C03567,Savings,2023-01-10,67670.97
A05877,C03804,Salary,2022-04-06,30873.75
A05878,C03688,Savings,2024-02-19,18467.75
A05879,C03939,Current,2024-10-07,533914.49
A05880,C03490,Savings,2022-03-16,26824.38
A05881,C01472,Savings,2022-07-23,73292.77
A05882,C00338,Savings,2024-04-27,67818.39
A05883,C03082,Current,2023-05-19,24951.26
A05884,C03413,Current,2022-07-04,19509.69
A05885,C02393,Salary,2021-08-17,8356.28
A05886,C00977,Current,2024-11-10,45265.95
A05887,C04979,Current,2024-02-29,37496.18
A05888,C02246,Current,2021-06-20,12197.7
A05889,C04069,Fixed Deposit,2024-09-15,204724.13
A05890,C01704,Salary,2021-02-04,63721.25
A05891,C00872,Salary,2024-05-09,36978.38
A05892,C03410,Current,2024-04-06,26054.48
A05893,C02590,Current,2025-03-13,29951.08
A05894,C04553,Savings,2025-03-15,12537.72
A05895,C01550,Salary,2024-06-23,21056.47
A05896,C03508,Savings,2024-06-01,69630.47
A05897,C04462,Savings,2021-12-07,31401.38
A05898,C02622,Salary,2022-07-24,249535.24
A05899,C02530,Savings,2022-06-21,21150.06
A05900,C02158,Salary,2025-01-03,33612.94
A05901,C02357,Salary,2022-06-28,55979.05
A05902,C00160,Current,2025-06-25,63560.13
A05903,C04940,Savings,2024-03-19,28943.53
A05904,C02103,Current,2021-12-22,19269.15
A05905,C02809,Savings,2023-01-15,27837.06
A05906,C02000,Savings,2023-10-17,53572.96
A05907,C02582,Fixed Deposit,2022-06-17,51550.15
A05908,C02994,Savings,2022-01-08,324353.02
A05909,C02935,Salary,2024-12-06,28062.66
A05910,C02312,Salary,2024-06-29,45421.48
A05911,C02796,Fixed Deposit,2023-10-13,67861.17
A05912,C04329,Current,2021-01-14,30029.25
A05913,C04329,Current,2021-08-03,79958.48
A05914,C03589,Fixed Deposit,2022-06-20,26305.47
A05915,C03117,Salary,2023-11-10,305841.47
A05916,C04654,Salary,2023-07-17,19728.88
A05917,C03748,Salary,2025-02-20,55748.99
A05918,C01950,Current,2022-03-12,43934.53
A05919,C01460,Savings,2024-09-06,35668.08
A05920,C04431,Savings,2023-09-18,119263.45
A05921,C02452,Salary,2023-12-12,209282.16
A05922,C04352,Savings,2021-12-23,18000.18
A05923,C03068,Current,2022-12-20,18325.07
A05924,C04091,Current,2023-05-22,59157.48
A05925,C02989,Savings,2022-08-30,34770.51
A05926,C00772,Savings,2024-10-03,23198.02
A05927,C01112,Salary,2023-02-17,28149.32
A05928,C03312,Salary,2021-11-22,23180.46
A05929,C04407,Salary,2022-06-11,13253.63
A05930,C01595,Savings,2022-11-18,46400.25
A05931,C02730,Current,2021-08-07,38071.55
A05932,C01282,Salary,2022-06-06,24154.04
A05933,C03586,Current,2022-02-09,6547.73
A05934,C02829,Savings,2023-11-09,26938.3
A05935,C02374,Savings,2022-08-03,211895.12
A05936,C04886,Savings,2023-03-01,26903.15
A05937,C00342,Savings,2021-10-21,27677.42
A05938,C04934,Savings,2021-01-15,23512.36
A05939,C04724,Current,2021-11-22,63412.43
A05940,C02819,Current,2023-08-29,95459.0
A05941,C02926,Salary,2021-06-07,20129.56
A05942,C01273,Savings,2024-02-02,9375.09
A05943,C00710,Savings,2025-06-10,26723.15
A05944,C00739,Salary,2025-06-18,22642.33
A05945,C01779,Fixed Deposit,2023-06-19,54181.39
A05946,C04591,Savings,2023-03-17,106357.02
A05947,C04131,Savings,2024-07-29,14455.99
A05948,C03719,Savings,2021-05-27,53092.75
A05949,C04914,Salary,2022-05-29,53406.06
A05950,C00010,Fixed Deposit,2023-12-28,102883.43
A05951,C01738,Current,2022-05-19,67914.89
A05952,C02579,Salary,2023-12-29,6634.97
A05953,C01559,Savings,2025-05-02,62586.92
A05954,C02143,Savings,2022-02-17,35985.18
A05955,C02624,Salary,2023-12-24,19518.69
A05956,C04001,Savings,2022-08-15,160814.82
A05957,C04546,Savings,2023-02-05,81111.51
A05958,C02144,Fixed Deposit,2021-08-25,31515.5
A05959,C00865,Savings,2022-01-31,23653.06
A05960,C01801,Savings,2024-03-08,95973.67
A05961,C03453,Savings,2024-09-01,35327.06
A05962,C02717,Current,2024-12-17,11299.07
A05963,C04303,Savings,2021-05-12,176578.18
A05964,C01810,Savings,2021-08-14,29114.72
A05965,C04946,Salary,2025-06-16,37321.34
A05966,C04342,Salary,2025-02-05,54899.54
A05967,C01998,Savings,2021-04-28,17109.81
A05968,C02932,Current,2022-09-30,116670.86
A05969,C02131,Current,2021-12-05,15751.33
A05970,C04413,Savings,2022-02-23,45081.52
A05971,C02693,Savings,2024-12-29,22609.73
A05972,C03177,Salary,2024-04-17,94715.59
A05973,C02797,Salary,2022-04-07,60539.97
A05974,C04696,Savings,2025-06-09,30943.4
A05975,C01556,Savings,2022-11-07,8990.82
A05976,C03691,Savings,2022-12-19,51017.71
A05977,C04937,Current,2024-02-02,41384.19
A05978,C03573,Current,2021-04-24,9052.33
A05979,C04444,Current,2024-07-18,43650.33
A05980,C00331,Salary,2022-07-17,65694.9
A05981,C04706,Fixed Deposit,2021-11-02,69281.39
A05982,C01945,Fixed Deposit,2022-09-15,41777.91
A05983,C04840,Salary,2021-02-24,124939.22
A05984,C03959,Current,2022-06-08,187758.36
A05985,C04665,Savings,2022-03-10,13334.78
A05986,C01685,Savings,2021-07-09,91775.46
A05987,C02437,Current,2022-01-24,53379.05
A05988,C00971,Fixed Deposit,2022-10-29,37761.46
A05989,C00747,Savings,2024-09-20,30010.23
A05990,C02185,Salary,2021-12-12,31254.51
A05991,C01385,Fixed Deposit,2021-09-22,168226.83
A05992,C04031,Salary,2023-05-22,24355.7
A05993,C01019,Salary,2024-02-02,6988.38
A05994,C02579,Savings,2021-05-21,29971.34
A05995,C04112,Savings,2023-01-19,84361.49
A05996,C04664,Savings,2022-07-10,105682.97
A05997,C03941,Salary,2021-08-27,25066.0
A05998,C02025,Savings,2024-12-24,55757.42
A05999,C01543,Savings,2025-06-21,107462.38
A06000,C02712,Current,2024-01-27,65386.02
A06001,C03047,Current,2023-04-16,232983.47
A06002,C01455,Current,2025-01-24,127225.3
A06003,C03004,Fixed Deposit,2023-08-28,44358.28
A06004,C01703,Savings,2022-07-19,33203.6
A06005,C04421,Current,2022-09-13,167301.63
A06006,C03874,Current,2021-09-14,12652.24
A06007,C00122,Savings,2023-11-01,34161.41
A06008,C01477,Current,2021-06-27,201289.73
A06009,C00266,Salary,2024-11-17,225893.8
A06010,C00028,Salary,2024-08-10,47329.95
A06011,C02125,Savings,2023-09-10,8103.95
A06012,C00432,Salary,2022-02-01,26329.71
A06013,C04975,Fixed Deposit,2024-11-13,125301.28
A06014,C03778,Savings,2022-06-21,17797.46
A06015,C04532,Savings,2022-09-30,299694.57
A06016,C01086,Current,2021-09-23,29384.45
A06017,C02095,Savings,2024-03-02,120207.38
A06018,C02486,Current,2024-07-25,32582.35
A06019,C00101,Savings,2025-04-27,48039.38
A06020,C02155,Fixed Deposit,2023-09-12,65249.87
A06021,C03049,Savings,2024-01-30,21883.02
A06022,C04983,Fixed Deposit,2022-02-08,45574.24
A06023,C00800,Savings,2024-07-31,68229.68
A06024,C03823,Savings,2024-07-24,30019.27
A06025,C01296,Savings,2021-05-19,24436.78
A06026,C00435,Salary,2024-05-29,63097.28
A06027,C03805,Current,2021-03-10,143854.11
A06028,C02614,Salary,2023-03-16,169915.76
A06029,C00916,Savings,2021-06-26,14832.22
A06030,C02276,Savings,2024-10-28,18049.53
A06031,C04641,Salary,2022-06-29,116715.22
A06032,C00648,Current,2021-10-28,23277.42
A06033,C02296,Savings,2024-06-05,29331.37
A06034,C04079,Savings,2024-10-27,10795.1
A06035,C01432,Savings,2023-10-12,69274.32
A06036,C02362,Savings,2022-10-08,35351.06
A06037,C04133,Salary,2022-02-03,94432.74
A06038,C00724,Savings,2024-03-12,74890.67
A06039,C01548,Salary,2023-01-27,93649.37
A06040,C00980,Salary,2024-03-06,94668.43
A06041,C00084,Salary,2022-07-27,25641.62
A06042,C03487,Current,2021-02-25,35877.75
A06043,C01366,Salary,2022-01-17,43653.06
A06044,C04815,Salary,2022-04-16,40011.78
A06045,C00550,Salary,2024-05-16,67409.62
A06046,C03493,Current,2022-09-27,23976.05
A06047,C02763,Savings,2023-01-13,48226.24
A06048,C03854,Savings,2021-02-04,21607.16
A06049,C04683,Savings,2024-07-13,45631.21
A06050,C03200,Savings,2025-06-15,50526.36
A06051,C00152,Salary,2023-09-03,12577.85
A06052,C03499,Current,2021-01-21,49945.4
A06053,C02213,Current,2024-03-09,124074.8
A06054,C02986,Savings,2021-09-22,94822.76
A06055,C04095,Current,2024-11-24,12564.48
A06056,C01568,Savings,2022-04-02,11642.12
A06057,C00212,Savings,2024-02-18,58277.21
A06058,C04838,Salary,2023-08-08,41642.6
A06059,C02180,Savings,2022-01-18,31683.98
A06060,C03224,Savings,2022-06-19,3861.49
A06061,C04192,Savings,2023-11-29,14417.24
A06062,C01527,Savings,2023-09-11,116037.91
A06063,C00522,Savings,2023-11-12,53049.72
A06064,C03947,Savings,2025-05-10,217258.99
A06065,C01703,Savings,2021-02-16,79288.5
A06066,C00018,Savings,2023-01-16,48864.02
A06067,C03481,Salary,2022-06-23,8854.74
A06068,C01720,Savings,2024-11-08,49113.36
A06069,C03317,Current,2025-02-14,33487.84
A06070,C04015,Savings,2023-12-08,13178.73
A06071,C00879,Fixed Deposit,2022-11-10,210010.79
A06072,C00594,Salary,2023-09-11,38397.76
A06073,C04739,Savings,2024-01-10,52803.42
A06074,C04897,Savings,2021-02-14,17245.98
A06075,C04551,Savings,2021-10-02,50300.59
A06076,C01610,Salary,2023-09-12,31402.95
A06077,C00876,Savings,2024-08-27,283388.71
A06078,C03232,Savings,2021-08-20,22103.54
A06079,C02449,Salary,2021-03-27,19397.68
A06080,C04558,Savings,2024-02-03,45713.7
A06081,C02137,Current,2021-06-26,29592.58
A06082,C02054,Salary,2025-06-02,45014.48
A06083,C00084,Salary,2022-09-30,159221.72
A06084,C01440,Current,2024-04-27,15083.67
A06085,C02669,Salary,2023-12-20,40205.4
A06086,C02220,Fixed Deposit,2024-05-28,37235.84
A06087,C00699,Fixed Deposit,2022-08-11,35885.0
A06088,C01821,Savings,2022-08-26,32084.64
A06089,C04626,Savings,2024-02-14,36659.82
A06090,C04415,Savings,2025-02-02,180268.26
A06091,C01099,Salary,2024-04-05,22672.71
A06092,C02895,Savings,2022-09-30,29063.49
A06093,C03418,Savings,2025-01-08,6803.93
A06094,C00249,Savings,2024-06-10,54707.26
A06095,C04483,Current,2021-04-24,40525.97
A06096,C01958,Salary,2023-09-26,62033.47
A06097,C01891,Savings,2025-03-12,45123.11
A06098,C04459,Salary,2022-09-04,7108.91
A06099,C03368,Savings,2021-05-31,173144.8
A06100,C02116,Savings,2022-08-07,47668.95
A06101,C03064,Fixed Deposit,2023-09-15,91270.62
A06102,C01807,Current,2022-01-05,177035.47
A06103,C00296,Savings,2024-10-04,23403.08
A06104,C02695,Fixed Deposit,2023-09-02,18796.84
A06105,C01992,Savings,2024-04-05,13639.34
A06106,C03940,Salary,2021-03-13,35258.35
A06107,C00032,Salary,2023-05-10,32774.76
A06108,C04651,Savings,2021-12-19,156917.96
A06109,C03876,Current,2023-11-01,51582.57
A06110,C04401,Savings,2023-03-21,9808.07
A06111,C00793,Savings,2023-01-11,19672.65
A06112,C04192,Savings,2022-09-30,21256.56
A06113,C01090,Current,2021-06-02,28587.55
A06114,C00230,Salary,2024-03-31,19329.97
A06115,C02781,Current,2022-01-21,12137.96
A06116,C04454,Salary,2022-11-22,41531.98
A06117,C04498,Savings,2024-03-13,24040.0
A06118,C00790,Savings,2021-05-19,11670.34
A06119,C04195,Savings,2021-07-25,153856.86
A06120,C04367,Fixed Deposit,2021-04-06,61707.58
A06121,C01799,Salary,2022-12-27,217757.52
A06122,C03981,Fixed Deposit,2025-05-24,180180.22
A06123,C04458,Savings,2024-10-11,23979.12
A06124,C03241,Current,2025-02-03,191271.43
A06125,C04636,Current,2021-11-14,98223.44
A06126,C03857,Current,2022-05-27,21600.12
A06127,C04929,Salary,2021-01-19,27353.6
A06128,C00314,Savings,2024-12-07,47519.8
A06129,C00233,Salary,2022-02-11,29924.86
A06130,C03508,Salary,2023-08-27,91872.64
A06131,C01030,Savings,2024-11-26,51708.83
A06132,C03607,Fixed Deposit,2023-05-13,168054.7
A06133,C02712,Current,2021-04-11,64248.03
A06134,C04340,Salary,2022-08-16,19703.69
A06135,C02289,Salary,2022-11-26,8490.29
A06136,C04000,Current,2021-01-18,18832.79
A06137,C02606,Savings,2024-03-24,243109.62
A06138,C03345,Salary,2021-05-09,87713.53
A06139,C02123,Savings,2023-09-19,40428.45
A06140,C02331,Fixed Deposit,2024-08-31,228362.99
A06141,C03780,Savings,2022-01-01,37412.04
A06142,C04183,Savings,2022-04-07,40224.08
A06143,C00881,Fixed Deposit,2024-03-30,92370.55
A06144,C02978,Savings,2023-07-24,25088.13
A06145,C01173,Savings,2024-10-31,16318.22
A06146,C00160,Salary,2021-11-28,53822.89
A06147,C02494,Savings,2022-11-16,37012.12
A06148,C02130,Savings,2023-06-30,29326.7
A06149,C03079,Savings,2021-01-20,58821.71
A06150,C02230,Salary,2022-06-30,25861.74
A06151,C02918,Savings,2022-07-26,73834.86
A06152,C03014,Salary,2022-04-07,12268.23
A06153,C01550,Savings,2024-03-27,11521.93
A06154,C04574,Savings,2024-10-19,11072.48
A06155,C03386,Savings,2023-06-28,36693.34
A06156,C01580,Fixed Deposit,2022-08-28,19491.95
A06157,C03372,Current,2021-11-19,174094.94
A06158,C01961,Savings,2021-03-30,168325.4
A06159,C03845,Savings,2021-06-22,51869.94
A06160,C04698,Savings,2021-02-09,83656.36
A06161,C02391,Current,2023-07-23,16873.82
A06162,C01420,Savings,2021-07-22,103049.79
A06163,C03918,Savings,2025-05-02,27596.49
A06164,C03836,Salary,2021-08-31,34710.37
A06165,C04429,Savings,2025-03-10,30485.7
A06166,C04451,Savings,2021-03-29,19127.74
A06167,C03631,Savings,2022-11-05,61383.15
A06168,C04943,Savings,2022-06-16,22318.47
A06169,C00163,Savings,2022-10-22,28657.1
A06170,C00116,Savings,2022-12-14,4711.07
A06171,C01471,Salary,2024-03-20,50889.96
A06172,C03080,Current,2024-01-29,33104.83
A06173,C03853,Current,2021-09-04,15595.59
A06174,C02839,Current,2022-09-17,29302.2
A06175,C00543,Salary,2023-01-01,23878.68
A06176,C00414,Savings,2025-04-10,9033.16
A06177,C00682,Savings,2023-09-12,156565.47
A06178,C00642,Savings,2022-05-11,129893.69
A06179,C03979,Fixed Deposit,2024-08-05,124255.96
A06180,C01433,Current,2022-02-19,111761.11
A06181,C00669,Savings,2023-08-28,23192.73
A06182,C02070,Savings,2022-09-07,36023.26
A06183,C00969,Salary,2021-03-20,22433.7
A06184,C01181,Savings,2024-11-09,45552.23
A06185,C04820,Salary,2025-01-01,85726.71
A06186,C03236,Salary,2022-06-12,33942.39
A06187,C00252,Savings,2024-09-26,11387.5
A06188,C04301,Savings,2023-12-19,52744.92
A06189,C02880,Savings,2022-12-07,21068.79
A06190,C03999,Savings,2022-09-29,84125.1
A06191,C00791,Current,2023-06-18,196270.02
A06192,C04561,Savings,2023-06-30,94817.18
A06193,C01496,Savings,2022-06-28,29909.52
A06194,C04490,Current,2023-10-13,40259.72
A06195,C03069,Salary,2022-11-21,33324.4
A06196,C02708,Savings,2021-08-07,16182.15
A06197,C02578,Savings,2024-01-29,22532.88
A06198,C01236,Savings,2023-09-22,31667.05
A06199,C01059,Salary,2021-04-13,29716.41
A06200,C01171,Savings,2023-06-03,12065.17
A06201,C03619,Savings,2022-09-22,37821.63
A06202,C03660,Fixed Deposit,2023-01-25,62011.01
A06203,C03656,Savings,2024-02-17,4778.98
A06204,C00057,Savings,2021-01-07,32483.43
A06205,C01893,Salary,2022-01-23,4386.23
A06206,C02570,Savings,2025-02-10,14526.31
A06207,C04081,Savings,2025-03-26,12519.78
A06208,C04457,Savings,2023-04-08,29476.39
A06209,C01949,Salary,2024-07-28,19655.61
A06210,C00223,Fixed Deposit,2021-02-11,48258.56
A06211,C01640,Current,2025-05-02,200409.67
A06212,C04423,Savings,2021-04-06,15209.53
A06213,C01758,Savings,2025-03-08,97694.84
A06214,C00836,Current,2021-09-03,62248.74
A06215,C02537,Salary,2024-06-01,51227.76
A06216,C02526,Salary,2021-04-24,110071.9
A06217,C00985,Current,2022-06-28,24103.61
A06218,C01358,Fixed Deposit,2021-11-26,57161.5
A06219,C04888,Savings,2025-03-07,16945.16
A06220,C03061,Savings,2024-03-22,4249.64
A06221,C04478,Salary,2024-05-25,39893.08
A06222,C01447,Savings,2025-02-21,170896.73
A06223,C01372,Savings,2021-09-29,10454.77
A06224,C03225,Current,2024-11-24,11437.64
A06225,C01875,Savings,2024-10-05,47562.0
A06226,C02500,Savings,2024-12-16,29639.22
A06227,C03362,Salary,2021-09-18,140295.64
A06228,C01143,Savings,2025-03-23,22931.31
A06229,C04310,Savings,2022-12-18,144216.27
A06230,C00565,Savings,2021-09-21,54194.61
A06231,C04828,Salary,2023-03-12,100440.04
A06232,C04535,Savings,2021-11-14,17624.48
A06233,C01589,Salary,2024-02-14,29727.86
A06234,C03986,Savings,2024-05-20,42052.31
A06235,C04725,Savings,2021-06-09,49880.18
A06236,C04999,Salary,2022-04-22,18845.18
A06237,C01471,Savings,2022-10-03,23093.8
A06238,C03915,Savings,2023-05-09,145288.63
A06239,C03114,Salary,2021-05-28,81808.95
A06240,C04491,Savings,2025-01-10,12005.82
A06241,C04343,Fixed Deposit,2024-01-07,82911.37
A06242,C03363,Savings,2023-09-02,107791.8
A06243,C01637,Salary,2024-07-09,18782.57
A06244,C02913,Salary,2021-02-21,58445.68
A06245,C01473,Savings,2021-09-15,60690.7
A06246,C01245,Savings,2023-10-17,7938.55
A06247,C03738,Savings,2025-04-24,18064.21
A06248,C02099,Fixed Deposit,2021-09-05,40665.94
A06249,C02598,Salary,2021-10-15,36320.2
A06250,C02513,Savings,2024-07-01,22144.17
A06251,C04515,Savings,2023-08-05,51714.22
A06252,C00259,Savings,2021-08-02,27221.65
A06253,C02359,Salary,2024-01-21,8924.2
A06254,C03394,Fixed Deposit,2022-06-28,5687.6
A06255,C03779,Savings,2025-06-17,22371.48
A06256,C03412,Salary,2021-08-20,41729.79
A06257,C01269,Savings,2022-10-05,36162.31
A06258,C00940,Salary,2021-01-13,13688.57
A06259,C02377,Savings,2023-04-18,76859.77
A06260,C03952,Salary,2022-06-17,25372.48
A06261,C00196,Fixed Deposit,2025-01-08,140631.19
A06262,C04158,Current,2025-03-07,80910.06
A06263,C03097,Fixed Deposit,2025-03-30,136752.75
A06264,C03636,Savings,2023-04-19,64578.73
A06265,C00562,Fixed Deposit,2022-09-11,22414.52
A06266,C03450,Salary,2022-02-10,30261.04
A06267,C03367,Savings,2025-04-17,138980.26
A06268,C03124,Savings,2021-10-15,29068.09
A06269,C02892,Fixed Deposit,2022-03-02,16343.64
A06270,C00040,Savings,2022-03-12,69163.69
A06271,C01768,Savings,2023-09-17,58903.58
A06272,C02505,Salary,2021-03-22,32884.99
A06273,C00788,Savings,2025-02-20,28068.29
A06274,C01877,Salary,2024-04-20,44720.68
A06275,C04098,Savings,2021-12-24,71466.05
A06276,C01493,Savings,2022-12-03,38999.35
A06277,C01130,Current,2021-09-12,61253.67
A06278,C02264,Current,2023-06-18,162722.24
A06279,C04873,Salary,2021-06-15,28456.58
A06280,C04510,Salary,2022-04-10,408523.32
A06281,C04022,Savings,2021-09-13,186089.86
A06282,C04306,Salary,2022-02-27,23721.69
A06283,C02186,Salary,2021-07-17,227821.2
A06284,C01645,Fixed Deposit,2024-05-21,40419.9
A06285,C03561,Salary,2022-07-11,325768.16
A06286,C02686,Current,2023-06-02,28820.3
A06287,C04822,Savings,2022-06-09,57706.1
A06288,C01413,Salary,2023-12-12,56705.27
A06289,C01222,Salary,2024-07-12,25741.53
A06290,C02250,Savings,2024-09-10,54415.66
A06291,C02240,Salary,2022-07-09,103209.29
A06292,C04203,Current,2021-01-07,39221.9
A06293,C04423,Savings,2021-02-13,45965.19
A06294,C00644,Current,2024-04-10,75369.6
A06295,C04453,Savings,2024-01-31,13366.09
A06296,C02549,Salary,2023-01-05,39174.86
A06297,C04604,Savings,2025-05-23,112701.51
A06298,C03806,Savings,2022-08-12,28276.83
A06299,C04291,Savings,2023-03-23,62286.36
A06300,C04143,Current,2024-08-12,8174.3
A06301,C01386,Savings,2024-05-13,39881.52
A06302,C02585,Salary,2022-05-06,32007.01
A06303,C01602,Savings,2021-11-14,38000.2
A06304,C04943,Salary,2024-04-09,31245.08
A06305,C04805,Current,2021-08-06,110535.51
A06306,C03318,Fixed Deposit,2022-05-16,28879.81
A06307,C00808,Savings,2024-05-01,26495.89
A06308,C02660,Savings,2021-11-29,17954.56
A06309,C00115,Current,2024-03-22,11059.0
A06310,C02728,Salary,2022-07-07,34141.06
A06311,C04727,Savings,2023-11-13,15565.01
A06312,C02267,Savings,2021-08-04,45301.98
A06313,C04293,Savings,2023-12-03,46383.25
A06314,C04497,Savings,2024-10-16,41869.13
A06315,C03902,Savings,2023-01-13,61078.87
A06316,C02729,Current,2023-07-25,4434.94
A06317,C04172,Salary,2022-02-18,139499.23
A06318,C01450,Fixed Deposit,2024-12-12,61921.33
A06319,C04383,Savings,2022-09-14,67344.82
A06320,C01569,Salary,2022-09-09,14777.69
A06321,C01323,Savings,2021-11-12,11528.54
A06322,C00861,Savings,2024-12-24,57424.33
A06323,C00742,Current,2023-02-06,69703.72
A06324,C01731,Salary,2022-05-14,12022.91
A06325,C04905,Fixed Deposit,2021-12-15,111908.72
A06326,C02934,Salary,2021-03-16,68234.41
A06327,C03519,Savings,2021-08-21,63955.48
A06328,C04510,Savings,2023-07-02,41674.27
A06329,C04527,Salary,2022-12-25,48018.22
A06330,C03168,Current,2022-07-24,169351.28
A06331,C01919,Savings,2021-02-07,21535.47
A06332,C02219,Savings,2021-09-19,79907.99
A06333,C01341,Salary,2025-01-09,53053.54
A06334,C04640,Salary,2021-07-31,10564.89
A06335,C01515,Savings,2025-01-21,10077.01
A06336,C01412,Fixed Deposit,2023-09-18,76049.08
A06337,C03037,Salary,2024-07-29,8607.59
A06338,C04168,Savings,2025-05-13,4202.63
A06339,C01023,Savings,2023-02-24,709027.53
A06340,C04628,Current,2025-05-08,15218.98
A06341,C02287,Savings,2021-07-25,83045.18
A06342,C02759,Salary,2021-01-05,44833.9
A06343,C04673,Salary,2024-06-20,294786.05
A06344,C03772,Savings,2021-05-28,199318.05
A06345,C01113,Salary,2023-09-02,60190.69
A06346,C01946,Current,2024-09-08,10129.79
A06347,C04809,Savings,2022-01-22,144394.49
A06348,C01559,Salary,2024-11-17,11876.94
A06349,C03880,Current,2024-06-27,95281.73
A06350,C00642,Current,2022-03-04,14899.32
A06351,C02238,Savings,2022-01-04,23177.44
A06352,C04908,Current,2023-09-28,294375.46
A06353,C03487,Savings,2022-10-10,45309.93
A06354,C03226,Current,2025-01-10,17981.1
A06355,C01015,Savings,2023-11-12,29838.19
A06356,C02022,Current,2022-07-04,45007.51
A06357,C02677,Savings,2022-06-23,16850.55
A06358,C01541,Savings,2024-07-29,65322.17
A06359,C02937,Savings,2024-07-26,17442.14
A06360,C03107,Salary,2024-02-18,5287.39
A06361,C00784,Savings,2024-06-30,29843.75
A06362,C00671,Salary,2022-04-22,21041.79
A06363,C02770,Savings,2023-12-25,41398.65
A06364,C02574,Current,2025-05-29,30333.71
A06365,C02585,Salary,2024-08-19,79157.5
A06366,C04943,Savings,2024-09-02,69220.48
A06367,C01278,Savings,2021-06-23,5954.42
A06368,C03044,Savings,2024-12-09,34773.68
A06369,C03173,Salary,2024-07-07,24340.72
A06370,C03783,Savings,2024-08-01,27575.16
A06371,C00178,Current,2021-03-14,7237.37
A06372,C00276,Savings,2024-01-08,2091.1
A06373,C02360,Savings,2023-12-04,139606.32
A06374,C03482,Current,2023-01-15,29345.17
A06375,C04887,Savings,2023-10-24,47239.36
A06376,C03360,Salary,2022-03-19,19553.48
A06377,C01425,Fixed Deposit,2021-03-20,17946.85
A06378,C04123,Savings,2024-11-01,22221.98
A06379,C02961,Salary,2021-05-19,14593.47
A06380,C02470,Savings,2023-03-26,62793.57
A06381,C03086,Salary,2023-10-28,49110.54
A06382,C02373,Savings,2023-06-02,65845.71
A06383,C04069,Salary,2022-12-26,51435.79
A06384,C01591,Savings,2022-05-28,6332.39
A06385,C04381,Salary,2022-11-27,26146.13
A06386,C01113,Salary,2022-12-28,17347.81
A06387,C01069,Savings,2021-03-18,42222.72
A06388,C02546,Savings,2023-12-03,20126.11
A06389,C03650,Salary,2024-03-26,47963.39
A06390,C01815,Savings,2022-06-14,50075.18
A06391,C03908,Fixed Deposit,2024-05-28,51933.38
A06392,C03732,Fixed Deposit,2025-05-28,84082.09
A06393,C02193,Salary,2023-10-10,50953.27
A06394,C00082,Current,2021-07-09,40590.3
A06395,C03707,Savings,2023-05-25,50038.36
A06396,C03177,Salary,2021-09-19,65875.54
A06397,C01826,Savings,2021-05-24,26129.89
A06398,C00082,Savings,2025-02-17,18616.41
A06399,C00094,Savings,2022-10-03,49649.32
A06400,C00343,Fixed Deposit,2021-10-05,38842.79
A06401,C02409,Savings,2023-03-25,36003.4
A06402,C01855,Salary,2021-11-03,32183.59
A06403,C04000,Savings,2022-08-30,165697.83
A06404,C01090,Savings,2022-07-04,71875.0
A06405,C00624,Salary,2024-03-25,110202.61
A06406,C00868,Savings,2021-10-27,52580.95
A06407,C02477,Savings,2021-12-13,47021.62
A06408,C03473,Salary,2024-12-17,52789.6
A06409,C00171,Savings,2022-03-02,24059.62
A06410,C01783,Savings,2021-02-11,13001.94
A06411,C00578,Savings,2021-11-12,61251.36
A06412,C00068,Current,2022-09-30,57528.26
A06413,C01516,Salary,2021-03-18,131213.99
A06414,C00001,Savings,2021-04-06,78640.65
A06415,C02199,Savings,2024-07-10,24529.11
A06416,C00902,Savings,2023-03-30,13319.14
A06417,C04846,Savings,2023-01-07,49707.28
A06418,C00795,Current,2023-01-20,37141.03
A06419,C02067,Savings,2021-07-24,21919.08
A06420,C01820,Salary,2024-08-04,59365.96
A06421,C00371,Fixed Deposit,2024-07-10,22443.75
A06422,C02539,Salary,2025-05-31,20799.26
A06423,C03908,Savings,2023-07-25,473005.05
A06424,C02055,Current,2022-10-17,14973.22
A06425,C02597,Salary,2021-11-11,54048.65
A06426,C04467,Savings,2024-10-24,89739.99
A06427,C01689,Salary,2025-06-09,77830.53
A06428,C04853,Salary,2024-06-29,66780.21
A06429,C03322,Savings,2024-09-18,54535.11
A06430,C01139,Current,2023-01-14,35791.52
A06431,C02622,Savings,2024-12-20,132326.22
A06432,C02729,Savings,2021-10-22,125923.15
A06433,C01166,Salary,2023-04-11,89606.12
A06434,C01509,Fixed Deposit,2022-10-04,275986.85
A06435,C03842,Salary,2021-10-12,85598.71
A06436,C04559,Savings,2024-09-02,26915.74
A06437,C04577,Fixed Deposit,2022-05-27,35103.85
A06438,C04919,Salary,2023-10-05,50670.62
A06439,C00524,Salary,2021-01-29,47187.57
A06440,C02259,Salary,2024-08-10,55075.87
A06441,C04340,Current,2023-10-28,144277.35
A06442,C00239,Savings,2022-06-26,25853.51
A06443,C01221,Savings,2021-08-03,31672.23
A06444,C00769,Savings,2022-09-19,47542.81
A06445,C00235,Salary,2021-08-03,31775.6
A06446,C02761,Savings,2024-04-02,6983.13
A06447,C04593,Current,2024-04-08,23986.12
A06448,C01520,Savings,2021-08-09,14978.85
A06449,C01904,Fixed Deposit,2023-10-21,223924.46
A06450,C02235,Savings,2024-07-07,17247.51
A06451,C00936,Savings,2021-09-18,34959.84
A06452,C01269,Savings,2023-10-21,38044.59
A06453,C00819,Savings,2025-06-29,56882.68
A06454,C03568,Salary,2022-07-20,45892.49
A06455,C04118,Current,2025-02-04,48160.96
A06456,C02116,Current,2023-03-12,16455.71
A06457,C02440,Salary,2024-07-02,28372.0
A06458,C03388,Savings,2024-07-25,10423.99
A06459,C01089,Salary,2025-05-02,51071.59
A06460,C01828,Salary,2022-10-08,18160.03
A06461,C04825,Salary,2023-11-14,122232.74
A06462,C02589,Savings,2023-09-16,6125.17
A06463,C02616,Savings,2024-12-27,205255.02
A06464,C01874,Savings,2023-09-19,44810.58
A06465,C04308,Savings,2022-09-21,27560.83
A06466,C01774,Savings,2022-04-23,59601.47
A06467,C00200,Savings,2025-02-26,135372.84
A06468,C00178,Savings,2022-01-17,198295.28
A06469,C00931,Savings,2023-03-30,36169.82
A06470,C03737,Fixed Deposit,2022-01-09,10853.73
A06471,C02037,Salary,2022-07-07,33665.18
A06472,C01486,Savings,2023-02-01,22547.62
A06473,C02092,Salary,2024-09-08,65518.08
A06474,C04264,Fixed Deposit,2024-01-18,45060.55
A06475,C02385,Savings,2021-04-02,13116.0
A06476,C04089,Savings,2022-01-12,22685.09
A06477,C04682,Savings,2024-01-10,124114.32
A06478,C01916,Salary,2022-08-26,40833.71
A06479,C00016,Savings,2021-04-10,87951.25
A06480,C02935,Salary,2025-06-02,25028.39
A06481,C00837,Salary,2025-04-28,104759.94
A06482,C02158,Salary,2024-02-21,16616.43
A06483,C01577,Savings,2023-03-11,18372.48
A06484,C00306,Savings,2024-11-20,124254.83
A06485,C02054,Savings,2021-01-23,119289.93
A06486,C02891,Savings,2022-10-18,6527.52
A06487,C03345,Current,2023-02-09,88915.46
A06488,C04457,Salary,2022-06-03,10881.2
A06489,C01209,Salary,2024-07-24,94619.6
A06490,C01859,Savings,2024-01-24,92369.1
A06491,C02704,Savings,2023-07-08,150086.84
A06492,C01972,Salary,2024-11-06,168287.7
A06493,C01114,Fixed Deposit,2022-01-12,80810.44
A06494,C00984,Savings,2023-11-15,29056.04
A06495,C03311,Salary,2021-10-18,35632.38
A06496,C04002,Savings,2024-06-04,32430.36
A06497,C02772,Savings,2024-04-11,28749.0
A06498,C03153,Salary,2025-01-16,30697.79
A06499,C02163,Salary,2024-08-04,100163.48
A06500,C02128,Savings,2023-12-29,11326.62
A06501,C03640,Salary,2024-07-28,95985.68
A06502,C04275,Current,2023-05-13,36040.89
A06503,C00561,Current,2021-12-08,9652.54
A06504,C01810,Current,2023-05-20,62009.93
A06505,C04388,Savings,2024-09-18,8974.23
A06506,C02933,Savings,2024-11-10,39263.42
A06507,C00291,Current,2024-09-27,244805.42
A06508,C04638,Current,2021-11-13,24259.9
A06509,C01910,Savings,2024-08-23,25924.8
A06510,C04690,Current,2024-04-11,73703.38
A06511,C01429,Salary,2022-06-28,64322.16
A06512,C00948,Current,2024-05-08,64347.41
A06513,C02528,Current,2025-06-04,24115.49
A06514,C01349,Salary,2021-03-16,55667.79
A06515,C00381,Savings,2023-02-15,21755.48
A06516,C01705,Savings,2025-06-09,55271.21
A06517,C00310,Savings,2021-08-05,32308.15
A06518,C03415,Current,2022-09-25,72218.41
A06519,C01499,Current,2022-06-16,81946.96
A06520,C02895,Savings,2022-03-25,53741.55
A06521,C00661,Savings,2023-10-28,18174.75
A06522,C03448,Savings,2023-06-08,9348.59
A06523,C02274,Current,2022-01-28,13104.01
A06524,C01498,Savings,2025-06-10,15122.6
A06525,C02073,Savings,2024-11-10,536329.31
A06526,C03437,Salary,2025-03-05,65733.35
A06527,C02143,Savings,2024-03-16,44526.65
A06528,C04661,Savings,2021-11-12,22075.41
A06529,C01606,Fixed Deposit,2022-03-30,151990.07
A06530,C04740,Salary,2024-04-25,30537.47
A06531,C01432,Savings,2024-09-10,49404.41
A06532,C01951,Current,2023-03-24,62264.37
A06533,C03923,Salary,2021-11-14,52841.09
A06534,C00459,Salary,2022-01-29,38617.34
A06535,C02949,Current,2022-01-14,14572.2
A06536,C00338,Current,2022-12-06,38326.43
A06537,C03944,Salary,2023-03-05,96542.13
A06538,C02014,Savings,2025-02-06,71586.84
A06539,C04021,Current,2023-11-08,48345.15
A06540,C00345,Savings,2023-04-07,75638.2
A06541,C04672,Salary,2021-05-29,12360.17
A06542,C00943,Fixed Deposit,2022-07-12,56594.7
A06543,C00346,Savings,2023-11-02,35001.49
A06544,C03895,Savings,2023-01-12,13849.67
A06545,C03320,Savings,2022-04-07,57716.04
A06546,C03696,Savings,2024-03-29,67137.5
A06547,C00325,Current,2023-09-04,42096.01
A06548,C02139,Current,2022-11-26,43515.22
A06549,C04390,Current,2022-07-21,21261.13
A06550,C03613,Salary,2021-09-23,21457.34
A06551,C00524,Savings,2022-07-01,10655.52
A06552,C02898,Current,2021-03-21,30739.55
A06553,C03741,Salary,2022-06-02,21228.52
A06554,C00259,Savings,2023-12-28,17631.38
A06555,C01111,Savings,2022-12-03,38172.45
A06556,C00821,Savings,2021-09-01,26010.87
A06557,C02789,Savings,2021-01-09,10233.28
A06558,C04665,Salary,2024-03-26,22055.37
A06559,C04605,Savings,2025-05-26,32235.0
A06560,C01564,Salary,2022-04-09,13527.86
A06561,C04621,Salary,2022-10-08,49809.9
A06562,C01208,Savings,2024-08-16,38873.55
A06563,C00309,Savings,2024-09-05,16526.54
A06564,C01840,Current,2021-09-06,73248.73
A06565,C03353,Salary,2021-11-19,126584.12
A06566,C01384,Savings,2022-07-10,34072.64
A06567,C02307,Fixed Deposit,2025-01-25,54047.83
A06568,C01181,Salary,2024-11-22,27256.12
A06569,C02473,Savings,2022-01-28,22639.68
A06570,C02687,Current,2024-06-05,15639.26
A06571,C02968,Savings,2023-07-08,40273.78
A06572,C04446,Savings,2022-07-23,18296.37
A06573,C00961,Current,2021-09-01,3499.73
A06574,C03457,Savings,2023-12-17,226004.96
A06575,C00438,Savings,2024-03-12,167310.71
A06576,C00456,Savings,2021-07-11,40151.21
A06577,C03818,Savings,2022-06-03,11274.58
A06578,C01570,Savings,2024-11-28,287556.98
A06579,C01104,Salary,2023-08-18,57963.8
A06580,C01619,Savings,2024-07-22,26103.93
A06581,C03613,Savings,2023-11-29,141747.44
A06582,C01513,Savings,2021-07-12,14823.85
A06583,C04739,Savings,2021-11-23,5602.0
A06584,C00392,Savings,2022-04-28,20173.08
A06585,C02622,Salary,2021-01-25,69420.25
A06586,C00921,Salary,2021-04-12,282438.95
A06587,C02458,Fixed Deposit,2022-10-25,34414.79
A06588,C03601,Savings,2021-08-05,12730.65
A06589,C04509,Salary,2023-01-12,37403.42
A06590,C01789,Salary,2021-09-24,35944.67
A06591,C00261,Salary,2021-06-11,197876.52
A06592,C02014,Savings,2021-10-14,45648.32
A06593,C01336,Savings,2022-11-09,243224.68
A06594,C00335,Salary,2023-06-05,125269.2
A06595,C02780,Salary,2021-09-04,83384.35
A06596,C00804,Salary,2021-06-23,9723.54
A06597,C02438,Savings,2024-11-20,25465.29
A06598,C02808,Savings,2023-10-30,45732.27
A06599,C00941,Fixed Deposit,2023-06-28,6192.38
A06600,C03164,Savings,2025-01-11,19935.37
A06601,C00903,Salary,2023-10-15,27175.15
A06602,C03433,Savings,2023-02-27,17927.31
A06603,C01269,Salary,2025-05-14,243280.65
A06604,C00024,Savings,2022-08-20,56752.05
A06605,C04653,Savings,2022-10-24,30157.88
A06606,C02749,Savings,2024-09-06,6939.92
A06607,C02451,Current,2025-05-15,22539.69
A06608,C01397,Savings,2024-02-23,152656.8
A06609,C03358,Salary,2021-02-10,20997.29
A06610,C03905,Current,2021-12-03,25379.3
A06611,C02489,Fixed Deposit,2021-11-22,20272.32
A06612,C03667,Savings,2024-04-24,42185.81
A06613,C01758,Savings,2024-06-18,48431.35
A06614,C04978,Salary,2024-09-24,42891.6
A06615,C01879,Salary,2024-01-23,12582.04
A06616,C02533,Salary,2023-07-08,57506.7
A06617,C03515,Savings,2024-12-10,25083.59
A06618,C03774,Fixed Deposit,2023-12-23,80961.44
A06619,C02079,Salary,2023-10-13,73976.29
A06620,C04662,Salary,2023-01-03,53020.49
A06621,C02058,Salary,2022-06-04,65409.61
A06622,C00678,Current,2024-05-17,67596.01
A06623,C04947,Savings,2024-05-17,79715.02
A06624,C02975,Current,2024-10-31,87352.78
A06625,C00285,Salary,2021-03-26,107004.03
A06626,C02201,Salary,2021-07-26,53702.94
A06627,C04467,Current,2024-10-02,77449.8
A06628,C01841,Savings,2021-06-10,42367.09
A06629,C01879,Salary,2022-03-26,67457.92
A06630,C01611,Salary,2021-04-26,24062.4
A06631,C03963,Savings,2021-12-28,7444.72
A06632,C04237,Current,2024-06-28,134042.42
A06633,C03160,Fixed Deposit,2023-07-01,77833.3
A06634,C03499,Savings,2021-07-02,42299.53
A06635,C02132,Savings,2022-11-07,81545.49
A06636,C03315,Savings,2024-09-13,19988.48
A06637,C01379,Savings,2022-08-15,32987.14
A06638,C03078,Savings,2023-10-28,21466.33
A06639,C03015,Salary,2025-06-11,30681.97
A06640,C03893,Savings,2025-03-24,25546.01
A06641,C01716,Salary,2024-11-11,22057.29
A06642,C00453,Savings,2023-07-20,51465.48
A06643,C00342,Salary,2024-10-25,6798.98
A06644,C00393,Savings,2025-04-21,118889.92
A06645,C01270,Current,2023-02-02,19137.16
A06646,C03051,Savings,2022-09-04,56245.54
A06647,C04060,Savings,2021-03-20,59201.03
A06648,C00971,Savings,2024-05-29,27795.0
A06649,C02206,Current,2025-06-11,53680.03
A06650,C04795,Savings,2025-05-13,13703.39
A06651,C00166,Salary,2024-12-06,22186.48
A06652,C00255,Savings,2025-02-11,29206.62
A06653,C00302,Savings,2022-11-13,54666.52
A06654,C03104,Savings,2024-01-26,26743.95
A06655,C03841,Current,2022-01-28,31391.6
A06656,C02557,Savings,2022-04-13,76587.12
A06657,C01506,Savings,2023-05-20,51881.0
A06658,C01257,Salary,2024-10-26,297722.79
A06659,C02263,Savings,2024-11-17,16074.45
A06660,C04341,Salary,2021-01-18,11420.05
A06661,C00210,Savings,2024-04-22,202827.79
A06662,C03794,Current,2024-03-12,45988.54
A06663,C04522,Fixed Deposit,2025-01-26,216769.7
A06664,C03048,Savings,2025-03-11,14692.98
A06665,C00981,Savings,2024-09-19,23404.63
A06666,C02120,Salary,2021-03-03,40962.74
A06667,C03746,Current,2021-06-12,36325.46
A06668,C00178,Current,2022-07-06,33911.4
A06669,C01547,Current,2021-06-28,8732.73
A06670,C02035,Savings,2024-06-12,32755.39
A06671,C00299,Salary,2023-12-20,49369.07
A06672,C02568,Salary,2024-06-05,26810.75
A06673,C03567,Salary,2021-08-27,87729.72
A06674,C04040,Fixed Deposit,2022-07-22,158410.15
A06675,C00275,Current,2023-01-16,44195.1
A06676,C02996,Current,2021-03-25,18882.92
A06677,C00053,Fixed Deposit,2023-12-01,90207.58
A06678,C01424,Savings,2022-03-14,56814.65
A06679,C01628,Savings,2022-06-13,39687.31
A06680,C00489,Savings,2021-04-15,18558.15
A06681,C02355,Fixed Deposit,2022-06-21,139766.58
A06682,C00417,Salary,2022-01-17,53403.84
A06683,C02557,Savings,2024-01-22,25358.16
A06684,C00921,Savings,2024-05-23,41765.81
A06685,C01554,Savings,2021-08-05,15836.62
A06686,C02686,Savings,2022-05-04,6645.85
A06687,C00666,Salary,2021-05-31,9185.59
A06688,C04102,Salary,2024-10-29,45972.52
A06689,C02470,Fixed Deposit,2023-03-24,49949.17
A06690,C01475,Savings,2022-09-23,52996.32
A06691,C00338,Current,2025-01-12,76698.18
A06692,C03160,Current,2022-02-26,49654.86
A06693,C00269,Salary,2022-10-08,20344.89
A06694,C01088,Fixed Deposit,2021-07-26,94692.62
A06695,C01294,Fixed Deposit,2023-02-14,46097.46
A06696,C00657,Current,2023-04-14,27163.1
A06697,C02829,Savings,2025-02-09,93476.45
A06698,C03974,Current,2022-08-11,60679.85
A06699,C04958,Savings,2022-07-18,24945.05
A06700,C01337,Savings,2021-08-14,17399.08
A06701,C02357,Savings,2025-06-18,126514.05
A06702,C01668,Savings,2023-03-15,34920.8
A06703,C01826,Current,2022-11-21,12956.33
A06704,C04031,Savings,2024-11-11,24403.83
A06705,C01213,Savings,2021-04-16,7511.74
A06706,C02769,Savings,2024-01-05,3460.94
A06707,C04416,Current,2022-05-31,85743.1
A06708,C03059,Salary,2023-08-06,16449.62
A06709,C00445,Savings,2021-07-06,12124.92
A06710,C01398,Salary,2022-06-16,21828.42
A06711,C04382,Salary,2021-10-02,26813.83
A06712,C02219,Current,2022-06-23,21271.33
A06713,C03677,Current,2022-10-10,16066.63
A06714,C02311,Current,2021-01-18,34988.52
A06715,C04041,Savings,2021-10-12,29262.44
A06716,C03607,Salary,2024-08-18,166932.45
A06717,C01828,Current,2025-03-03,26135.78
A06718,C03220,Savings,2023-07-21,34976.89
A06719,C04689,Salary,2023-10-11,15936.54
A06720,C04512,Salary,2023-06-24,65045.52
A06721,C02073,Savings,2022-10-12,162577.85
A06722,C04190,Salary,2023-05-02,33300.93
A06723,C02331,Savings,2021-09-14,20598.78
A06724,C00686,Savings,2024-05-27,42721.76
A06725,C04959,Salary,2022-10-06,55796.62
A06726,C00685,Current,2021-12-23,489785.77
A06727,C02938,Savings,2021-09-13,31750.17
A06728,C03712,Salary,2022-08-31,26719.03
A06729,C00341,Salary,2024-07-21,12839.01
A06730,C04700,Salary,2021-11-30,27740.76
A06731,C00734,Savings,2024-10-23,24859.03
A06732,C01497,Salary,2021-01-15,59396.15
A06733,C03894,Salary,2021-06-28,28492.35
A06734,C02955,Fixed Deposit,2025-01-08,26110.8
A06735,C01132,Fixed Deposit,2024-11-27,25228.87
A06736,C04636,Savings,2021-03-29,24832.91
A06737,C01733,Savings,2021-04-04,71689.1
A06738,C03036,Savings,2023-04-25,42640.44
A06739,C02714,Current,2024-11-19,55438.04
A06740,C02480,Salary,2021-01-28,36764.04
A06741,C01420,Salary,2022-11-28,51935.76
A06742,C01990,Salary,2021-03-16,26437.93
A06743,C04711,Savings,2021-02-23,16729.13
A06744,C00488,Savings,2021-11-17,17063.36
A06745,C03820,Savings,2025-05-02,16311.03
A06746,C01442,Current,2023-01-30,113282.64
A06747,C02391,Salary,2024-06-11,87522.3
A06748,C01385,Salary,2022-09-22,24731.38
A06749,C02157,Savings,2024-06-07,42207.42
A06750,C04945,Fixed Deposit,2021-11-28,122447.2
A06751,C04397,Savings,2025-02-04,21336.01
A06752,C01392,Current,2021-11-13,32504.06
A06753,C04801,Savings,2021-04-11,15448.82
A06754,C03143,Savings,2021-09-05,16561.56
A06755,C00269,Fixed Deposit,2025-02-12,119671.6
A06756,C03918,Salary,2023-05-11,38499.13
A06757,C01525,Savings,2023-05-20,37269.61
A06758,C00478,Savings,2021-08-09,101071.66
A06759,C04272,Savings,2024-09-24,24684.73
A06760,C00239,Savings,2021-05-28,69075.76
A06761,C00610,Salary,2023-10-10,17260.5
A06762,C04588,Current,2024-08-12,24943.65
A06763,C04425,Savings,2024-12-01,18936.45
A06764,C03398,Savings,2022-08-04,17797.89
A06765,C04541,Savings,2022-04-23,180183.3
A06766,C04538,Savings,2023-11-14,11575.16
A06767,C04891,Salary,2023-06-02,19358.14
A06768,C01832,Fixed Deposit,2024-04-24,10354.16
A06769,C04987,Savings,2021-06-19,22674.81
A06770,C01155,Savings,2025-04-17,30841.81
A06771,C01752,Savings,2022-03-14,77770.73
A06772,C03599,Savings,2023-10-14,23114.82
A06773,C02486,Savings,2021-10-28,12740.0
A06774,C03339,Salary,2022-11-19,23053.53
A06775,C02334,Salary,2024-10-19,46014.6
A06776,C04387,Savings,2023-09-15,71897.42
A06777,C04464,Savings,2024-04-15,20467.39
A06778,C04582,Savings,2021-05-24,15517.09
A06779,C00168,Savings,2022-06-07,25737.79
A06780,C03543,Current,2025-02-13,49450.99
A06781,C04010,Current,2025-02-24,74432.6
A06782,C00078,Savings,2025-02-18,14450.0
A06783,C02899,Salary,2022-10-21,18981.6
A06784,C01109,Current,2022-04-30,5461.53
A06785,C00892,Savings,2023-04-02,5712.34
A06786,C04757,Savings,2024-12-31,13394.24
A06787,C01225,Savings,2021-07-14,14907.46
A06788,C04685,Current,2022-04-11,23536.88
A06789,C00565,Current,2023-09-05,47591.96
A06790,C02860,Salary,2024-01-05,33619.68
A06791,C00302,Salary,2024-03-29,46624.69
A06792,C04390,Salary,2022-05-05,81955.12
A06793,C00109,Current,2021-04-10,45320.06
A06794,C02413,Salary,2021-04-26,30342.44
A06795,C02648,Salary,2022-01-15,54939.42
A06796,C02726,Savings,2025-06-07,6609.67
A06797,C03339,Savings,2023-04-04,28805.19
A06798,C02141,Savings,2021-03-04,64676.19
A06799,C04524,Current,2021-05-12,31843.15
A06800,C04734,Salary,2024-06-25,44582.2
A06801,C03814,Savings,2022-01-30,30326.61
A06802,C04201,Salary,2022-10-05,62733.44
A06803,C02257,Savings,2024-12-05,80770.15
A06804,C03646,Salary,2023-09-03,5480.65
A06805,C03060,Current,2024-12-22,20018.53
A06806,C02522,Fixed Deposit,2023-07-03,10575.0
A06807,C03418,Savings,2022-11-01,1027.19
A06808,C00012,Fixed Deposit,2022-12-29,110573.05
A06809,C04745,Savings,2024-09-11,74160.74
A06810,C03267,Current,2022-06-30,23036.64
A06811,C03146,Savings,2022-01-10,19486.91
A06812,C00875,Salary,2023-04-24,31023.26
A06813,C02434,Fixed Deposit,2021-10-25,812345.78
A06814,C00884,Salary,2024-07-26,14179.4
A06815,C04651,Current,2023-09-23,10779.95
A06816,C03986,Savings,2021-10-23,62292.93
A06817,C01580,Savings,2025-03-31,65374.6
A06818,C03772,Savings,2021-04-25,51384.13
A06819,C00353,Savings,2022-05-08,38845.13
A06820,C01507,Salary,2023-12-17,27390.98
A06821,C03488,Salary,2023-05-29,9417.58
A06822,C02852,Fixed Deposit,2024-03-11,348673.46
A06823,C02030,Savings,2022-12-20,206059.08
A06824,C01847,Current,2022-10-14,23186.03
A06825,C02391,Current,2022-09-11,128866.82
A06826,C04031,Salary,2022-02-13,49419.66
A06827,C03439,Savings,2024-01-07,7413.96
A06828,C02384,Salary,2023-10-23,8054.66
A06829,C03368,Savings,2023-02-25,72076.03
A06830,C04981,Savings,2021-02-04,115686.43
A06831,C01466,Salary,2022-01-30,49982.38
A06832,C02152,Fixed Deposit,2024-05-26,82226.18
A06833,C03484,Salary,2023-12-27,16456.16
A06834,C00574,Savings,2023-12-29,13193.86
A06835,C00775,Savings,2024-06-01,72452.52
A06836,C03366,Savings,2021-12-27,37920.38
A06837,C04339,Fixed Deposit,2022-04-03,58766.9
A06838,C03931,Savings,2021-10-21,112320.79
A06839,C02681,Fixed Deposit,2024-09-11,299689.34
A06840,C04961,Fixed Deposit,2024-05-11,110437.45
A06841,C02221,Salary,2022-08-16,15701.7
A06842,C01440,Savings,2023-08-13,38076.71
A06843,C00714,Savings,2025-05-21,24794.85
A06844,C00576,Salary,2021-10-24,32073.23
A06845,C02982,Salary,2023-08-04,12314.56
A06846,C00070,Fixed Deposit,2021-09-18,201925.73
A06847,C03765,Savings,2023-02-28,23725.51
A06848,C04939,Salary,2025-03-22,153827.52
A06849,C02377,Current,2024-03-01,32386.93
A06850,C02206,Savings,2024-09-10,23572.51
A06851,C00918,Current,2023-12-28,19877.47
A06852,C02746,Current,2024-02-24,20062.97
A06853,C00743,Savings,2024-11-17,44169.78
A06854,C04151,Savings,2022-02-06,34540.97
A06855,C02534,Current,2023-04-07,74724.36
A06856,C01838,Savings,2021-12-02,18108.33
A06857,C01377,Savings,2023-08-20,44739.21
A06858,C00410,Savings,2021-01-29,108042.3
A06859,C03008,Fixed Deposit,2023-03-15,226639.66
A06860,C02953,Salary,2023-04-24,18862.22
A06861,C04243,Salary,2025-06-29,26647.29
A06862,C01680,Savings,2021-02-14,20751.41
A06863,C01715,Savings,2024-01-30,16701.49
A06864,C01198,Salary,2024-06-03,66419.18
A06865,C02338,Savings,2022-02-23,13207.61
A06866,C03217,Current,2022-09-08,253978.12
A06867,C02957,Savings,2021-09-19,44801.3
A06868,C03194,Savings,2023-02-04,30917.35
A06869,C00027,Salary,2021-10-19,222250.17
A06870,C03138,Salary,2024-05-20,11140.43
A06871,C02974,Fixed Deposit,2025-01-19,32495.56
A06872,C03166,Fixed Deposit,2024-06-13,21185.24
A06873,C01091,Salary,2022-06-18,35545.76
A06874,C00250,Savings,2023-12-29,20421.89
A06875,C00142,Savings,2025-05-24,11254.45
A06876,C00267,Current,2024-06-23,12513.47
A06877,C04311,Savings,2022-07-29,48928.76
A06878,C00489,Salary,2021-08-25,64229.46
A06879,C00496,Current,2024-09-16,10484.67
A06880,C00480,Salary,2021-12-29,30510.63
A06881,C02691,Salary,2022-06-15,25029.1
A06882,C04097,Savings,2023-01-13,20136.54
A06883,C03081,Salary,2022-04-10,154696.05
A06884,C04937,Salary,2024-06-06,34628.22
A06885,C02428,Salary,2025-03-13,42214.08
A06886,C00844,Salary,2022-01-17,67149.46
A06887,C03216,Savings,2021-05-07,39101.78
A06888,C03912,Fixed Deposit,2022-10-20,64226.21
A06889,C04078,Savings,2024-02-12,76369.26
A06890,C02350,Salary,2021-08-31,21565.21
A06891,C00650,Salary,2024-03-14,24193.46
A06892,C01894,Savings,2022-07-07,14827.4
A06893,C02857,Fixed Deposit,2022-03-15,233176.52
A06894,C03251,Fixed Deposit,2024-09-23,107763.82
A06895,C02387,Current,2022-02-12,44780.47
A06896,C01726,Salary,2022-08-12,147551.84
A06897,C01355,Fixed Deposit,2024-04-06,21712.07
A06898,C01294,Savings,2023-03-07,33693.35
A06899,C03047,Fixed Deposit,2024-04-05,17167.18
A06900,C03259,Current,2025-04-06,10231.73
A06901,C02714,Salary,2024-04-03,100102.99
A06902,C00404,Current,2022-10-04,166178.88
A06903,C03973,Current,2024-07-09,24968.11
A06904,C04033,Salary,2022-07-18,25146.11
A06905,C01547,Current,2024-07-08,24412.4
A06906,C02607,Savings,2024-04-13,165818.13
A06907,C02826,Current,2023-03-22,21464.03
A06908,C01853,Current,2024-01-25,162670.23
A06909,C04207,Savings,2024-10-12,37874.38
A06910,C00813,Savings,2022-01-05,23469.83
A06911,C03375,Savings,2025-04-25,46228.95
A06912,C00930,Savings,2023-06-26,199017.01
A06913,C04982,Savings,2024-03-11,42075.82
A06914,C04076,Current,2023-02-09,30462.27
A06915,C03324,Current,2024-04-05,58703.75
A06916,C00175,Savings,2024-09-04,29482.9
A06917,C01364,Savings,2022-10-20,13165.6
A06918,C02896,Salary,2023-09-20,33991.69
A06919,C01038,Current,2024-09-20,79472.94
A06920,C03012,Savings,2023-09-16,53936.69
A06921,C02091,Savings,2025-02-06,11397.12
A06922,C00461,Savings,2024-03-14,74448.87
A06923,C02753,Salary,2023-12-14,57468.21
A06924,C00149,Current,2021-05-02,40632.06
A06925,C04434,Savings,2024-02-22,96257.6
A06926,C01134,Savings,2021-06-16,82899.02
A06927,C00354,Fixed Deposit,2023-08-02,144670.16
A06928,C01108,Current,2023-04-14,7509.08
A06929,C02603,Savings,2021-01-22,64685.61
A06930,C02114,Salary,2024-07-23,27900.74
A06931,C04095,Savings,2022-02-12,49148.53
A06932,C03686,Salary,2022-04-27,15642.02
A06933,C03207,Savings,2021-10-26,82999.59
A06934,C01110,Savings,2021-10-04,94971.18
A06935,C04180,Current,2023-03-27,33261.7
A06936,C01978,Savings,2021-11-18,7894.38
A06937,C00227,Savings,2021-04-25,58719.81
A06938,C02940,Fixed Deposit,2021-09-29,78427.51
A06939,C01013,Savings,2024-04-06,6467.82
A06940,C04116,Salary,2024-12-30,36208.86
A06941,C03107,Savings,2021-09-21,75664.04
A06942,C03937,Fixed Deposit,2021-09-07,8705.93
A06943,C02803,Fixed Deposit,2025-01-25,69009.35
A06944,C01467,Savings,2023-05-28,44410.31
A06945,C02989,Current,2022-03-15,44698.92
A06946,C00270,Salary,2024-09-27,29466.59
A06947,C03807,Savings,2025-01-29,41611.46
A06948,C01532,Salary,2023-12-18,30025.07
A06949,C00304,Salary,2021-01-05,28395.69
A06950,C04906,Savings,2023-05-13,55633.16
A06951,C01933,Salary,2021-09-22,363258.42
A06952,C02041,Savings,2024-06-26,34725.42
A06953,C04022,Current,2021-04-05,19534.85
A06954,C00142,Savings,2023-03-30,32338.56
A06955,C00809,Savings,2022-11-28,33521.12
A06956,C00948,Savings,2025-01-20,20028.16
A06957,C03952,Savings,2023-01-11,19960.58
A06958,C03413,Salary,2021-11-13,16897.28
A06959,C02293,Savings,2023-02-13,21778.48
A06960,C00766,Savings,2021-04-29,38800.27
A06961,C02924,Savings,2023-03-05,33417.37
A06962,C00939,Savings,2021-07-21,101005.04
A06963,C02497,Current,2023-12-13,5755.35
A06964,C03563,Savings,2021-11-13,31044.93
A06965,C01263,Salary,2024-06-21,21656.25
A06966,C00543,Current,2024-01-23,12184.85
A06967,C02680,Salary,2025-04-25,17307.05
A06968,C02955,Savings,2024-07-27,7005.66
A06969,C02932,Salary,2024-01-21,31475.21
A06970,C02782,Savings,2023-03-24,36389.94
A06971,C04240,Savings,2021-02-07,10272.21
A06972,C02992,Salary,2022-02-17,34379.56
A06973,C02613,Salary,2021-08-31,38901.25
A06974,C03649,Savings,2024-10-19,15824.53
A06975,C01200,Salary,2023-12-24,39445.94
A06976,C02118,Salary,2023-05-05,38041.6
A06977,C02681,Savings,2021-07-20,30554.98
A06978,C02849,Savings,2021-11-03,73544.98
A06979,C04689,Savings,2021-06-24,93031.05
A06980,C04663,Savings,2023-08-30,96883.31
A06981,C04787,Savings,2023-10-13,16695.47
A06982,C03682,Savings,2023-09-21,30638.18
A06983,C03496,Savings,2022-08-20,6145.7
A06984,C00665,Savings,2022-11-03,67266.21
A06985,C04502,Savings,2022-11-25,77938.94
A06986,C03163,Savings,2022-07-02,98647.4
A06987,C03366,Savings,2024-01-28,193703.25
A06988,C01417,Current,2024-06-03,94832.83
A06989,C03109,Savings,2022-07-03,58860.45
A06990,C00517,Salary,2021-09-30,39731.46
A06991,C00850,Fixed Deposit,2023-09-03,678713.29
A06992,C01902,Savings,2023-02-23,46027.6
A06993,C00908,Savings,2024-04-24,317869.49
A06994,C00316,Salary,2023-07-29,19662.08
A06995,C03244,Savings,2022-03-28,27434.91
A06996,C01508,Savings,2022-07-15,71965.69
A06997,C04123,Savings,2025-03-09,2429.41
A06998,C01519,Savings,2021-04-04,29271.48
A06999,C04151,Savings,2024-08-23,106731.93
A07000,C01935,Fixed Deposit,2022-06-01,46406.0
A07001,C04345,Savings,2023-08-12,36299.72
A07002,C01802,Salary,2021-06-23,8767.25
A07003,C02623,Current,2022-11-26,25168.21
A07004,C00857,Savings,2024-01-02,17314.79
A07005,C01877,Savings,2024-03-14,71500.6
A07006,C01526,Salary,2023-06-27,75141.61
A07007,C01417,Savings,2021-02-25,17748.19
A07008,C03480,Savings,2022-11-26,15483.85
A07009,C03872,Savings,2022-09-26,148014.98
A07010,C01795,Savings,2021-09-01,11085.43
A07011,C03066,Savings,2023-06-13,73334.01
A07012,C02721,Current,2021-07-23,37606.8
A07013,C04205,Savings,2025-06-03,99009.94
A07014,C03677,Savings,2021-01-16,43544.12
A07015,C00353,Salary,2021-05-06,22547.27
A07016,C03232,Salary,2022-08-22,12730.22
A07017,C01428,Current,2022-04-11,13019.82
A07018,C02193,Current,2023-03-01,11667.6
A07019,C01778,Savings,2024-12-22,32797.52
A07020,C03537,Salary,2024-10-06,75388.06
A07021,C01117,Current,2025-04-28,15909.79
A07022,C02321,Current,2021-03-20,14308.08
A07023,C00534,Salary,2025-03-05,42675.86
A07024,C01218,Current,2023-02-28,126955.34
A07025,C02989,Current,2024-11-03,72788.97
A07026,C02229,Current,2021-09-21,33447.29
A07027,C01980,Current,2021-11-01,14405.43
A07028,C02077,Salary,2025-02-20,37927.33
A07029,C00532,Savings,2023-01-10,80521.39
A07030,C03077,Savings,2021-05-05,61419.47
A07031,C01945,Current,2022-09-10,45809.92
A07032,C04236,Fixed Deposit,2023-01-12,177468.16
A07033,C03100,Savings,2021-03-22,139755.21
A07034,C04358,Salary,2023-05-22,77060.02
A07035,C03830,Savings,2021-06-24,5993.89
A07036,C04115,Salary,2022-11-07,86687.35
A07037,C02585,Salary,2024-02-23,31805.61
A07038,C01549,Salary,2021-12-14,40971.89
A07039,C01489,Salary,2024-10-22,28898.13
A07040,C03660,Savings,2025-04-08,19707.63
A07041,C00228,Savings,2024-12-09,4295.78
A07042,C04472,Savings,2023-05-28,47488.78
A07043,C04832,Salary,2023-04-23,11230.54
A07044,C04353,Salary,2022-07-28,58030.44
A07045,C04929,Savings,2022-12-25,25431.93
A07046,C04797,Savings,2024-06-29,99647.25
A07047,C00699,Salary,2022-08-31,174232.95
A07048,C00438,Current,2022-07-23,32360.37
A07049,C01685,Current,2021-08-22,22796.35
A07050,C02154,Salary,2021-12-24,18881.02
A07051,C04711,Savings,2024-09-11,54434.6
A07052,C02915,Savings,2023-12-25,21563.07
A07053,C03218,Salary,2021-10-20,35494.02
A07054,C00960,Savings,2024-09-09,15718.58
A07055,C01840,Savings,2023-09-18,38044.73
A07056,C00278,Savings,2024-09-16,162388.31
A07057,C04221,Savings,2022-06-13,18699.82
A07058,C03757,Savings,2021-05-15,36798.01
A07059,C01344,Salary,2023-03-31,56499.46
A07060,C04771,Fixed Deposit,2024-12-13,217471.0
A07061,C00715,Savings,2021-05-10,102540.56
A07062,C01506,Salary,2025-04-22,69855.23
A07063,C03922,Savings,2022-07-23,52436.52
A07064,C02715,Savings,2024-10-12,480437.12
A07065,C01348,Current,2022-06-06,68679.25
A07066,C02443,Fixed Deposit,2022-04-05,84770.64
A07067,C04869,Fixed Deposit,2022-08-16,193345.15
A07068,C03961,Savings,2023-07-31,61139.93
A07069,C01753,Savings,2025-06-14,358326.75
A07070,C02506,Fixed Deposit,2023-06-20,39481.58
A07071,C01738,Savings,2022-09-06,34782.5
A07072,C04170,Salary,2025-02-27,10921.91
A07073,C01109,Savings,2022-06-23,32877.45
A07074,C02680,Current,2021-09-18,12595.7
A07075,C01038,Current,2025-05-16,40513.19
A07076,C00912,Savings,2024-03-05,19449.21
A07077,C04890,Salary,2022-09-01,73877.0
A07078,C02097,Savings,2024-06-04,23311.41
A07079,C03014,Savings,2021-08-16,68890.31
A07080,C00359,Savings,2023-01-31,30042.38
A07081,C01077,Savings,2021-09-15,106095.13
A07082,C02104,Savings,2024-12-08,33412.43
A07083,C04975,Savings,2023-04-06,24563.49
A07084,C03528,Savings,2024-05-28,7060.37
A07085,C02303,Fixed Deposit,2024-06-13,19410.64
A07086,C04101,Savings,2023-11-10,71144.03
A07087,C01605,Current,2022-02-28,11434.22
A07088,C01076,Salary,2022-02-17,85824.27
A07089,C04049,Salary,2024-11-13,24554.17
A07090,C00329,Current,2021-12-11,35850.14
A07091,C03233,Savings,2022-10-12,60267.22
A07092,C03478,Savings,2022-04-12,95606.97
A07093,C01003,Savings,2021-07-08,9767.64
A07094,C04879,Salary,2025-06-29,10484.09
A07095,C00577,Salary,2024-10-23,28685.84
A07096,C00327,Current,2024-11-09,106561.21
A07097,C01528,Savings,2024-01-27,36950.08
A07098,C02822,Current,2023-08-11,103104.73
A07099,C01466,Current,2021-09-27,8208.16
A07100,C03226,Savings,2022-10-27,21877.89
A07101,C02282,Savings,2024-05-26,38830.98
A07102,C04748,Salary,2021-01-21,13825.0
A07103,C02381,Current,2024-07-19,12884.15
A07104,C00495,Savings,2022-12-15,17626.85
A07105,C01139,Savings,2024-03-29,25710.06
A07106,C02417,Savings,2025-02-24,13038.7
A07107,C01357,Salary,2022-03-05,108655.51
A07108,C01154,Salary,2022-07-30,43550.94
A07109,C03250,Savings,2022-08-19,48185.56
A07110,C02143,Fixed Deposit,2022-08-08,84357.92
A07111,C03389,Salary,2025-05-15,150265.71
A07112,C01125,Salary,2023-10-15,223694.56
A07113,C00802,Savings,2023-09-18,28289.9
A07114,C02043,Savings,2022-10-21,58600.53
A07115,C00208,Savings,2023-12-07,27775.83
A07116,C02655,Savings,2021-08-11,80550.13
A07117,C00473,Salary,2023-08-18,129784.58
A07118,C01639,Savings,2021-06-07,36121.63
A07119,C00136,Salary,2023-12-07,85113.75
A07120,C04357,Current,2023-03-12,27076.15
A07121,C01171,Savings,2022-12-23,103188.1
A07122,C00458,Current,2025-04-06,16296.79
A07123,C01437,Savings,2024-10-06,13816.56
A07124,C03572,Savings,2021-11-15,62415.65
A07125,C02149,Salary,2024-06-08,101536.48
A07126,C04243,Salary,2021-10-25,65244.04
A07127,C04813,Savings,2022-03-21,94172.71
A07128,C00507,Fixed Deposit,2021-04-15,30390.16
A07129,C02606,Savings,2023-06-02,34144.82
A07130,C02384,Savings,2024-08-15,8783.9
A07131,C00446,Savings,2023-12-28,12403.73
A07132,C02782,Savings,2022-06-22,134537.65
A07133,C00444,Savings,2022-11-04,26058.38
A07134,C00118,Salary,2023-03-12,193240.86
A07135,C01541,Fixed Deposit,2023-03-28,75967.67
A07136,C02771,Salary,2025-06-08,29774.17
A07137,C00567,Current,2023-12-01,29018.28
A07138,C03603,Salary,2024-05-08,89520.77
A07139,C01937,Current,2025-04-21,32633.44
A07140,C04184,Savings,2023-08-26,37711.7
A07141,C01653,Salary,2023-05-13,48079.04
A07142,C04572,Fixed Deposit,2024-10-30,19511.21
A07143,C04391,Savings,2024-11-30,39659.47
A07144,C04816,Savings,2024-06-11,34725.06
A07145,C04782,Savings,2025-03-12,54769.08
A07146,C02687,Savings,2021-08-30,88735.59
A07147,C01204,Current,2023-08-01,29362.11
A07148,C02938,Current,2024-09-24,57287.0
A07149,C00406,Savings,2021-01-20,10722.01
A07150,C03908,Savings,2023-06-13,218698.61
A07151,C04215,Current,2024-04-09,145350.54
A07152,C04080,Current,2024-05-24,26902.89
A07153,C00313,Salary,2023-04-21,40002.69
A07154,C00163,Savings,2023-01-14,5124.04
A07155,C01529,Savings,2023-11-06,66408.65
A07156,C04389,Savings,2024-07-30,18761.64
A07157,C04786,Savings,2021-10-28,8396.77
A07158,C01566,Savings,2021-06-14,49537.36
A07159,C04769,Savings,2023-02-20,16036.26
A07160,C00399,Salary,2024-07-05,14376.23
A07161,C03587,Savings,2025-05-31,73186.18
A07162,C01048,Salary,2025-06-29,157730.48
A07163,C01943,Savings,2021-12-19,46693.09
A07164,C03131,Savings,2024-01-16,112684.9
A07165,C02797,Savings,2023-10-18,26754.95
A07166,C00240,Fixed Deposit,2025-03-30,111427.81
A07167,C02359,Savings,2023-05-21,45198.22
A07168,C00672,Savings,2023-01-29,54733.66
A07169,C02620,Savings,2023-05-28,15537.0
A07170,C02462,Salary,2023-01-23,4078.21
A07171,C03394,Salary,2023-05-16,127915.88
A07172,C00402,Savings,2023-10-30,28928.44
A07173,C02107,Salary,2025-01-26,6779.59
A07174,C04149,Savings,2025-04-09,35869.82
A07175,C01088,Savings,2024-08-13,50881.79
A07176,C01143,Salary,2024-05-25,37990.23
A07177,C04382,Fixed Deposit,2021-08-16,82890.0
A07178,C02066,Salary,2023-11-22,39682.52
A07179,C03909,Savings,2022-03-07,27174.95
A07180,C04256,Savings,2023-02-28,42559.44
A07181,C03960,Fixed Deposit,2021-06-19,56908.37
A07182,C00142,Savings,2024-06-08,43442.67
A07183,C00397,Salary,2021-03-11,51913.62
A07184,C02628,Salary,2024-02-09,61287.35
A07185,C04630,Current,2024-01-18,23251.02
A07186,C01556,Savings,2021-01-02,67018.76
A07187,C02509,Savings,2023-12-16,54007.82
A07188,C04382,Current,2022-11-01,109706.19
A07189,C01029,Fixed Deposit,2021-09-28,77781.02
A07190,C02177,Savings,2024-07-21,90222.9
A07191,C00671,Current,2022-06-28,4921.42
A07192,C04595,Salary,2021-09-27,14015.5
A07193,C01856,Current,2021-07-09,98845.27
A07194,C03430,Current,2022-12-23,49073.16
A07195,C02079,Salary,2025-02-15,14110.26
A07196,C02007,Salary,2024-08-24,42971.2
A07197,C01689,Savings,2021-01-22,95179.3
A07198,C04432,Salary,2021-01-14,11967.71
A07199,C00570,Current,2025-02-18,46794.03
A07200,C04695,Salary,2025-04-19,260301.47
A07201,C01147,Savings,2025-01-27,17636.55
A07202,C03775,Current,2022-07-22,16041.93
A07203,C00865,Savings,2024-12-27,3972.98
A07204,C04901,Savings,2022-07-29,26099.4
A07205,C04410,Savings,2024-11-24,83573.36
A07206,C00028,Salary,2022-08-15,22796.17
A07207,C01030,Salary,2022-07-06,377546.49
A07208,C01997,Salary,2023-03-17,779392.41
A07209,C01342,Savings,2023-07-03,184317.6
A07210,C01249,Salary,2021-10-06,19033.93
A07211,C02137,Salary,2023-02-07,48077.65
A07212,C02088,Savings,2024-02-08,21428.81
A07213,C00681,Savings,2021-02-17,20233.53
A07214,C00375,Current,2023-01-14,49490.14
A07215,C03370,Savings,2024-01-11,14086.14
A07216,C03046,Fixed Deposit,2022-11-17,11901.19
A07217,C02338,Savings,2022-09-17,10328.56
A07218,C00806,Savings,2024-07-25,46268.09
A07219,C03040,Salary,2022-01-16,199889.75
A07220,C00279,Savings,2021-11-06,84621.76
A07221,C01406,Savings,2022-07-06,32858.42
A07222,C00788,Savings,2022-06-26,72067.57
A07223,C01333,Current,2023-02-06,34166.41
A07224,C04373,Savings,2024-06-17,94944.63
A07225,C03148,Salary,2024-04-21,71702.79
A07226,C02346,Savings,2021-07-03,4218.6
A07227,C03450,Current,2025-04-27,20248.8
A07228,C00433,Savings,2022-04-11,67080.73
A07229,C01010,Savings,2022-10-01,75655.47
A07230,C03850,Salary,2024-12-31,23930.12
A07231,C00317,Savings,2022-08-17,5292.05
A07232,C04217,Salary,2024-06-10,43882.95
A07233,C01366,Savings,2022-12-05,9147.08
A07234,C04400,Current,2021-01-01,17175.39
A07235,C00936,Salary,2025-03-09,129047.44
A07236,C03519,Current,2023-10-05,24059.93
A07237,C03788,Fixed Deposit,2021-12-28,34591.43
A07238,C02769,Savings,2022-12-20,32379.49
A07239,C00496,Salary,2021-10-10,82330.23
A07240,C03593,Savings,2025-04-02,29023.67
A07241,C02233,Savings,2023-04-11,136230.71
A07242,C04019,Savings,2021-06-18,15855.24
A07243,C02936,Current,2023-06-08,14209.93
A07244,C04809,Current,2024-04-24,55537.85
A07245,C04446,Savings,2021-05-02,19381.84
A07246,C02368,Salary,2022-03-17,55928.69
A07247,C02585,Salary,2022-10-01,285650.8
A07248,C00906,Salary,2022-04-19,11600.44
A07249,C03228,Savings,2024-02-20,48754.76
A07250,C01828,Savings,2023-01-02,83403.72
A07251,C03723,Savings,2023-07-30,20076.66
A07252,C02581,Savings,2022-10-22,36741.35
A07253,C04598,Savings,2021-10-19,4581.76
A07254,C01516,Savings,2023-07-27,36231.01
A07255,C04623,Fixed Deposit,2021-09-04,26704.21
A07256,C04807,Salary,2021-07-07,14998.85
A07257,C03004,Salary,2025-03-27,30147.15
A07258,C00112,Fixed Deposit,2024-07-31,43657.9
A07259,C01673,Salary,2022-07-11,11901.18
A07260,C02303,Savings,2024-02-22,148349.19
A07261,C01651,Salary,2023-06-09,41486.69
A07262,C04396,Savings,2021-09-04,51766.78
A07263,C02475,Savings,2024-11-30,21840.75
A07264,C03996,Savings,2024-09-22,34376.57
A07265,C01891,Savings,2023-08-17,5561.22
A07266,C00307,Salary,2024-03-28,13553.93
A07267,C00121,Salary,2024-07-14,139005.94
A07268,C03102,Savings,2021-10-19,63523.77
A07269,C01278,Savings,2025-06-02,23518.58
A07270,C01428,Savings,2023-06-14,51652.9
A07271,C03103,Salary,2021-05-31,7523.82
A07272,C01186,Savings,2024-08-01,25235.79
A07273,C01456,Fixed Deposit,2021-05-31,65597.04
A07274,C01180,Savings,2021-05-04,73882.05
A07275,C01347,Fixed Deposit,2021-09-29,31576.09
A07276,C00629,Savings,2024-09-25,37723.67
A07277,C01215,Savings,2022-10-21,29086.82
A07278,C01962,Savings,2022-08-31,50917.37
A07279,C02996,Current,2025-01-10,44914.19
A07280,C04613,Savings,2025-05-05,34972.67
A07281,C04941,Salary,2023-09-08,49343.56
A07282,C01548,Savings,2025-01-20,21127.94
A07283,C04916,Current,2022-07-09,22668.76
A07284,C02859,Savings,2022-06-15,8872.56
A07285,C00762,Savings,2024-02-11,68382.18
A07286,C02367,Savings,2022-12-26,32216.04
A07287,C04207,Fixed Deposit,2025-04-03,24734.61
A07288,C01842,Savings,2022-10-08,17844.09
A07289,C04903,Savings,2025-03-30,160357.68
A07290,C01497,Savings,2021-03-05,28739.33
A07291,C03920,Salary,2024-11-17,53063.39
A07292,C03089,Savings,2025-03-03,22897.31
A07293,C01244,Salary,2022-06-02,12918.69
A07294,C04583,Savings,2024-10-10,37664.17
A07295,C04907,Savings,2024-03-22,97826.05
A07296,C02044,Savings,2021-11-25,136986.59
A07297,C03377,Current,2022-11-21,123681.34
A07298,C00517,Savings,2022-04-24,65416.92
A07299,C00835,Savings,2022-01-26,60383.24
A07300,C00624,Savings,2022-07-29,15983.18
A07301,C01048,Salary,2022-02-16,38970.3
A07302,C01565,Savings,2024-07-05,89455.7
A07303,C03983,Savings,2025-05-20,132320.88
A07304,C00497,Current,2023-05-19,34178.14
A07305,C02430,Savings,2022-05-22,25033.54
A07306,C02264,Savings,2023-08-16,15881.63
A07307,C00543,Current,2021-10-21,36290.98
A07308,C00916,Savings,2023-02-02,104680.71
A07309,C01802,Savings,2025-02-09,23415.16
A07310,C03083,Savings,2022-05-23,66311.32
A07311,C00082,Savings,2021-04-29,103788.05
A07312,C01180,Fixed Deposit,2022-04-23,45682.42
A07313,C00166,Savings,2022-07-18,31088.37
A07314,C02256,Salary,2023-04-22,114318.58
A07315,C02072,Current,2025-06-22,50755.77
A07316,C00807,Salary,2024-09-04,157554.45
A07317,C02739,Salary,2024-11-19,38338.76
A07318,C00332,Savings,2023-12-08,104568.46
A07319,C03591,Savings,2025-06-25,13042.92
A07320,C01535,Salary,2025-01-01,73899.76
A07321,C00181,Current,2022-04-20,25849.06
A07322,C01317,Savings,2023-08-04,11566.47
A07323,C01107,Savings,2023-01-22,24101.97
A07324,C01590,Savings,2025-05-29,32216.45
A07325,C02487,Salary,2022-07-04,61617.23
A07326,C02591,Current,2022-12-29,33371.06
A07327,C02241,Current,2021-05-16,6666.72
A07328,C00488,Savings,2022-06-02,27355.77
A07329,C00612,Savings,2023-01-29,36589.41
A07330,C03421,Savings,2021-11-20,65490.99
A07331,C03195,Savings,2024-05-05,84524.61
A07332,C01398,Savings,2021-04-21,19234.19
A07333,C01457,Savings,2025-04-23,18896.61
A07334,C02194,Savings,2024-02-13,17751.64
A07335,C03075,Salary,2022-12-25,15154.28
A07336,C01338,Savings,2022-05-03,8442.68
A07337,C04423,Savings,2021-12-31,56140.08
A07338,C02201,Salary,2025-02-16,385388.78
A07339,C04498,Savings,2023-02-06,79370.13
A07340,C02868,Savings,2023-04-12,87334.49
A07341,C04584,Salary,2024-08-26,55040.24
A07342,C03883,Salary,2021-04-23,10800.87
A07343,C02115,Salary,2024-07-17,27500.15
A07344,C02137,Savings,2021-11-16,68029.13
A07345,C00079,Fixed Deposit,2021-06-24,20725.6
A07346,C00378,Savings,2023-11-09,23529.05
A07347,C00165,Fixed Deposit,2024-05-11,20119.5
A07348,C04845,Salary,2021-05-06,23214.38
A07349,C01721,Current,2023-09-22,216822.3
A07350,C02985,Current,2025-01-30,156441.16
A07351,C00155,Salary,2021-09-11,42031.81
A07352,C01147,Savings,2023-07-18,148292.23
A07353,C01064,Current,2023-02-06,66410.16
A07354,C02217,Salary,2021-10-19,28937.94
A07355,C02840,Savings,2024-03-21,11964.72
A07356,C01464,Salary,2021-07-18,26507.3
A07357,C03471,Salary,2024-05-07,28017.66
A07358,C01517,Salary,2022-11-18,25522.37
A07359,C03051,Savings,2025-01-16,32803.49
A07360,C04424,Savings,2023-02-21,14239.31
A07361,C01527,Fixed Deposit,2023-07-30,20400.46
A07362,C03611,Savings,2024-04-18,10716.12
A07363,C02393,Current,2021-08-06,54222.22
A07364,C00789,Salary,2022-09-22,15351.54
A07365,C02549,Savings,2023-03-29,43913.17
A07366,C04658,Salary,2023-04-13,37890.69
A07367,C04609,Savings,2024-09-05,49553.06
A07368,C00516,Current,2021-01-23,26655.35
A07369,C03063,Savings,2022-09-29,13565.72
A07370,C04763,Salary,2024-01-13,172595.33
A07371,C01568,Salary,2022-12-12,19319.21
A07372,C01449,Savings,2024-09-11,207060.01
A07373,C00967,Savings,2022-11-30,10885.42
A07374,C00364,Savings,2021-11-25,14581.3
A07375,C00108,Savings,2025-06-16,7218.76
A07376,C03095,Current,2024-09-15,39135.78
A07377,C00623,Salary,2022-12-12,65254.66
A07378,C04417,Fixed Deposit,2022-04-18,17336.05
A07379,C00510,Savings,2022-04-23,37299.0
A07380,C01065,Salary,2024-06-12,25073.78
A07381,C03866,Current,2023-07-11,5591.9
A07382,C00304,Fixed Deposit,2022-07-10,59570.1
A07383,C00969,Savings,2022-08-11,83145.99
A07384,C01439,Salary,2022-11-25,135787.38
A07385,C03522,Fixed Deposit,2021-04-29,14566.46
A07386,C03872,Salary,2023-11-30,91126.97
A07387,C03501,Current,2021-09-17,74675.66
A07388,C02200,Savings,2023-08-07,26012.17
A07389,C04355,Current,2023-01-26,7716.76
A07390,C03902,Savings,2021-01-06,48970.26
A07391,C02271,Savings,2021-11-07,7876.56
A07392,C00230,Savings,2021-03-07,48205.38
A07393,C02487,Savings,2024-10-29,21383.72
A07394,C00150,Savings,2023-01-01,16896.1
A07395,C00910,Savings,2024-03-15,46858.77
A07396,C03529,Savings,2024-06-11,289052.98
A07397,C00978,Savings,2021-01-29,134969.19
A07398,C00635,Savings,2022-10-22,36039.99
A07399,C04718,Salary,2023-06-19,47308.33
A07400,C02191,Current,2025-06-06,32930.29
A07401,C04150,Salary,2023-06-23,27961.34
A07402,C04940,Savings,2025-02-02,154604.99
A07403,C03475,Salary,2021-12-27,46897.35
A07404,C03781,Fixed Deposit,2025-06-07,104907.91
A07405,C01866,Savings,2023-08-20,52423.73
A07406,C00299,Savings,2025-05-28,34413.68
A07407,C02740,Salary,2024-10-10,14194.01
A07408,C03726,Current,2021-01-26,16689.8
A07409,C03392,Savings,2024-08-06,48220.83
A07410,C04541,Fixed Deposit,2021-03-12,112129.9
A07411,C00098,Savings,2024-01-18,12330.34
A07412,C03198,Salary,2021-06-26,19492.43
A07413,C02106,Savings,2021-01-27,22237.59
A07414,C04273,Savings,2024-08-05,15573.35
A07415,C04815,Savings,2023-04-20,5703.91
A07416,C03523,Savings,2023-03-28,11125.95
A07417,C04419,Fixed Deposit,2022-07-29,62927.01
A07418,C00846,Salary,2023-09-27,60369.39
A07419,C04186,Salary,2022-06-15,19563.82
A07420,C04227,Fixed Deposit,2025-02-16,98315.89
A07421,C03882,Savings,2024-12-28,39525.64
A07422,C01053,Savings,2022-05-08,67950.63
A07423,C03849,Fixed Deposit,2021-10-05,288235.15
A07424,C03616,Current,2023-09-26,16460.66
A07425,C03158,Current,2024-10-01,23554.27
A07426,C02106,Savings,2025-05-22,12003.61
A07427,C00994,Salary,2024-06-15,141482.34
A07428,C03097,Current,2024-03-06,24520.94
A07429,C00190,Salary,2024-04-01,44960.97
A07430,C02124,Fixed Deposit,2023-04-19,117055.12
A07431,C02419,Salary,2023-04-27,131615.27
A07432,C04995,Current,2023-06-19,9522.98
A07433,C02899,Savings,2021-10-20,84595.43
A07434,C04602,Savings,2023-11-18,6281.73
A07435,C01967,Salary,2021-09-13,13001.42
A07436,C04279,Savings,2023-06-24,29762.14
A07437,C04250,Fixed Deposit,2022-10-27,64232.98
A07438,C03412,Salary,2021-09-22,142912.68
A07439,C03947,Fixed Deposit,2025-05-07,68222.83
A07440,C01047,Savings,2025-02-13,35108.39
A07441,C02574,Fixed Deposit,2022-02-05,77547.19
A07442,C00606,Current,2022-04-05,101305.07
A07443,C01367,Salary,2023-02-16,19034.51
A07444,C02927,Savings,2025-05-09,8289.91
A07445,C01959,Current,2024-03-02,39555.88
A07446,C01065,Current,2023-10-18,39199.35
A07447,C00518,Savings,2024-04-29,30881.73
A07448,C02455,Savings,2024-02-22,159022.39
A07449,C04234,Salary,2024-12-25,77778.06
A07450,C03808,Savings,2024-05-26,6553.04
A07451,C02590,Savings,2022-02-07,23112.8
A07452,C02273,Savings,2023-09-22,56819.0
A07453,C02309,Salary,2024-09-07,53007.47
A07454,C01103,Current,2021-10-28,98159.3
A07455,C04793,Savings,2023-12-31,141425.95
A07456,C00811,Savings,2021-08-02,52159.27
A07457,C03764,Salary,2023-05-24,62914.12
A07458,C04569,Savings,2025-04-18,10506.59
A07459,C00077,Savings,2022-01-09,19659.4
A07460,C02310,Savings,2024-09-21,22088.69
A07461,C01026,Savings,2024-04-09,10122.29
A07462,C02065,Current,2021-12-10,71899.31
A07463,C04440,Current,2025-01-19,40599.88
A07464,C02742,Salary,2023-05-12,189180.97
A07465,C04942,Savings,2024-12-04,65448.79
A07466,C04000,Savings,2021-10-28,48689.79
A07467,C03229,Savings,2025-02-28,148029.03
A07468,C04270,Savings,2024-08-07,18978.21
A07469,C03559,Savings,2023-01-19,7071.18
A07470,C00846,Current,2022-03-13,84599.32
A07471,C00693,Savings,2021-04-12,52778.3
A07472,C04049,Salary,2021-01-10,32192.3
A07473,C01333,Current,2023-12-01,23578.58
A07474,C03038,Savings,2022-01-05,18886.56
A07475,C04333,Savings,2021-05-06,36047.4
A07476,C01275,Current,2023-02-24,43867.91
A07477,C01245,Salary,2022-01-18,68154.48
A07478,C00338,Salary,2021-11-23,9986.91
A07479,C03295,Savings,2022-03-26,98568.31
A07480,C00337,Salary,2022-06-07,30386.08
A07481,C01868,Savings,2023-10-07,38451.79
A07482,C04006,Current,2023-07-31,18624.61
A07483,C00495,Salary,2025-04-05,55138.3
A07484,C04643,Current,2023-09-10,189909.28
A07485,C03887,Savings,2021-09-30,73890.69
A07486,C00161,Salary,2022-05-17,24387.86
A07487,C02037,Salary,2025-02-19,7494.45
A07488,C01742,Savings,2024-06-04,20932.9
A07489,C01508,Current,2024-06-04,22182.14
A07490,C03561,Savings,2023-05-16,52760.17
A07491,C01376,Savings,2021-12-07,20102.3
A07492,C01554,Savings,2021-09-29,17931.94
A07493,C02282,Savings,2022-01-30,26343.78
A07494,C01869,Savings,2024-02-22,34766.84
A07495,C01602,Savings,2023-06-29,27134.48
A07496,C03828,Current,2021-07-14,25176.64
A07497,C03481,Savings,2025-05-26,10689.97
A07498,C01300,Fixed Deposit,2024-04-11,97626.67
A07499,C00711,Savings,2024-05-11,14311.84
A07500,C04168,Current,2023-11-23,82562.5
