customer_id,customer_name,age,gender,city,segment,join_date,age_group
C00001,Customer 00001,59,Male,Delhi,Premium,2024-03-13,50-59
C00002,Customer 00002,49,Male,Jaipur,Affluent,2021-07-18,40-49
C00003,Customer 00003,35,Male,Kolkata,Mass,2023-03-26,30-39
C00004,Customer 00004,63,Male,Chennai,Mass,2024-09-08,60+
C00005,Customer 00005,28,Female,Hyderabad,Mass,2024-09-17,21-29
C00006,Customer 00006,41,Male,Delhi,Mass,2024-07-11,40-49
C00007,Customer 00007,59,Female,Hyderabad,Mass,2021-08-05,50-59
C00008,Customer 00008,39,Male,Pune,Premium,2022-07-10,30-39
C00009,Customer 00009,43,Female,Delhi,Mass,2024-12-28,40-49
C00010,Customer 00010,31,Male,Pune,Mass,2023-03-14,30-39
C00011,Customer 00011,31,Female,Ahmedabad,Mass,2025-01-23,30-39
C00012,Customer 00012,44,Female,Bengaluru,Mass,2022-12-02,40-49
C00013,Customer 00013,56,Female,Hyderabad,Mass,2022-05-18,50-59
C00014,Customer 00014,60,Female,Delhi,Mass,2022-04-14,60+
C00015,Customer 00015,44,Male,Pune,Mass,2022-01-01,40-49
C00016,Customer 00016,23,Female,Mumbai,Affluent,2024-06-16,21-29
C00017,Customer 00017,42,Male,Pune,Mass,2022-09-16,40-49
C00018,Customer 00018,22,Male,Ahmedabad,Mass,2025-05-24,21-29
C00019,Customer 00019,44,Male,Delhi,Mass,2023-07-09,40-49
C00020,Customer 00020,64,Female,Jaipur,Affluent,2022-07-15,60+
C00021,Customer 00021,50,Female,Bhubaneswar,Mass,2023-04-03,50-59
C00022,Customer 00022,58,Male,Bengaluru,Mass,2023-08-25,50-59
C00023,Customer 00023,22,Female,Mumbai,Mass,2022-10-25,21-29
C00024,Customer 00024,41,Female,Bhubaneswar,Affluent,2023-01-21,40-49
C00025,Customer 00025,53,Male,Bhubaneswar,Mass,2024-11-20,50-59
C00026,Customer 00026,32,Male,Bengaluru,Mass,2024-11-19,30-39
C00027,Customer 00027,42,Male,Bengaluru,Mass,2024-01-04,40-49
C00028,Customer 00028,64,Female,Mumbai,Mass,2024-01-27,60+
C00029,Customer 00029,45,Male,Bhubaneswar,Mass,2022-01-18,40-49
C00030,Customer 00030,47,Female,Mumbai,Mass,2024-10-25,40-49
C00031,Customer 00031,62,Female,Hyderabad,Affluent,2024-08-01,60+
C00032,Customer 00032,48,Male,Ahmedabad,Mass,2024-07-03,40-49
C00033,Customer 00033,36,Female,Bengaluru,Mass,2021-11-05,30-39
C00034,Customer 00034,35,Female,Chennai,Mass,2021-06-25,30-39
C00035,Customer 00035,64,Female,Mumbai,Mass,2021-08-16,60+
C00036,Customer 00036,23,Male,Ahmedabad,Mass,2021-12-13,21-29
C00037,Customer 00037,57,Male,Mumbai,Affluent,2025-06-30,50-59
C00038,Customer 00038,27,Male,Pune,Premium,2024-09-27,21-29
C00039,Customer 00039,41,Male,Pune,Mass,2024-06-16,40-49
C00040,Customer 00040,29,Female,Mumbai,Mass,2025-06-24,21-29
C00041,Customer 00041,59,Female,Bengaluru,Mass,2023-10-18,50-59
C00042,Customer 00042,38,Female,Delhi,Affluent,2021-12-16,30-39
C00043,Customer 00043,24,Female,Mumbai,Affluent,2022-03-31,21-29
C00044,Customer 00044,45,Male,Kolkata,Affluent,2022-03-17,40-49
C00045,Customer 00045,34,Male,Kolkata,Affluent,2023-01-31,30-39
C00046,Customer 00046,29,Female,Hyderabad,Mass,2025-05-31,21-29
C00047,Customer 00047,46,Female,Chennai,Mass,2022-05-30,40-49
C00048,Customer 00048,22,Female,Chennai,Affluent,2024-01-10,21-29
C00049,Customer 00049,40,Female,Ahmedabad,Mass,2024-10-16,40-49
C00050,Customer 00050,48,Male,Delhi,Mass,2021-10-15,40-49
C00051,Customer 00051,27,Female,Mumbai,Affluent,2021-01-08,21-29
C00052,Customer 00052,64,Female,Mumbai,Mass,2021-03-28,60+
C00053,Customer 00053,28,Male,Hyderabad,Affluent,2023-09-25,21-29
C00054,Customer 00054,55,Female,Hyderabad,Mass,2021-10-13,50-59
C00055,Customer 00055,34,Male,Hyderabad,Affluent,2024-11-23,30-39
C00056,Customer 00056,37,Female,Bengaluru,Affluent,2021-03-15,30-39
C00057,Customer 00057,56,Male,Pune,Mass,2025-01-02,50-59
C00058,Customer 00058,60,Other,Mumbai,Affluent,2024-02-21,60+
C00059,Customer 00059,24,Male,Mumbai,Mass,2024-11-01,21-29
C00060,Customer 00060,22,Female,Delhi,Mass,2023-03-17,21-29
C00061,Customer 00061,26,Male,Mumbai,Mass,2024-03-12,21-29
C00062,Customer 00062,62,Female,Chennai,Mass,2021-06-07,60+
C00063,Customer 00063,24,Female,Delhi,Mass,2022-03-06,21-29
C00064,Customer 00064,49,Female,Hyderabad,Premium,2025-01-11,40-49
C00065,Customer 00065,38,Female,Hyderabad,Mass,2024-12-04,30-39
C00066,Customer 00066,46,Male,Mumbai,Mass,2024-10-26,40-49
C00067,Customer 00067,64,Male,Bengaluru,Mass,2024-02-07,60+
C00068,Customer 00068,54,Male,Jaipur,Mass,2023-04-26,50-59
C00069,Customer 00069,30,Male,Hyderabad,Affluent,2021-02-05,30-39
C00070,Customer 00070,56,Male,Delhi,Mass,2024-01-19,50-59
C00071,Customer 00071,34,Female,Bengaluru,Mass,2023-10-18,30-39
C00072,Customer 00072,51,Female,Hyderabad,Affluent,2023-09-01,50-59
C00073,Customer 00073,35,Male,Chennai,Mass,2024-12-09,30-39
C00074,Customer 00074,28,Female,Chennai,Affluent,2023-10-15,21-29
C00075,Customer 00075,34,Male,Pune,Mass,2024-08-12,30-39
C00076,Customer 00076,43,Female,Mumbai,Mass,2022-12-14,40-49
C00077,Customer 00077,60,Female,Mumbai,Affluent,2023-12-06,60+
C00078,Customer 00078,41,Female,Ahmedabad,Affluent,2022-05-03,40-49
C00079,Customer 00079,36,Female,Bhubaneswar,Mass,2022-09-11,30-39
C00080,Customer 00080,65,Female,Bengaluru,Mass,2021-06-19,60+
C00081,Customer 00081,38,Male,Hyderabad,Mass,2021-05-26,30-39
C00082,Customer 00082,44,Female,Mumbai,Mass,2023-05-18,40-49
C00083,Customer 00083,46,Male,Bengaluru,Premium,2022-02-24,40-49
C00084,Customer 00084,45,Female,Delhi,Mass,2022-07-27,40-49
C00085,Customer 00085,65,Female,Bengaluru,Mass,2023-10-24,60+
C00086,Customer 00086,61,Female,Pune,Affluent,2025-06-06,60+
C00087,Customer 00087,49,Male,Hyderabad,Mass,2024-07-10,40-49
C00088,Customer 00088,35,Female,Bengaluru,Mass,2023-03-10,30-39
C00089,Customer 00089,65,Male,Bengaluru,Premium,2021-11-17,60+
C00090,Customer 00090,21,Female,Kolkata,Affluent,2025-06-19,21-29
C00091,Customer 00091,45,Male,Mumbai,Affluent,2025-05-19,40-49
C00092,Customer 00092,27,Female,Chennai,Mass,2021-09-03,21-29
C00093,Customer 00093,29,Male,Delhi,Affluent,2025-06-01,21-29
C00094,Customer 00094,44,Male,Chennai,Mass,2022-04-22,40-49
C00095,Customer 00095,21,Male,Delhi,Mass,2024-07-06,21-29
C00096,Customer 00096,64,Female,Bengaluru,Premium,2024-01-22,60+
C00097,Customer 00097,28,Female,Mumbai,Mass,2023-02-22,21-29
C00098,Customer 00098,44,Female,Mumbai,Affluent,2022-06-17,40-49
C00099,Customer 00099,31,Male,Delhi,Mass,2025-05-17,30-39
C00100,Customer 00100,37,Male,Pune,Mass,2024-09-24,30-39
C00101,Customer 00101,28,Male,Mumbai,Affluent,2024-07-07,21-29
C00102,Customer 00102,55,Female,Bengaluru,Mass,2021-08-25,50-59
C00103,Customer 00103,55,Female,Hyderabad,Affluent,2024-03-10,50-59
C00104,Customer 00104,53,Female,Chennai,Mass,2023-09-02,50-59
C00105,Customer 00105,25,Male,Bhubaneswar,Premium,2022-11-10,21-29
C00106,Customer 00106,62,Male,Chennai,Mass,2025-02-12,60+
C00107,Customer 00107,59,Male,Hyderabad,Mass,2022-08-02,50-59
C00108,Customer 00108,61,Female,Chennai,Mass,2024-10-05,60+
C00109,Customer 00109,48,Male,Jaipur,Premium,2025-05-13,40-49
C00110,Customer 00110,27,Male,Ahmedabad,Affluent,2021-05-10,21-29
C00111,Customer 00111,29,Female,Delhi,Affluent,2025-04-10,21-29
C00112,Customer 00112,28,Male,Mumbai,Mass,2021-01-11,21-29
C00113,Customer 00113,32,Male,Mumbai,Mass,2021-09-14,30-39
C00114,Customer 00114,54,Male,Hyderabad,Mass,2023-03-27,50-59
C00115,Customer 00115,53,Male,Kolkata,Mass,2022-01-04,50-59
C00116,Customer 00116,43,Female,Hyderabad,Mass,2023-08-02,40-49
C00117,Customer 00117,44,Female,Bengaluru,Premium,2024-11-18,40-49
C00118,Customer 00118,57,Male,Pune,Affluent,2025-06-05,50-59
C00119,Customer 00119,55,Female,Kolkata,Mass,2024-12-13,50-59
C00120,Customer 00120,64,Male,Mumbai,Mass,2023-06-01,60+
C00121,Customer 00121,60,Male,Pune,Affluent,2021-01-19,60+
C00122,Customer 00122,42,Male,Delhi,Mass,2021-04-20,40-49
C00123,Customer 00123,47,Other,Jaipur,Mass,2024-12-31,40-49
C00124,Customer 00124,55,Female,Ahmedabad,Mass,2022-05-20,50-59
C00125,Customer 00125,21,Female,Hyderabad,Mass,2023-11-24,21-29
C00126,Customer 00126,55,Female,Pune,Affluent,2024-08-04,50-59
C00127,Customer 00127,57,Female,Jaipur,Mass,2023-09-30,50-59
C00128,Customer 00128,34,Female,Hyderabad,Mass,2021-09-12,30-39
C00129,Customer 00129,23,Female,Delhi,Mass,2022-09-30,21-29
C00130,Customer 00130,21,Male,Kolkata,Affluent,2021-05-14,21-29
C00131,Customer 00131,25,Male,Mumbai,Mass,2022-05-14,21-29
C00132,Customer 00132,46,Female,Delhi,Mass,2022-02-01,40-49
C00133,Customer 00133,34,Female,Ahmedabad,Premium,2025-02-19,30-39
C00134,Customer 00134,59,Male,Pune,Premium,2025-06-10,50-59
C00135,Customer 00135,47,Female,Delhi,Premium,2025-05-30,40-49
C00136,Customer 00136,29,Female,Mumbai,Affluent,2022-10-09,21-29
C00137,Customer 00137,35,Female,Delhi,Mass,2022-11-16,30-39
C00138,Customer 00138,35,Male,Mumbai,Mass,2024-05-21,30-39
C00139,Customer 00139,46,Female,Mumbai,Mass,2024-10-05,40-49
C00140,Customer 00140,62,Male,Kolkata,Mass,2021-01-19,60+
C00141,Customer 00141,33,Female,Mumbai,Premium,2023-10-08,30-39
C00142,Customer 00142,52,Male,Hyderabad,Affluent,2021-04-29,50-59
C00143,Customer 00143,59,Female,Delhi,Affluent,2021-10-29,50-59
C00144,Customer 00144,52,Male,Bhubaneswar,Mass,2024-08-01,50-59
C00145,Customer 00145,24,Male,Delhi,Premium,2021-08-15,21-29
C00146,Customer 00146,50,Male,Bengaluru,Affluent,2025-03-11,50-59
C00147,Customer 00147,57,Male,Bengaluru,Mass,2025-03-05,50-59
C00148,Customer 00148,43,Male,Chennai,Affluent,2024-05-20,40-49
C00149,Customer 00149,59,Male,Chennai,Mass,2021-12-22,50-59
C00150,Customer 00150,65,Male,Delhi,Mass,2022-12-02,60+
C00151,Customer 00151,35,Male,Hyderabad,Affluent,2022-05-02,30-39
C00152,Customer 00152,63,Female,Bengaluru,Affluent,2024-09-06,60+
C00153,Customer 00153,49,Female,Hyderabad,Mass,2021-08-11,40-49
C00154,Customer 00154,56,Female,Hyderabad,Mass,2025-05-06,50-59
C00155,Customer 00155,33,Male,Bengaluru,Premium,2024-04-29,30-39
C00156,Customer 00156,52,Female,Bengaluru,Affluent,2023-09-22,50-59
C00157,Customer 00157,27,Female,Bengaluru,Affluent,2022-05-15,21-29
C00158,Customer 00158,42,Male,Bengaluru,Mass,2025-02-27,40-49
C00159,Customer 00159,48,Male,Chennai,Mass,2024-06-14,40-49
C00160,Customer 00160,22,Male,Mumbai,Mass,2023-11-12,21-29
C00161,Customer 00161,62,Female,Mumbai,Mass,2024-09-12,60+
C00162,Customer 00162,65,Male,Mumbai,Mass,2025-04-18,60+
C00163,Customer 00163,26,Female,Bhubaneswar,Mass,2024-02-25,21-29
C00164,Customer 00164,48,Female,Ahmedabad,Mass,2021-12-31,40-49
C00165,Customer 00165,48,Female,Mumbai,Mass,2023-12-04,40-49
C00166,Customer 00166,64,Female,Delhi,Affluent,2022-06-03,60+
C00167,Customer 00167,64,Female,Mumbai,Mass,2024-02-26,60+
C00168,Customer 00168,40,Male,Hyderabad,Mass,2025-06-15,40-49
C00169,Customer 00169,50,Female,Bengaluru,Mass,2024-02-28,50-59
C00170,Customer 00170,31,Male,Pune,Mass,2022-06-13,30-39
C00171,Customer 00171,48,Male,Hyderabad,Mass,2024-09-06,40-49
C00172,Customer 00172,45,Female,Jaipur,Premium,2021-07-05,40-49
C00173,Customer 00173,59,Male,Mumbai,Affluent,2023-03-09,50-59
C00174,Customer 00174,53,Female,Kolkata,Mass,2023-09-09,50-59
C00175,Customer 00175,21,Male,Kolkata,Mass,2021-12-14,21-29
C00176,Customer 00176,47,Female,Bengaluru,Mass,2025-02-13,40-49
C00177,Customer 00177,33,Female,Delhi,Affluent,2023-07-11,30-39
C00178,Customer 00178,61,Female,Mumbai,Mass,2025-05-30,60+
C00179,Customer 00179,23,Male,Mumbai,Mass,2023-07-10,21-29
C00180,Customer 00180,59,Male,Mumbai,Affluent,2023-08-15,50-59
C00181,Customer 00181,26,Female,Chennai,Affluent,2021-12-27,21-29
C00182,Customer 00182,28,Male,Delhi,Affluent,2024-08-03,21-29
C00183,Customer 00183,47,Male,Bhubaneswar,Affluent,2021-07-01,40-49
C00184,Customer 00184,29,Male,Bengaluru,Premium,2025-01-14,21-29
C00185,Customer 00185,57,Male,Bhubaneswar,Mass,2021-04-07,50-59
C00186,Customer 00186,53,Male,Mumbai,Mass,2022-07-17,50-59
C00187,Customer 00187,62,Male,Kolkata,Affluent,2021-11-10,60+
C00188,Customer 00188,64,Male,Delhi,Affluent,2025-04-19,60+
C00189,Customer 00189,44,Female,Bengaluru,Premium,2023-08-13,40-49
C00190,Customer 00190,35,Female,Ahmedabad,Mass,2021-01-21,30-39
C00191,Customer 00191,52,Female,Delhi,Mass,2023-03-16,50-59
C00192,Customer 00192,52,Male,Pune,Mass,2022-07-30,50-59
C00193,Customer 00193,44,Male,Chennai,Mass,2025-03-01,40-49
C00194,Customer 00194,61,Female,Hyderabad,Mass,2022-02-07,60+
C00195,Customer 00195,32,Male,Hyderabad,Affluent,2024-02-22,30-39
C00196,Customer 00196,59,Female,Kolkata,Mass,2022-09-05,50-59
C00197,Customer 00197,22,Female,Bengaluru,Affluent,2024-02-17,21-29
C00198,Customer 00198,23,Other,Pune,Affluent,2025-06-02,21-29
C00199,Customer 00199,57,Female,Jaipur,Mass,2023-08-28,50-59
C00200,Customer 00200,37,Female,Bengaluru,Mass,2022-11-24,30-39
C00201,Customer 00201,22,Male,Bengaluru,Affluent,2025-02-09,21-29
C00202,Customer 00202,22,Male,Pune,Affluent,2023-08-17,21-29
C00203,Customer 00203,48,Female,Hyderabad,Affluent,2023-05-22,40-49
C00204,Customer 00204,43,Male,Delhi,Affluent,2023-04-20,40-49
C00205,Customer 00205,57,Male,Bengaluru,Premium,2021-04-13,50-59
C00206,Customer 00206,52,Female,Hyderabad,Mass,2021-11-29,50-59
C00207,Customer 00207,53,Female,Bengaluru,Premium,2025-01-22,50-59
C00208,Customer 00208,21,Male,Hyderabad,Affluent,2024-02-28,21-29
C00209,Customer 00209,39,Female,Kolkata,Affluent,2023-01-23,30-39
C00210,Customer 00210,22,Male,Mumbai,Mass,2021-05-14,21-29
C00211,Customer 00211,64,Male,Hyderabad,Premium,2024-03-26,60+
C00212,Customer 00212,46,Other,Bhubaneswar,Mass,2022-03-01,40-49
C00213,Customer 00213,52,Female,Pune,Affluent,2024-12-29,50-59
C00214,Customer 00214,26,Male,Ahmedabad,Mass,2024-11-13,21-29
C00215,Customer 00215,52,Female,Delhi,Mass,2023-07-26,50-59
C00216,Customer 00216,24,Female,Kolkata,Mass,2024-09-03,21-29
C00217,Customer 00217,31,Female,Bengaluru,Mass,2022-05-20,30-39
C00218,Customer 00218,37,Female,Bengaluru,Mass,2023-05-21,30-39
C00219,Customer 00219,58,Male,Mumbai,Affluent,2021-07-09,50-59
C00220,Customer 00220,44,Female,Delhi,Mass,2022-09-04,40-49
C00221,Customer 00221,25,Female,Ahmedabad,Mass,2024-12-05,21-29
C00222,Customer 00222,54,Male,Delhi,Mass,2021-02-21,50-59
C00223,Customer 00223,26,Female,Pune,Mass,2025-05-04,21-29
C00224,Customer 00224,42,Male,Pune,Mass,2025-01-09,40-49
C00225,Customer 00225,31,Female,Chennai,Mass,2022-09-04,30-39
C00226,Customer 00226,36,Male,Delhi,Mass,2025-01-07,30-39
C00227,Customer 00227,53,Male,Chennai,Affluent,2024-11-06,50-59
C00228,Customer 00228,29,Male,Delhi,Mass,2022-01-09,21-29
C00229,Customer 00229,26,Female,Bengaluru,Mass,2025-05-09,21-29
C00230,Customer 00230,36,Female,Bhubaneswar,Mass,2022-01-10,30-39
C00231,Customer 00231,49,Male,Bengaluru,Premium,2022-01-24,40-49
C00232,Customer 00232,23,Female,Bengaluru,Mass,2022-11-05,21-29
C00233,Customer 00233,40,Female,Ahmedabad,Mass,2023-03-15,40-49
C00234,Customer 00234,56,Female,Delhi,Mass,2025-02-11,50-59
C00235,Customer 00235,39,Female,Pune,Mass,2022-02-08,30-39
C00236,Customer 00236,46,Male,Delhi,Mass,2022-08-16,40-49
C00237,Customer 00237,23,Male,Delhi,Mass,2025-01-31,21-29
C00238,Customer 00238,39,Female,Mumbai,Mass,2023-01-02,30-39
C00239,Customer 00239,40,Female,Delhi,Mass,2025-06-09,40-49
C00240,Customer 00240,52,Male,Delhi,Mass,2022-05-20,50-59
C00241,Customer 00241,27,Male,Pune,Affluent,2021-03-24,21-29
C00242,Customer 00242,61,Female,Hyderabad,Premium,2021-11-15,60+
C00243,Customer 00243,53,Female,Bhubaneswar,Mass,2023-12-27,50-59
C00244,Customer 00244,60,Female,Bengaluru,Affluent,2022-02-18,60+
C00245,Customer 00245,59,Male,Hyderabad,Premium,2022-03-29,50-59
C00246,Customer 00246,38,Female,Chennai,Affluent,2023-01-16,30-39
C00247,Customer 00247,60,Male,Jaipur,Mass,2021-07-17,60+
C00248,Customer 00248,21,Male,Bengaluru,Affluent,2021-09-16,21-29
C00249,Customer 00249,31,Male,Chennai,Mass,2021-10-25,30-39
C00250,Customer 00250,48,Female,Ahmedabad,Mass,2024-07-27,40-49
C00251,Customer 00251,45,Male,Mumbai,Mass,2021-10-27,40-49
C00252,Customer 00252,43,Female,Ahmedabad,Mass,2021-05-09,40-49
C00253,Customer 00253,51,Female,Bengaluru,Mass,2022-05-13,50-59
C00254,Customer 00254,50,Male,Kolkata,Mass,2022-03-14,50-59
C00255,Customer 00255,62,Other,Jaipur,Affluent,2024-08-08,60+
C00256,Customer 00256,55,Male,Pune,Mass,2021-07-26,50-59
C00257,Customer 00257,27,Male,Hyderabad,Mass,2021-10-21,21-29
C00258,Customer 00258,36,Female,Bengaluru,Mass,2021-01-29,30-39
C00259,Customer 00259,46,Female,Jaipur,Mass,2021-06-28,40-49
C00260,Customer 00260,22,Female,Hyderabad,Mass,2021-02-10,21-29
C00261,Customer 00261,21,Male,Bengaluru,Premium,2025-02-02,21-29
C00262,Customer 00262,32,Male,Pune,Mass,2024-04-30,30-39
C00263,Customer 00263,25,Male,Hyderabad,Mass,2021-12-10,21-29
C00264,Customer 00264,57,Female,Bengaluru,Affluent,2023-03-27,50-59
C00265,Customer 00265,52,Female,Mumbai,Mass,2023-01-07,50-59
C00266,Customer 00266,29,Male,Bengaluru,Affluent,2022-09-18,21-29
C00267,Customer 00267,61,Female,Chennai,Mass,2021-10-05,60+
C00268,Customer 00268,55,Male,Chennai,Mass,2024-10-10,50-59
C00269,Customer 00269,39,Male,Hyderabad,Mass,2022-06-13,30-39
C00270,Customer 00270,36,Male,Ahmedabad,Mass,2021-03-27,30-39
C00271,Customer 00271,23,Female,Ahmedabad,Mass,2021-11-13,21-29
C00272,Customer 00272,40,Female,Chennai,Affluent,2022-11-24,40-49
C00273,Customer 00273,44,Female,Bengaluru,Affluent,2024-09-22,40-49
C00274,Customer 00274,53,Female,Pune,Affluent,2023-05-13,50-59
C00275,Customer 00275,44,Female,Delhi,Affluent,2024-03-14,40-49
C00276,Customer 00276,31,Male,Chennai,Mass,2021-11-11,30-39
C00277,Customer 00277,28,Male,Pune,Mass,2021-08-13,21-29
C00278,Customer 00278,56,Female,Delhi,Mass,2024-12-17,50-59
C00279,Customer 00279,58,Female,Jaipur,Affluent,2023-12-14,50-59
C00280,Customer 00280,60,Female,Bengaluru,Mass,2021-03-09,60+
C00281,Customer 00281,40,Female,Pune,Affluent,2024-09-19,40-49
C00282,Customer 00282,55,Male,Bengaluru,Affluent,2023-10-18,50-59
C00283,Customer 00283,45,Female,Jaipur,Mass,2024-01-06,40-49
C00284,Customer 00284,55,Female,Bengaluru,Mass,2025-04-12,50-59
C00285,Customer 00285,45,Female,Bengaluru,Mass,2023-05-06,40-49
C00286,Customer 00286,49,Male,Delhi,Mass,2024-03-24,40-49
C00287,Customer 00287,38,Male,Delhi,Affluent,2024-01-01,30-39
C00288,Customer 00288,38,Female,Mumbai,Premium,2025-03-05,30-39
C00289,Customer 00289,22,Male,Chennai,Mass,2025-01-10,21-29
C00290,Customer 00290,55,Male,Hyderabad,Mass,2025-05-02,50-59
C00291,Customer 00291,36,Male,Bengaluru,Affluent,2024-10-14,30-39
C00292,Customer 00292,61,Female,Delhi,Mass,2024-07-24,60+
C00293,Customer 00293,56,Male,Ahmedabad,Mass,2023-06-02,50-59
C00294,Customer 00294,53,Male,Pune,Premium,2024-08-29,50-59
C00295,Customer 00295,24,Male,Pune,Affluent,2024-02-03,21-29
C00296,Customer 00296,53,Male,Pune,Mass,2023-08-29,50-59
C00297,Customer 00297,34,Male,Delhi,Mass,2024-01-24,30-39
C00298,Customer 00298,41,Female,Bengaluru,Affluent,2024-05-27,40-49
C00299,Customer 00299,40,Male,Mumbai,Affluent,2024-02-26,40-49
C00300,Customer 00300,28,Male,Ahmedabad,Affluent,2021-07-19,21-29
C00301,Customer 00301,27,Male,Bhubaneswar,Mass,2021-11-28,21-29
C00302,Customer 00302,23,Female,Hyderabad,Premium,2022-07-01,21-29
C00303,Customer 00303,37,Male,Bengaluru,Mass,2024-08-08,30-39
C00304,Customer 00304,53,Male,Bengaluru,Affluent,2021-03-07,50-59
C00305,Customer 00305,32,Female,Delhi,Mass,2023-01-01,30-39
C00306,Customer 00306,42,Male,Chennai,Mass,2022-07-22,40-49
C00307,Customer 00307,42,Male,Bengaluru,Premium,2022-10-19,40-49
C00308,Customer 00308,50,Male,Bhubaneswar,Mass,2022-02-08,50-59
C00309,Customer 00309,58,Female,Delhi,Mass,2025-06-18,50-59
C00310,Customer 00310,58,Female,Jaipur,Affluent,2022-09-10,50-59
C00311,Customer 00311,65,Male,Kolkata,Mass,2022-08-19,60+
C00312,Customer 00312,28,Female,Kolkata,Affluent,2022-10-10,21-29
C00313,Customer 00313,47,Male,Chennai,Mass,2021-05-26,40-49
C00314,Customer 00314,47,Male,Chennai,Mass,2023-01-31,40-49
C00315,Customer 00315,54,Male,Chennai,Premium,2025-04-03,50-59
C00316,Customer 00316,41,Female,Chennai,Mass,2024-11-26,40-49
C00317,Customer 00317,50,Male,Chennai,Affluent,2021-05-05,50-59
C00318,Customer 00318,53,Female,Bhubaneswar,Mass,2025-03-18,50-59
C00319,Customer 00319,48,Female,Kolkata,Affluent,2024-09-17,40-49
C00320,Customer 00320,53,Female,Kolkata,Mass,2022-04-25,50-59
C00321,Customer 00321,25,Female,Ahmedabad,Mass,2023-09-29,21-29
C00322,Customer 00322,39,Other,Mumbai,Affluent,2022-12-13,30-39
C00323,Customer 00323,24,Male,Bengaluru,Mass,2022-12-16,21-29
C00324,Customer 00324,55,Female,Hyderabad,Affluent,2024-11-22,50-59
C00325,Customer 00325,37,Male,Hyderabad,Affluent,2023-03-26,30-39
C00326,Customer 00326,64,Female,Ahmedabad,Affluent,2023-11-20,60+
C00327,Customer 00327,48,Male,Hyderabad,Premium,2021-02-25,40-49
C00328,Customer 00328,50,Male,Chennai,Mass,2021-05-12,50-59
C00329,Customer 00329,49,Male,Hyderabad,Mass,2021-08-19,40-49
C00330,Customer 00330,26,Female,Bengaluru,Mass,2022-01-30,21-29
C00331,Customer 00331,55,Male,Chennai,Mass,2024-03-21,50-59
C00332,Customer 00332,61,Female,Ahmedabad,Mass,2025-03-06,60+
C00333,Customer 00333,57,Other,Bengaluru,Mass,2023-09-09,50-59
C00334,Customer 00334,44,Female,Chennai,Mass,2023-08-21,40-49
C00335,Customer 00335,49,Male,Chennai,Mass,2023-07-22,40-49
C00336,Customer 00336,51,Male,Mumbai,Mass,2025-03-10,50-59
C00337,Customer 00337,55,Male,Bengaluru,Affluent,2024-11-10,50-59
C00338,Customer 00338,53,Female,Bhubaneswar,Mass,2023-06-27,50-59
C00339,Customer 00339,41,Male,Delhi,Mass,2022-06-17,40-49
C00340,Customer 00340,52,Female,Mumbai,Affluent,2023-08-23,50-59
C00341,Customer 00341,43,Male,Mumbai,Mass,2022-03-24,40-49
C00342,Customer 00342,53,Female,Pune,Premium,2025-05-23,50-59
C00343,Customer 00343,23,Female,Chennai,Mass,2021-05-06,21-29
C00344,Customer 00344,38,Male,Pune,Mass,2022-07-09,30-39
C00345,Customer 00345,45,Female,Bengaluru,Affluent,2022-11-25,40-49
C00346,Customer 00346,62,Female,Jaipur,Affluent,2022-05-04,60+
C00347,Customer 00347,51,Female,Delhi,Mass,2022-09-04,50-59
C00348,Customer 00348,23,Female,Delhi,Affluent,2023-06-10,21-29
C00349,Customer 00349,60,Male,Hyderabad,Mass,2022-03-22,60+
C00350,Customer 00350,44,Male,Delhi,Mass,2025-02-02,40-49
C00351,Customer 00351,52,Female,Ahmedabad,Mass,2024-10-04,50-59
C00352,Customer 00352,42,Female,Jaipur,Mass,2022-05-23,40-49
C00353,Customer 00353,43,Female,Delhi,Mass,2022-04-02,40-49
C00354,Customer 00354,22,Female,Ahmedabad,Premium,2023-09-13,21-29
C00355,Customer 00355,47,Male,Kolkata,Mass,2022-01-20,40-49
C00356,Customer 00356,62,Male,Jaipur,Mass,2022-12-13,60+
C00357,Customer 00357,22,Female,Mumbai,Mass,2023-07-18,21-29
C00358,Customer 00358,46,Female,Chennai,Affluent,2025-01-11,40-49
C00359,Customer 00359,37,Female,Mumbai,Premium,2024-02-13,30-39
C00360,Customer 00360,60,Male,Ahmedabad,Affluent,2022-03-28,60+
C00361,Customer 00361,53,Other,Bengaluru,Premium,2022-10-16,50-59
C00362,Customer 00362,29,Female,Chennai,Affluent,2024-02-17,21-29
C00363,Customer 00363,63,Female,Delhi,Premium,2024-01-22,60+
C00364,Customer 00364,59,Male,Delhi,Affluent,2022-06-05,50-59
C00365,Customer 00365,49,Male,Pune,Mass,2025-05-28,40-49
C00366,Customer 00366,62,Female,Ahmedabad,Mass,2022-06-22,60+
C00367,Customer 00367,46,Female,Chennai,Affluent,2024-12-27,40-49
C00368,Customer 00368,55,Female,Ahmedabad,Mass,2021-05-25,50-59
C00369,Customer 00369,45,Male,Mumbai,Mass,2023-12-28,40-49
C00370,Customer 00370,44,Female,Hyderabad,Mass,2022-12-01,40-49
C00371,Customer 00371,33,Female,Hyderabad,Premium,2021-05-11,30-39
C00372,Customer 00372,27,Male,Bengaluru,Mass,2023-01-03,21-29
C00373,Customer 00373,56,Female,Chennai,Affluent,2024-07-28,50-59
C00374,Customer 00374,65,Male,Pune,Affluent,2025-05-09,60+
C00375,Customer 00375,40,Female,Chennai,Premium,2022-05-28,40-49
C00376,Customer 00376,21,Female,Kolkata,Premium,2022-10-02,21-29
C00377,Customer 00377,28,Male,Chennai,Affluent,2021-01-01,21-29
C00378,Customer 00378,36,Female,Bengaluru,Mass,2022-03-08,30-39
C00379,Customer 00379,34,Other,Bengaluru,Mass,2022-01-26,30-39
C00380,Customer 00380,32,Male,Chennai,Mass,2024-07-13,30-39
C00381,Customer 00381,43,Female,Mumbai,Affluent,2022-02-03,40-49
C00382,Customer 00382,35,Male,Bengaluru,Affluent,2023-03-19,30-39
C00383,Customer 00383,48,Female,Delhi,Affluent,2024-07-03,40-49
C00384,Customer 00384,54,Male,Chennai,Mass,2022-01-30,50-59
C00385,Customer 00385,22,Female,Delhi,Mass,2023-08-10,21-29
C00386,Customer 00386,52,Male,Pune,Mass,2021-06-23,50-59
C00387,Customer 00387,43,Female,Pune,Mass,2023-12-05,40-49
C00388,Customer 00388,42,Female,Delhi,Mass,2023-05-05,40-49
C00389,Customer 00389,45,Male,Kolkata,Mass,2024-03-10,40-49
C00390,Customer 00390,42,Male,Pune,Affluent,2022-06-23,40-49
C00391,Customer 00391,42,Female,Chennai,Mass,2023-01-15,40-49
C00392,Customer 00392,62,Female,Chennai,Mass,2022-12-22,60+
C00393,Customer 00393,26,Male,Bengaluru,Premium,2021-02-19,21-29
C00394,Customer 00394,35,Male,Pune,Mass,2023-12-21,30-39
C00395,Customer 00395,63,Female,Delhi,Mass,2021-08-31,60+
C00396,Customer 00396,57,Female,Bhubaneswar,Mass,2024-07-16,50-59
C00397,Customer 00397,53,Female,Ahmedabad,Mass,2024-03-09,50-59
C00398,Customer 00398,28,Male,Chennai,Mass,2024-03-26,21-29
C00399,Customer 00399,64,Female,Mumbai,Mass,2022-08-20,60+
C00400,Customer 00400,64,Female,Mumbai,Mass,2025-06-08,60+
C00401,Customer 00401,25,Male,Delhi,Mass,2021-10-03,21-29
C00402,Customer 00402,59,Female,Hyderabad,Mass,2023-11-21,50-59
C00403,Customer 00403,24,Male,Mumbai,Affluent,2021-01-08,21-29
C00404,Customer 00404,26,Female,Hyderabad,Mass,2022-12-16,21-29
C00405,Customer 00405,65,Female,Mumbai,Premium,2021-02-02,60+
C00406,Customer 00406,52,Female,Bhubaneswar,Mass,2023-03-21,50-59
C00407,Customer 00407,50,Male,Bengaluru,Mass,2025-01-15,50-59
C00408,Customer 00408,55,Female,Jaipur,Affluent,2025-01-12,50-59
C00409,Customer 00409,60,Male,Jaipur,Mass,2023-07-17,60+
C00410,Customer 00410,36,Male,Hyderabad,Mass,2023-05-12,30-39
C00411,Customer 00411,33,Male,Pune,Affluent,2021-02-06,30-39
C00412,Customer 00412,62,Female,Hyderabad,Mass,2021-02-03,60+
C00413,Customer 00413,50,Female,Chennai,Affluent,2022-03-31,50-59
C00414,Customer 00414,39,Female,Delhi,Premium,2022-03-20,30-39
C00415,Customer 00415,37,Female,Delhi,Mass,2024-06-14,30-39
C00416,Customer 00416,39,Female,Chennai,Mass,2021-07-31,30-39
C00417,Customer 00417,48,Male,Hyderabad,Mass,2024-03-09,40-49
C00418,Customer 00418,46,Female,Chennai,Premium,2022-12-03,40-49
C00419,Customer 00419,57,Female,Mumbai,Affluent,2022-08-31,50-59
C00420,Customer 00420,46,Female,Delhi,Premium,2023-09-09,40-49
C00421,Customer 00421,43,Male,Bengaluru,Mass,2021-12-27,40-49
C00422,Customer 00422,29,Female,Bengaluru,Affluent,2021-10-31,21-29
C00423,Customer 00423,32,Male,Mumbai,Mass,2021-10-23,30-39
C00424,Customer 00424,21,Female,Bengaluru,Mass,2021-06-01,21-29
C00425,Customer 00425,21,Male,Bengaluru,Premium,2024-05-31,21-29
C00426,Customer 00426,54,Male,Ahmedabad,Mass,2024-05-04,50-59
C00427,Customer 00427,52,Female,Bengaluru,Premium,2022-08-23,50-59
C00428,Customer 00428,45,Female,Pune,Mass,2024-08-15,40-49
C00429,Customer 00429,60,Female,Mumbai,Affluent,2025-04-02,60+
C00430,Customer 00430,65,Female,Ahmedabad,Mass,2025-02-20,60+
C00431,Customer 00431,21,Male,Hyderabad,Mass,2021-07-30,21-29
C00432,Customer 00432,36,Male,Delhi,Mass,2021-08-20,30-39
C00433,Customer 00433,59,Male,Hyderabad,Mass,2023-05-20,50-59
C00434,Customer 00434,25,Male,Delhi,Mass,2022-11-26,21-29
C00435,Customer 00435,42,Female,Chennai,Affluent,2022-01-02,40-49
C00436,Customer 00436,49,Female,Bengaluru,Mass,2022-04-26,40-49
C00437,Customer 00437,23,Male,Bhubaneswar,Mass,2025-05-25,21-29
C00438,Customer 00438,32,Female,Delhi,Mass,2022-07-26,30-39
C00439,Customer 00439,46,Male,Delhi,Mass,2024-04-17,40-49
C00440,Customer 00440,36,Female,Pune,Affluent,2025-02-16,30-39
C00441,Customer 00441,57,Female,Delhi,Affluent,2025-06-01,50-59
C00442,Customer 00442,42,Other,Ahmedabad,Mass,2025-02-27,40-49
C00443,Customer 00443,49,Female,Hyderabad,Mass,2025-04-20,40-49
C00444,Customer 00444,34,Other,Pune,Affluent,2023-07-19,30-39
C00445,Customer 00445,48,Other,Bengaluru,Mass,2023-11-06,40-49
C00446,Customer 00446,25,Male,Ahmedabad,Mass,2022-04-11,21-29
C00447,Customer 00447,50,Male,Kolkata,Mass,2024-11-26,50-59
C00448,Customer 00448,25,Male,Mumbai,Mass,2021-10-21,21-29
C00449,Customer 00449,32,Male,Bengaluru,Mass,2021-06-20,30-39
C00450,Customer 00450,36,Female,Delhi,Mass,2023-11-22,30-39
C00451,Customer 00451,46,Female,Bhubaneswar,Affluent,2021-09-20,40-49
C00452,Customer 00452,46,Male,Mumbai,Mass,2024-05-23,40-49
C00453,Customer 00453,41,Female,Hyderabad,Mass,2022-07-12,40-49
C00454,Customer 00454,59,Female,Bengaluru,Mass,2021-07-08,50-59
C00455,Customer 00455,56,Female,Delhi,Mass,2023-02-25,50-59
C00456,Customer 00456,53,Male,Chennai,Mass,2022-08-06,50-59
C00457,Customer 00457,50,Male,Bhubaneswar,Premium,2023-09-29,50-59
C00458,Customer 00458,57,Female,Hyderabad,Mass,2022-08-23,50-59
C00459,Customer 00459,43,Male,Ahmedabad,Affluent,2023-04-26,40-49
C00460,Customer 00460,30,Male,Chennai,Mass,2024-07-08,30-39
C00461,Customer 00461,25,Male,Bengaluru,Affluent,2024-04-20,21-29
C00462,Customer 00462,56,Male,Delhi,Mass,2025-03-09,50-59
C00463,Customer 00463,54,Male,Chennai,Mass,2021-12-08,50-59
C00464,Customer 00464,51,Female,Bhubaneswar,Affluent,2023-08-12,50-59
C00465,Customer 00465,30,Male,Ahmedabad,Mass,2021-01-22,30-39
C00466,Customer 00466,39,Female,Mumbai,Affluent,2024-01-03,30-39
C00467,Customer 00467,52,Male,Mumbai,Mass,2025-06-14,50-59
C00468,Customer 00468,21,Other,Mumbai,Premium,2021-06-15,21-29
C00469,Customer 00469,25,Female,Jaipur,Affluent,2021-08-22,21-29
C00470,Customer 00470,65,Female,Ahmedabad,Premium,2024-10-30,60+
C00471,Customer 00471,24,Male,Kolkata,Mass,2024-12-27,21-29
C00472,Customer 00472,36,Female,Delhi,Mass,2022-10-03,30-39
C00473,Customer 00473,44,Male,Hyderabad,Affluent,2024-09-19,40-49
C00474,Customer 00474,36,Female,Hyderabad,Affluent,2022-08-30,30-39
C00475,Customer 00475,22,Female,Mumbai,Premium,2022-06-24,21-29
C00476,Customer 00476,48,Other,Hyderabad,Mass,2023-11-25,40-49
C00477,Customer 00477,52,Male,Bengaluru,Affluent,2025-01-07,50-59
C00478,Customer 00478,47,Male,Bengaluru,Mass,2024-06-08,40-49
C00479,Customer 00479,40,Female,Jaipur,Mass,2021-11-14,40-49
C00480,Customer 00480,44,Male,Kolkata,Mass,2021-12-09,40-49
C00481,Customer 00481,32,Male,Delhi,Mass,2024-12-24,30-39
C00482,Customer 00482,55,Male,Hyderabad,Premium,2023-09-06,50-59
C00483,Customer 00483,53,Male,Delhi,Mass,2022-09-29,50-59
C00484,Customer 00484,53,Male,Kolkata,Affluent,2025-01-29,50-59
C00485,Customer 00485,63,Female,Kolkata,Mass,2021-03-20,60+
C00486,Customer 00486,57,Female,Kolkata,Mass,2023-06-12,50-59
C00487,Customer 00487,32,Male,Pune,Mass,2022-07-27,30-39
C00488,Customer 00488,23,Female,Mumbai,Mass,2022-03-25,21-29
C00489,Customer 00489,21,Male,Delhi,Mass,2021-10-09,21-29
C00490,Customer 00490,53,Female,Hyderabad,Affluent,2022-11-06,50-59
C00491,Customer 00491,60,Male,Delhi,Premium,2021-02-26,60+
C00492,Customer 00492,30,Male,Kolkata,Mass,2021-07-10,30-39
C00493,Customer 00493,63,Female,Delhi,Mass,2022-10-06,60+
C00494,Customer 00494,64,Female,Bengaluru,Mass,2025-01-26,60+
C00495,Customer 00495,49,Female,Delhi,Affluent,2021-02-11,40-49
C00496,Customer 00496,33,Male,Bhubaneswar,Mass,2025-02-18,30-39
C00497,Customer 00497,32,Male,Mumbai,Mass,2024-04-11,30-39
C00498,Customer 00498,51,Female,Chennai,Mass,2022-11-10,50-59
C00499,Customer 00499,22,Male,Hyderabad,Premium,2024-06-27,21-29
C00500,Customer 00500,55,Female,Bengaluru,Mass,2025-03-14,50-59
C00501,Customer 00501,43,Male,Hyderabad,Mass,2022-05-17,40-49
C00502,Customer 00502,37,Male,Pune,Premium,2024-05-01,30-39
C00503,Customer 00503,46,Female,Hyderabad,Affluent,2023-03-01,40-49
C00504,Customer 00504,28,Female,Ahmedabad,Affluent,2023-01-20,21-29
C00505,Customer 00505,49,Female,Mumbai,Mass,2023-01-12,40-49
C00506,Customer 00506,46,Female,Bengaluru,Premium,2021-06-14,40-49
C00507,Customer 00507,30,Female,Jaipur,Affluent,2023-01-25,30-39
C00508,Customer 00508,46,Female,Delhi,Affluent,2021-03-31,40-49
C00509,Customer 00509,54,Male,Chennai,Affluent,2023-09-14,50-59
C00510,Customer 00510,61,Female,Kolkata,Affluent,2023-12-18,60+
C00511,Customer 00511,27,Male,Delhi,Mass,2024-07-10,21-29
C00512,Customer 00512,24,Female,Pune,Mass,2022-10-10,21-29
C00513,Customer 00513,65,Female,Bengaluru,Affluent,2023-01-20,60+
C00514,Customer 00514,31,Male,Mumbai,Mass,2023-03-30,30-39
C00515,Customer 00515,49,Male,Bengaluru,Mass,2021-08-31,40-49
C00516,Customer 00516,56,Female,Ahmedabad,Mass,2022-10-25,50-59
C00517,Customer 00517,45,Male,Mumbai,Affluent,2023-05-08,40-49
C00518,Customer 00518,41,Male,Pune,Mass,2021-08-07,40-49
C00519,Customer 00519,56,Male,Bhubaneswar,Affluent,2021-01-09,50-59
C00520,Customer 00520,30,Male,Hyderabad,Mass,2022-03-06,30-39
C00521,Customer 00521,57,Female,Chennai,Mass,2021-01-13,50-59
C00522,Customer 00522,29,Female,Hyderabad,Mass,2023-06-26,21-29
C00523,Customer 00523,44,Male,Delhi,Mass,2023-08-28,40-49
C00524,Customer 00524,55,Female,Hyderabad,Mass,2024-06-02,50-59
C00525,Customer 00525,55,Male,Chennai,Mass,2022-11-21,50-59
C00526,Customer 00526,56,Female,Bhubaneswar,Mass,2023-12-27,50-59
C00527,Customer 00527,38,Female,Jaipur,Premium,2022-11-08,30-39
C00528,Customer 00528,59,Male,Ahmedabad,Mass,2025-03-07,50-59
C00529,Customer 00529,52,Female,Jaipur,Affluent,2021-07-03,50-59
C00530,Customer 00530,44,Male,Hyderabad,Mass,2023-10-02,40-49
C00531,Customer 00531,43,Male,Pune,Affluent,2021-07-27,40-49
C00532,Customer 00532,52,Male,Jaipur,Mass,2022-06-12,50-59
C00533,Customer 00533,57,Male,Delhi,Affluent,2024-08-16,50-59
C00534,Customer 00534,32,Male,Bhubaneswar,Affluent,2023-03-29,30-39
C00535,Customer 00535,33,Male,Delhi,Affluent,2023-09-30,30-39
C00536,Customer 00536,43,Male,Chennai,Mass,2024-06-18,40-49
C00537,Customer 00537,45,Female,Pune,Affluent,2022-03-31,40-49
C00538,Customer 00538,55,Female,Bhubaneswar,Mass,2023-06-21,50-59
C00539,Customer 00539,61,Female,Mumbai,Mass,2025-04-03,60+
C00540,Customer 00540,50,Female,Kolkata,Mass,2021-09-01,50-59
C00541,Customer 00541,37,Male,Hyderabad,Mass,2025-05-06,30-39
C00542,Customer 00542,40,Male,Mumbai,Mass,2023-02-10,40-49
C00543,Customer 00543,45,Male,Kolkata,Affluent,2021-08-26,40-49
C00544,Customer 00544,42,Female,Chennai,Mass,2024-06-23,40-49
C00545,Customer 00545,33,Male,Pune,Mass,2021-12-11,30-39
C00546,Customer 00546,39,Female,Delhi,Mass,2025-02-16,30-39
C00547,Customer 00547,56,Male,Hyderabad,Affluent,2021-11-06,50-59
C00548,Customer 00548,32,Male,Chennai,Mass,2025-05-04,30-39
C00549,Customer 00549,61,Female,Delhi,Mass,2024-07-31,60+
C00550,Customer 00550,39,Female,Mumbai,Affluent,2021-02-07,30-39
C00551,Customer 00551,32,Female,Bhubaneswar,Mass,2021-02-01,30-39
C00552,Customer 00552,29,Male,Hyderabad,Mass,2024-06-20,21-29
C00553,Customer 00553,27,Male,Kolkata,Mass,2025-04-26,21-29
C00554,Customer 00554,48,Male,Delhi,Affluent,2021-10-19,40-49
C00555,Customer 00555,34,Female,Delhi,Affluent,2025-06-27,30-39
C00556,Customer 00556,51,Female,Delhi,Mass,2021-10-19,50-59
C00557,Customer 00557,39,Male,Delhi,Mass,2023-01-28,30-39
C00558,Customer 00558,36,Male,Chennai,Mass,2024-11-06,30-39
C00559,Customer 00559,25,Female,Chennai,Affluent,2025-06-11,21-29
C00560,Customer 00560,55,Female,Hyderabad,Affluent,2022-08-01,50-59
C00561,Customer 00561,32,Male,Bengaluru,Mass,2024-03-07,30-39
C00562,Customer 00562,45,Female,Hyderabad,Mass,2024-05-08,40-49
C00563,Customer 00563,41,Female,Mumbai,Affluent,2024-09-20,40-49
C00564,Customer 00564,56,Female,Bengaluru,Affluent,2022-08-28,50-59
C00565,Customer 00565,43,Male,Jaipur,Affluent,2022-03-23,40-49
C00566,Customer 00566,36,Male,Chennai,Mass,2024-10-03,30-39
C00567,Customer 00567,59,Male,Pune,Affluent,2021-10-05,50-59
C00568,Customer 00568,65,Male,Delhi,Mass,2023-09-21,60+
C00569,Customer 00569,62,Male,Jaipur,Mass,2022-06-16,60+
C00570,Customer 00570,59,Female,Chennai,Mass,2024-11-23,50-59
C00571,Customer 00571,34,Male,Kolkata,Affluent,2024-11-15,30-39
C00572,Customer 00572,51,Female,Delhi,Mass,2023-09-11,50-59
C00573,Customer 00573,25,Male,Bhubaneswar,Mass,2022-08-25,21-29
C00574,Customer 00574,55,Female,Ahmedabad,Mass,2022-07-16,50-59
C00575,Customer 00575,43,Female,Ahmedabad,Mass,2023-10-31,40-49
C00576,Customer 00576,49,Female,Mumbai,Affluent,2022-08-14,40-49
C00577,Customer 00577,63,Female,Mumbai,Mass,2025-04-22,60+
C00578,Customer 00578,31,Female,Mumbai,Mass,2021-02-28,30-39
C00579,Customer 00579,38,Female,Mumbai,Affluent,2024-01-17,30-39
C00580,Customer 00580,32,Other,Ahmedabad,Mass,2022-04-04,30-39
C00581,Customer 00581,29,Female,Bengaluru,Affluent,2021-04-14,21-29
C00582,Customer 00582,30,Male,Bengaluru,Affluent,2023-04-11,30-39
C00583,Customer 00583,64,Male,Mumbai,Premium,2023-02-28,60+
C00584,Customer 00584,37,Other,Mumbai,Affluent,2021-04-14,30-39
C00585,Customer 00585,58,Male,Mumbai,Mass,2024-07-01,50-59
C00586,Customer 00586,27,Male,Kolkata,Mass,2023-01-12,21-29
C00587,Customer 00587,33,Female,Chennai,Mass,2024-09-20,30-39
C00588,Customer 00588,60,Female,Bengaluru,Mass,2025-01-26,60+
C00589,Customer 00589,62,Female,Delhi,Mass,2025-04-22,60+
C00590,Customer 00590,29,Male,Delhi,Mass,2021-10-28,21-29
C00591,Customer 00591,47,Male,Bengaluru,Affluent,2022-10-16,40-49
C00592,Customer 00592,22,Female,Pune,Mass,2022-07-09,21-29
C00593,Customer 00593,25,Female,Pune,Mass,2022-09-20,21-29
C00594,Customer 00594,49,Male,Pune,Mass,2024-09-26,40-49
C00595,Customer 00595,57,Female,Pune,Mass,2025-02-24,50-59
C00596,Customer 00596,58,Male,Bengaluru,Premium,2024-01-13,50-59
C00597,Customer 00597,39,Male,Bhubaneswar,Mass,2023-07-18,30-39
C00598,Customer 00598,28,Male,Ahmedabad,Affluent,2024-07-06,21-29
C00599,Customer 00599,65,Male,Jaipur,Mass,2021-12-26,60+
C00600,Customer 00600,21,Male,Bengaluru,Mass,2021-03-28,21-29
C00601,Customer 00601,42,Male,Jaipur,Mass,2022-03-04,40-49
C00602,Customer 00602,37,Male,Kolkata,Affluent,2022-01-02,30-39
C00603,Customer 00603,27,Male,Ahmedabad,Mass,2021-12-09,21-29
C00604,Customer 00604,45,Female,Bengaluru,Mass,2021-12-13,40-49
C00605,Customer 00605,65,Female,Kolkata,Mass,2021-04-06,60+
C00606,Customer 00606,24,Female,Bhubaneswar,Affluent,2024-07-02,21-29
C00607,Customer 00607,56,Female,Pune,Affluent,2024-03-05,50-59
C00608,Customer 00608,26,Male,Chennai,Mass,2024-06-25,21-29
C00609,Customer 00609,51,Male,Bhubaneswar,Mass,2025-03-03,50-59
C00610,Customer 00610,39,Female,Hyderabad,Affluent,2023-06-03,30-39
C00611,Customer 00611,64,Female,Chennai,Affluent,2022-05-01,60+
C00612,Customer 00612,59,Male,Hyderabad,Affluent,2024-11-26,50-59
C00613,Customer 00613,47,Female,Jaipur,Affluent,2022-08-27,40-49
C00614,Customer 00614,30,Male,Bengaluru,Affluent,2022-02-16,30-39
C00615,Customer 00615,46,Male,Hyderabad,Mass,2022-03-24,40-49
C00616,Customer 00616,39,Male,Pune,Affluent,2021-09-04,30-39
C00617,Customer 00617,59,Female,Kolkata,Premium,2023-02-09,50-59
C00618,Customer 00618,23,Female,Chennai,Mass,2022-11-30,21-29
C00619,Customer 00619,65,Female,Jaipur,Mass,2022-02-25,60+
C00620,Customer 00620,33,Male,Bhubaneswar,Premium,2021-05-04,30-39
C00621,Customer 00621,48,Male,Bengaluru,Mass,2024-07-07,40-49
C00622,Customer 00622,40,Female,Delhi,Affluent,2024-04-07,40-49
C00623,Customer 00623,48,Male,Bengaluru,Mass,2023-07-30,40-49
C00624,Customer 00624,28,Male,Delhi,Mass,2023-05-27,21-29
C00625,Customer 00625,61,Female,Hyderabad,Mass,2024-02-09,60+
C00626,Customer 00626,59,Male,Jaipur,Mass,2024-08-06,50-59
C00627,Customer 00627,21,Male,Ahmedabad,Mass,2025-06-11,21-29
C00628,Customer 00628,23,Female,Bengaluru,Mass,2021-01-13,21-29
C00629,Customer 00629,33,Female,Bengaluru,Affluent,2024-07-10,30-39
C00630,Customer 00630,48,Male,Chennai,Premium,2023-03-11,40-49
C00631,Customer 00631,45,Male,Hyderabad,Mass,2023-11-13,40-49
C00632,Customer 00632,53,Male,Mumbai,Mass,2023-08-03,50-59
C00633,Customer 00633,58,Male,Jaipur,Mass,2021-07-19,50-59
C00634,Customer 00634,26,Male,Jaipur,Mass,2024-06-19,21-29
C00635,Customer 00635,64,Female,Delhi,Mass,2024-06-16,60+
C00636,Customer 00636,65,Male,Jaipur,Mass,2021-10-30,60+
C00637,Customer 00637,52,Female,Delhi,Mass,2024-04-03,50-59
C00638,Customer 00638,65,Female,Kolkata,Mass,2023-01-08,60+
C00639,Customer 00639,41,Male,Hyderabad,Mass,2021-06-25,40-49
C00640,Customer 00640,36,Male,Bengaluru,Affluent,2023-11-19,30-39
C00641,Customer 00641,41,Female,Jaipur,Mass,2022-11-08,40-49
C00642,Customer 00642,31,Male,Hyderabad,Affluent,2022-06-19,30-39
C00643,Customer 00643,57,Female,Kolkata,Premium,2024-08-10,50-59
C00644,Customer 00644,56,Female,Delhi,Premium,2022-04-22,50-59
C00645,Customer 00645,55,Female,Bengaluru,Premium,2022-01-18,50-59
C00646,Customer 00646,39,Male,Bengaluru,Mass,2022-07-10,30-39
C00647,Customer 00647,40,Male,Hyderabad,Mass,2024-08-12,40-49
C00648,Customer 00648,38,Female,Pune,Mass,2021-11-30,30-39
C00649,Customer 00649,61,Male,Delhi,Affluent,2024-06-25,60+
C00650,Customer 00650,34,Female,Pune,Affluent,2024-06-18,30-39
C00651,Customer 00651,35,Male,Pune,Affluent,2024-02-04,30-39
C00652,Customer 00652,51,Female,Pune,Mass,2023-06-17,50-59
C00653,Customer 00653,21,Female,Hyderabad,Affluent,2023-07-20,21-29
C00654,Customer 00654,23,Male,Jaipur,Mass,2022-11-16,21-29
C00655,Customer 00655,36,Female,Hyderabad,Mass,2022-07-15,30-39
C00656,Customer 00656,43,Female,Hyderabad,Affluent,2021-05-03,40-49
C00657,Customer 00657,31,Male,Mumbai,Mass,2023-11-25,30-39
C00658,Customer 00658,32,Male,Delhi,Premium,2022-09-10,30-39
C00659,Customer 00659,30,Female,Bengaluru,Mass,2023-09-15,30-39
C00660,Customer 00660,52,Female,Chennai,Affluent,2023-04-20,50-59
C00661,Customer 00661,36,Female,Mumbai,Mass,2022-02-20,30-39
C00662,Customer 00662,28,Male,Delhi,Affluent,2022-12-09,21-29
C00663,Customer 00663,58,Female,Kolkata,Affluent,2022-09-29,50-59
C00664,Customer 00664,32,Male,Delhi,Premium,2024-09-12,30-39
C00665,Customer 00665,44,Other,Mumbai,Mass,2024-08-11,40-49
C00666,Customer 00666,48,Female,Mumbai,Premium,2024-12-26,40-49
C00667,Customer 00667,28,Female,Kolkata,Mass,2021-12-13,21-29
C00668,Customer 00668,48,Female,Bengaluru,Mass,2021-02-06,40-49
C00669,Customer 00669,56,Female,Hyderabad,Mass,2022-05-27,50-59
C00670,Customer 00670,46,Male,Hyderabad,Affluent,2023-04-29,40-49
C00671,Customer 00671,28,Female,Pune,Mass,2022-06-19,21-29
C00672,Customer 00672,48,Female,Chennai,Affluent,2023-06-29,40-49
C00673,Customer 00673,48,Male,Ahmedabad,Affluent,2023-02-12,40-49
C00674,Customer 00674,57,Female,Bengaluru,Mass,2022-10-26,50-59
C00675,Customer 00675,61,Male,Mumbai,Premium,2023-11-08,60+
C00676,Customer 00676,56,Female,Mumbai,Mass,2021-01-27,50-59
C00677,Customer 00677,47,Male,Bengaluru,Affluent,2022-06-20,40-49
C00678,Customer 00678,37,Male,Mumbai,Mass,2023-11-19,30-39
C00679,Customer 00679,29,Male,Delhi,Mass,2023-10-05,21-29
C00680,Customer 00680,53,Male,Hyderabad,Mass,2022-10-20,50-59
C00681,Customer 00681,40,Female,Pune,Mass,2022-10-02,40-49
C00682,Customer 00682,33,Male,Delhi,Mass,2024-02-15,30-39
C00683,Customer 00683,48,Male,Pune,Mass,2024-03-01,40-49
C00684,Customer 00684,49,Male,Delhi,Mass,2024-08-05,40-49
C00685,Customer 00685,33,Female,Mumbai,Mass,2024-06-13,30-39
C00686,Customer 00686,55,Female,Chennai,Mass,2021-02-11,50-59
C00687,Customer 00687,26,Female,Bengaluru,Affluent,2024-03-29,21-29
C00688,Customer 00688,38,Female,Bengaluru,Mass,2024-02-23,30-39
C00689,Customer 00689,25,Female,Delhi,Affluent,2024-07-07,21-29
C00690,Customer 00690,45,Male,Bhubaneswar,Affluent,2024-07-23,40-49
C00691,Customer 00691,22,Female,Pune,Affluent,2021-08-01,21-29
C00692,Customer 00692,30,Female,Bengaluru,Affluent,2025-02-05,30-39
C00693,Customer 00693,50,Male,Ahmedabad,Mass,2023-04-16,50-59
C00694,Customer 00694,65,Male,Kolkata,Affluent,2022-12-03,60+
C00695,Customer 00695,25,Male,Chennai,Mass,2025-05-13,21-29
C00696,Customer 00696,53,Male,Ahmedabad,Affluent,2024-12-25,50-59
C00697,Customer 00697,21,Female,Delhi,Affluent,2021-03-21,21-29
C00698,Customer 00698,38,Male,Mumbai,Mass,2023-08-13,30-39
C00699,Customer 00699,52,Male,Hyderabad,Affluent,2024-06-05,50-59
C00700,Customer 00700,31,Female,Chennai,Mass,2023-06-21,30-39
C00701,Customer 00701,41,Male,Hyderabad,Mass,2024-01-24,40-49
C00702,Customer 00702,46,Male,Chennai,Mass,2022-02-28,40-49
C00703,Customer 00703,45,Female,Bhubaneswar,Affluent,2023-07-08,40-49
C00704,Customer 00704,42,Female,Jaipur,Affluent,2022-05-31,40-49
C00705,Customer 00705,47,Female,Ahmedabad,Affluent,2021-06-14,40-49
C00706,Customer 00706,33,Female,Kolkata,Mass,2024-12-20,30-39
C00707,Customer 00707,53,Female,Bhubaneswar,Mass,2023-09-24,50-59
C00708,Customer 00708,54,Male,Bengaluru,Affluent,2023-09-20,50-59
C00709,Customer 00709,61,Female,Mumbai,Mass,2023-06-12,60+
C00710,Customer 00710,55,Male,Hyderabad,Affluent,2023-10-13,50-59
C00711,Customer 00711,21,Male,Ahmedabad,Mass,2023-12-02,21-29
C00712,Customer 00712,41,Male,Hyderabad,Mass,2023-01-11,40-49
C00713,Customer 00713,26,Male,Kolkata,Mass,2024-11-27,21-29
C00714,Customer 00714,48,Female,Bengaluru,Affluent,2023-01-25,40-49
C00715,Customer 00715,37,Male,Mumbai,Mass,2022-02-20,30-39
C00716,Customer 00716,25,Male,Kolkata,Mass,2024-08-16,21-29
C00717,Customer 00717,51,Male,Mumbai,Mass,2023-12-15,50-59
C00718,Customer 00718,25,Male,Delhi,Mass,2021-12-02,21-29
C00719,Customer 00719,58,Female,Mumbai,Mass,2023-05-31,50-59
C00720,Customer 00720,23,Male,Delhi,Mass,2024-12-24,21-29
C00721,Customer 00721,43,Female,Pune,Affluent,2023-08-30,40-49
C00722,Customer 00722,57,Male,Delhi,Mass,2022-11-16,50-59
C00723,Customer 00723,57,Other,Chennai,Affluent,2024-09-19,50-59
C00724,Customer 00724,30,Female,Bengaluru,Affluent,2023-01-11,30-39
C00725,Customer 00725,30,Male,Kolkata,Mass,2024-11-30,30-39
C00726,Customer 00726,39,Female,Delhi,Mass,2021-01-30,30-39
C00727,Customer 00727,37,Female,Pune,Affluent,2025-04-08,30-39
C00728,Customer 00728,41,Male,Pune,Mass,2025-03-21,40-49
C00729,Customer 00729,34,Male,Mumbai,Mass,2022-07-29,30-39
C00730,Customer 00730,29,Male,Jaipur,Mass,2021-08-09,21-29
C00731,Customer 00731,21,Male,Chennai,Affluent,2023-04-07,21-29
C00732,Customer 00732,65,Male,Delhi,Mass,2022-08-17,60+
C00733,Customer 00733,33,Male,Mumbai,Premium,2025-02-26,30-39
C00734,Customer 00734,24,Male,Bhubaneswar,Affluent,2023-01-24,21-29
C00735,Customer 00735,21,Female,Kolkata,Mass,2024-06-30,21-29
C00736,Customer 00736,60,Other,Mumbai,Mass,2025-05-07,60+
C00737,Customer 00737,52,Female,Delhi,Mass,2024-09-06,50-59
C00738,Customer 00738,54,Male,Kolkata,Mass,2023-11-29,50-59
C00739,Customer 00739,48,Female,Pune,Mass,2023-10-18,40-49
C00740,Customer 00740,51,Female,Kolkata,Mass,2025-01-28,50-59
C00741,Customer 00741,28,Female,Hyderabad,Mass,2024-12-05,21-29
C00742,Customer 00742,59,Male,Pune,Mass,2024-12-06,50-59
C00743,Customer 00743,46,Female,Delhi,Mass,2022-05-07,40-49
C00744,Customer 00744,54,Female,Mumbai,Premium,2022-03-14,50-59
C00745,Customer 00745,23,Male,Chennai,Mass,2022-04-24,21-29
C00746,Customer 00746,32,Male,Bhubaneswar,Premium,2023-02-22,30-39
C00747,Customer 00747,21,Female,Delhi,Mass,2023-08-07,21-29
C00748,Customer 00748,64,Female,Hyderabad,Mass,2023-10-05,60+
C00749,Customer 00749,25,Female,Pune,Mass,2021-03-13,21-29
C00750,Customer 00750,50,Female,Chennai,Mass,2022-08-05,50-59
C00751,Customer 00751,50,Male,Ahmedabad,Mass,2021-08-08,50-59
C00752,Customer 00752,37,Male,Kolkata,Premium,2023-10-25,30-39
C00753,Customer 00753,43,Male,Bengaluru,Premium,2023-09-30,40-49
C00754,Customer 00754,35,Female,Bhubaneswar,Mass,2021-10-17,30-39
C00755,Customer 00755,57,Male,Kolkata,Mass,2022-01-15,50-59
C00756,Customer 00756,41,Male,Ahmedabad,Mass,2023-03-15,40-49
C00757,Customer 00757,34,Male,Pune,Mass,2024-10-10,30-39
C00758,Customer 00758,22,Male,Ahmedabad,Mass,2023-01-13,21-29
C00759,Customer 00759,31,Male,Bengaluru,Mass,2021-03-21,30-39
C00760,Customer 00760,59,Male,Delhi,Mass,2021-03-07,50-59
C00761,Customer 00761,58,Female,Ahmedabad,Mass,2021-05-16,50-59
C00762,Customer 00762,54,Male,Mumbai,Mass,2022-02-03,50-59
C00763,Customer 00763,58,Male,Bengaluru,Mass,2021-12-13,50-59
C00764,Customer 00764,54,Male,Kolkata,Mass,2021-02-28,50-59
C00765,Customer 00765,38,Female,Ahmedabad,Premium,2023-02-17,30-39
C00766,Customer 00766,50,Male,Mumbai,Mass,2022-06-03,50-59
C00767,Customer 00767,35,Male,Ahmedabad,Affluent,2022-12-15,30-39
C00768,Customer 00768,47,Female,Pune,Affluent,2023-09-04,40-49
C00769,Customer 00769,54,Female,Hyderabad,Premium,2024-06-14,50-59
C00770,Customer 00770,58,Male,Ahmedabad,Affluent,2021-03-20,50-59
C00771,Customer 00771,53,Male,Delhi,Affluent,2025-05-01,50-59
C00772,Customer 00772,44,Male,Mumbai,Affluent,2021-04-25,40-49
C00773,Customer 00773,35,Female,Mumbai,Mass,2023-09-13,30-39
C00774,Customer 00774,50,Male,Hyderabad,Mass,2025-01-25,50-59
C00775,Customer 00775,62,Female,Hyderabad,Premium,2021-05-06,60+
C00776,Customer 00776,37,Female,Kolkata,Affluent,2025-06-14,30-39
C00777,Customer 00777,25,Female,Kolkata,Premium,2022-07-27,21-29
C00778,Customer 00778,49,Female,Chennai,Affluent,2023-08-23,40-49
C00779,Customer 00779,24,Female,Kolkata,Affluent,2022-05-15,21-29
C00780,Customer 00780,30,Female,Mumbai,Affluent,2023-04-09,30-39
C00781,Customer 00781,37,Female,Bengaluru,Affluent,2024-01-31,30-39
C00782,Customer 00782,30,Female,Ahmedabad,Mass,2022-09-18,30-39
C00783,Customer 00783,37,Male,Bengaluru,Premium,2024-04-12,30-39
C00784,Customer 00784,40,Male,Mumbai,Affluent,2022-03-28,40-49
C00785,Customer 00785,44,Female,Pune,Affluent,2024-01-21,40-49
C00786,Customer 00786,25,Male,Delhi,Affluent,2022-01-20,21-29
C00787,Customer 00787,54,Female,Ahmedabad,Mass,2024-05-13,50-59
C00788,Customer 00788,26,Male,Mumbai,Mass,2021-12-29,21-29
C00789,Customer 00789,22,Female,Bengaluru,Premium,2022-05-13,21-29
C00790,Customer 00790,33,Female,Delhi,Mass,2022-06-21,30-39
C00791,Customer 00791,63,Male,Chennai,Mass,2024-06-11,60+
C00792,Customer 00792,63,Male,Delhi,Mass,2021-01-16,60+
C00793,Customer 00793,31,Male,Hyderabad,Affluent,2023-09-08,30-39
C00794,Customer 00794,43,Male,Ahmedabad,Affluent,2024-03-10,40-49
C00795,Customer 00795,36,Male,Jaipur,Affluent,2022-09-12,30-39
C00796,Customer 00796,51,Female,Mumbai,Affluent,2024-12-14,50-59
C00797,Customer 00797,31,Female,Hyderabad,Mass,2025-01-19,30-39
C00798,Customer 00798,36,Female,Chennai,Mass,2021-10-27,30-39
C00799,Customer 00799,28,Female,Bhubaneswar,Mass,2021-12-05,21-29
C00800,Customer 00800,24,Male,Bhubaneswar,Affluent,2021-10-30,21-29
C00801,Customer 00801,60,Male,Mumbai,Mass,2022-08-15,60+
C00802,Customer 00802,24,Female,Pune,Affluent,2021-03-17,21-29
C00803,Customer 00803,45,Male,Delhi,Mass,2023-07-03,40-49
C00804,Customer 00804,23,Male,Bengaluru,Mass,2023-02-19,21-29
C00805,Customer 00805,52,Female,Bengaluru,Premium,2023-07-10,50-59
C00806,Customer 00806,23,Female,Hyderabad,Mass,2024-09-01,21-29
C00807,Customer 00807,47,Female,Hyderabad,Affluent,2025-03-04,40-49
C00808,Customer 00808,49,Female,Bengaluru,Mass,2024-01-04,40-49
C00809,Customer 00809,52,Female,Pune,Mass,2022-01-01,50-59
C00810,Customer 00810,39,Male,Mumbai,Mass,2025-04-19,30-39
C00811,Customer 00811,41,Female,Chennai,Mass,2022-10-15,40-49
C00812,Customer 00812,25,Female,Delhi,Affluent,2023-10-03,21-29
C00813,Customer 00813,38,Other,Mumbai,Mass,2022-01-31,30-39
C00814,Customer 00814,48,Male,Delhi,Mass,2024-06-08,40-49
C00815,Customer 00815,62,Male,Mumbai,Mass,2023-03-15,60+
C00816,Customer 00816,42,Female,Hyderabad,Mass,2023-11-18,40-49
C00817,Customer 00817,41,Female,Mumbai,Affluent,2025-02-07,40-49
C00818,Customer 00818,26,Male,Hyderabad,Mass,2024-08-11,21-29
C00819,Customer 00819,21,Female,Bengaluru,Mass,2023-04-25,21-29
C00820,Customer 00820,25,Female,Pune,Affluent,2024-12-21,21-29
C00821,Customer 00821,61,Male,Kolkata,Mass,2023-05-22,60+
C00822,Customer 00822,32,Male,Bengaluru,Mass,2024-01-20,30-39
C00823,Customer 00823,46,Female,Hyderabad,Mass,2021-04-25,40-49
C00824,Customer 00824,54,Male,Bengaluru,Affluent,2024-03-28,50-59
C00825,Customer 00825,34,Female,Chennai,Affluent,2024-07-05,30-39
C00826,Customer 00826,46,Female,Mumbai,Affluent,2022-01-08,40-49
C00827,Customer 00827,65,Female,Hyderabad,Premium,2023-04-30,60+
C00828,Customer 00828,47,Female,Hyderabad,Mass,2021-03-31,40-49
C00829,Customer 00829,29,Female,Jaipur,Premium,2023-01-27,21-29
C00830,Customer 00830,46,Male,Chennai,Mass,2024-08-14,40-49
C00831,Customer 00831,42,Male,Chennai,Affluent,2021-01-31,40-49
C00832,Customer 00832,50,Male,Delhi,Mass,2021-12-24,50-59
C00833,Customer 00833,63,Female,Bhubaneswar,Mass,2022-04-15,60+
C00834,Customer 00834,37,Female,Kolkata,Affluent,2024-02-26,30-39
C00835,Customer 00835,46,Female,Mumbai,Affluent,2021-09-27,40-49
C00836,Customer 00836,56,Female,Ahmedabad,Mass,2025-03-02,50-59
C00837,Customer 00837,21,Female,Hyderabad,Mass,2024-12-07,21-29
C00838,Customer 00838,28,Male,Ahmedabad,Mass,2021-07-28,21-29
C00839,Customer 00839,55,Male,Ahmedabad,Premium,2022-11-21,50-59
C00840,Customer 00840,35,Male,Mumbai,Affluent,2024-08-22,30-39
C00841,Customer 00841,42,Male,Pune,Mass,2024-04-29,40-49
C00842,Customer 00842,34,Male,Mumbai,Affluent,2024-10-12,30-39
C00843,Customer 00843,46,Female,Mumbai,Premium,2022-04-02,40-49
C00844,Customer 00844,48,Female,Mumbai,Mass,2022-03-25,40-49
C00845,Customer 00845,43,Female,Pune,Affluent,2021-03-09,40-49
C00846,Customer 00846,34,Male,Mumbai,Mass,2023-05-24,30-39
C00847,Customer 00847,44,Other,Bengaluru,Affluent,2022-04-12,40-49
C00848,Customer 00848,22,Female,Pune,Mass,2024-10-15,21-29
C00849,Customer 00849,65,Male,Mumbai,Mass,2024-11-11,60+
C00850,Customer 00850,46,Male,Bengaluru,Mass,2021-05-08,40-49
C00851,Customer 00851,34,Female,Mumbai,Mass,2023-01-03,30-39
C00852,Customer 00852,27,Female,Delhi,Affluent,2025-02-17,21-29
C00853,Customer 00853,23,Female,Hyderabad,Mass,2024-06-21,21-29
C00854,Customer 00854,43,Other,Bengaluru,Mass,2023-11-09,40-49
C00855,Customer 00855,63,Female,Bhubaneswar,Affluent,2024-11-20,60+
C00856,Customer 00856,65,Male,Pune,Mass,2024-06-06,60+
C00857,Customer 00857,38,Female,Delhi,Mass,2022-01-03,30-39
C00858,Customer 00858,58,Male,Delhi,Premium,2021-02-27,50-59
C00859,Customer 00859,55,Female,Hyderabad,Affluent,2024-07-28,50-59
C00860,Customer 00860,35,Male,Chennai,Mass,2022-07-11,30-39
C00861,Customer 00861,45,Male,Bengaluru,Mass,2024-01-31,40-49
C00862,Customer 00862,57,Male,Mumbai,Premium,2021-02-17,50-59
C00863,Customer 00863,48,Male,Ahmedabad,Mass,2022-07-16,40-49
C00864,Customer 00864,30,Female,Mumbai,Mass,2022-08-16,30-39
C00865,Customer 00865,59,Male,Delhi,Mass,2023-03-23,50-59
C00866,Customer 00866,37,Female,Ahmedabad,Mass,2021-02-28,30-39
C00867,Customer 00867,59,Female,Pune,Affluent,2021-06-10,50-59
C00868,Customer 00868,42,Male,Delhi,Affluent,2021-04-13,40-49
C00869,Customer 00869,46,Female,Pune,Premium,2023-04-26,40-49
C00870,Customer 00870,64,Male,Bengaluru,Affluent,2022-02-16,60+
C00871,Customer 00871,45,Other,Kolkata,Mass,2023-02-25,40-49
C00872,Customer 00872,37,Female,Hyderabad,Mass,2021-07-02,30-39
C00873,Customer 00873,33,Male,Ahmedabad,Premium,2022-02-21,30-39
C00874,Customer 00874,40,Female,Bhubaneswar,Mass,2024-02-14,40-49
C00875,Customer 00875,45,Female,Jaipur,Mass,2022-02-03,40-49
C00876,Customer 00876,24,Female,Jaipur,Premium,2023-08-15,21-29
C00877,Customer 00877,30,Male,Hyderabad,Mass,2023-02-18,30-39
C00878,Customer 00878,23,Male,Delhi,Mass,2022-10-17,21-29
C00879,Customer 00879,61,Male,Hyderabad,Affluent,2022-03-13,60+
C00880,Customer 00880,65,Other,Pune,Premium,2021-11-14,60+
C00881,Customer 00881,38,Female,Jaipur,Mass,2022-08-29,30-39
C00882,Customer 00882,56,Female,Mumbai,Affluent,2024-06-27,50-59
C00883,Customer 00883,42,Male,Jaipur,Mass,2023-06-30,40-49
C00884,Customer 00884,54,Male,Ahmedabad,Mass,2025-01-10,50-59
C00885,Customer 00885,28,Female,Bhubaneswar,Premium,2022-05-12,21-29
C00886,Customer 00886,60,Female,Jaipur,Premium,2024-09-28,60+
C00887,Customer 00887,64,Male,Mumbai,Mass,2022-03-03,60+
C00888,Customer 00888,39,Male,Bengaluru,Mass,2023-03-29,30-39
C00889,Customer 00889,62,Female,Bengaluru,Mass,2023-10-20,60+
C00890,Customer 00890,61,Male,Mumbai,Mass,2021-08-28,60+
C00891,Customer 00891,57,Male,Chennai,Mass,2023-12-19,50-59
C00892,Customer 00892,26,Male,Kolkata,Mass,2025-03-31,21-29
C00893,Customer 00893,46,Female,Jaipur,Mass,2023-03-08,40-49
C00894,Customer 00894,54,Male,Chennai,Mass,2021-07-22,50-59
C00895,Customer 00895,65,Female,Bengaluru,Mass,2025-01-29,60+
C00896,Customer 00896,26,Female,Mumbai,Affluent,2024-08-12,21-29
C00897,Customer 00897,57,Male,Bengaluru,Mass,2021-10-14,50-59
C00898,Customer 00898,53,Male,Delhi,Mass,2021-03-14,50-59
C00899,Customer 00899,42,Female,Hyderabad,Affluent,2022-12-27,40-49
C00900,Customer 00900,41,Male,Bengaluru,Affluent,2025-03-27,40-49
C00901,Customer 00901,26,Male,Delhi,Mass,2021-12-03,21-29
C00902,Customer 00902,26,Male,Mumbai,Mass,2024-09-03,21-29
C00903,Customer 00903,24,Male,Pune,Affluent,2021-07-22,21-29
C00904,Customer 00904,50,Male,Hyderabad,Mass,2021-08-19,50-59
C00905,Customer 00905,31,Male,Hyderabad,Affluent,2023-06-23,30-39
C00906,Customer 00906,50,Female,Delhi,Mass,2025-05-06,50-59
C00907,Customer 00907,51,Female,Bhubaneswar,Mass,2023-12-17,50-59
C00908,Customer 00908,44,Female,Mumbai,Mass,2022-10-06,40-49
C00909,Customer 00909,29,Male,Hyderabad,Affluent,2024-12-14,21-29
C00910,Customer 00910,23,Male,Kolkata,Premium,2023-07-04,21-29
C00911,Customer 00911,51,Female,Chennai,Mass,2021-10-07,50-59
C00912,Customer 00912,60,Female,Jaipur,Mass,2023-03-20,60+
C00913,Customer 00913,57,Male,Delhi,Mass,2024-08-21,50-59
C00914,Customer 00914,56,Female,Hyderabad,Mass,2022-04-11,50-59
C00915,Customer 00915,44,Male,Bengaluru,Affluent,2023-01-07,40-49
C00916,Customer 00916,51,Female,Chennai,Mass,2024-04-12,50-59
C00917,Customer 00917,26,Male,Mumbai,Premium,2023-03-15,21-29
C00918,Customer 00918,22,Male,Mumbai,Affluent,2021-09-23,21-29
C00919,Customer 00919,40,Female,Chennai,Premium,2021-09-04,40-49
C00920,Customer 00920,48,Male,Hyderabad,Affluent,2021-03-19,40-49
C00921,Customer 00921,31,Female,Bengaluru,Mass,2023-05-04,30-39
C00922,Customer 00922,24,Male,Pune,Mass,2021-09-10,21-29
C00923,Customer 00923,35,Male,Chennai,Mass,2022-04-20,30-39
C00924,Customer 00924,26,Female,Mumbai,Mass,2021-06-25,21-29
C00925,Customer 00925,50,Male,Hyderabad,Mass,2024-12-15,50-59
C00926,Customer 00926,58,Male,Pune,Mass,2023-08-29,50-59
C00927,Customer 00927,22,Female,Hyderabad,Premium,2025-05-15,21-29
C00928,Customer 00928,35,Female,Delhi,Mass,2025-01-24,30-39
C00929,Customer 00929,31,Male,Delhi,Affluent,2021-09-11,30-39
C00930,Customer 00930,28,Male,Chennai,Premium,2025-03-24,21-29
C00931,Customer 00931,46,Male,Jaipur,Affluent,2023-06-22,40-49
C00932,Customer 00932,65,Male,Pune,Mass,2021-04-17,60+
C00933,Customer 00933,64,Male,Bengaluru,Mass,2024-04-09,60+
C00934,Customer 00934,25,Female,Hyderabad,Mass,2021-02-27,21-29
C00935,Customer 00935,26,Male,Jaipur,Mass,2024-09-22,21-29
C00936,Customer 00936,46,Male,Bengaluru,Mass,2024-09-27,40-49
C00937,Customer 00937,24,Male,Bhubaneswar,Affluent,2023-07-31,21-29
C00938,Customer 00938,39,Female,Bhubaneswar,Mass,2024-08-06,30-39
C00939,Customer 00939,40,Female,Bengaluru,Mass,2021-03-25,40-49
C00940,Customer 00940,53,Female,Jaipur,Premium,2024-02-15,50-59
C00941,Customer 00941,40,Female,Delhi,Mass,2022-12-13,40-49
C00942,Customer 00942,32,Female,Ahmedabad,Mass,2025-04-07,30-39
C00943,Customer 00943,21,Male,Delhi,Affluent,2024-05-27,21-29
C00944,Customer 00944,46,Male,Hyderabad,Mass,2023-06-20,40-49
C00945,Customer 00945,34,Female,Chennai,Mass,2024-01-31,30-39
C00946,Customer 00946,58,Male,Kolkata,Mass,2022-10-19,50-59
C00947,Customer 00947,57,Female,Bengaluru,Affluent,2022-04-01,50-59
C00948,Customer 00948,31,Female,Chennai,Mass,2022-10-21,30-39
C00949,Customer 00949,56,Female,Mumbai,Mass,2023-02-12,50-59
C00950,Customer 00950,33,Male,Delhi,Mass,2023-03-02,30-39
C00951,Customer 00951,63,Female,Delhi,Mass,2023-05-01,60+
C00952,Customer 00952,23,Female,Hyderabad,Mass,2022-06-10,21-29
C00953,Customer 00953,53,Female,Delhi,Mass,2021-09-23,50-59
C00954,Customer 00954,26,Male,Bengaluru,Mass,2024-08-03,21-29
C00955,Customer 00955,30,Female,Bengaluru,Mass,2021-05-21,30-39
C00956,Customer 00956,25,Male,Bengaluru,Mass,2023-06-14,21-29
C00957,Customer 00957,43,Male,Hyderabad,Mass,2022-02-10,40-49
C00958,Customer 00958,30,Male,Bhubaneswar,Affluent,2021-10-20,30-39
C00959,Customer 00959,64,Male,Bengaluru,Mass,2023-11-21,60+
C00960,Customer 00960,22,Female,Bhubaneswar,Mass,2024-04-09,21-29
C00961,Customer 00961,33,Female,Kolkata,Affluent,2021-12-21,30-39
C00962,Customer 00962,60,Male,Chennai,Affluent,2021-07-24,60+
C00963,Customer 00963,22,Female,Pune,Mass,2025-02-10,21-29
C00964,Customer 00964,40,Male,Ahmedabad,Mass,2023-09-21,40-49
C00965,Customer 00965,21,Male,Bengaluru,Mass,2021-10-18,21-29
C00966,Customer 00966,57,Male,Hyderabad,Mass,2021-04-21,50-59
C00967,Customer 00967,29,Male,Pune,Affluent,2023-12-28,21-29
C00968,Customer 00968,37,Other,Chennai,Mass,2022-01-08,30-39
C00969,Customer 00969,29,Male,Ahmedabad,Affluent,2021-07-15,21-29
C00970,Customer 00970,31,Female,Bengaluru,Mass,2021-05-06,30-39
C00971,Customer 00971,35,Male,Pune,Mass,2021-09-19,30-39
C00972,Customer 00972,44,Female,Hyderabad,Affluent,2023-06-06,40-49
C00973,Customer 00973,58,Female,Delhi,Mass,2023-07-13,50-59
C00974,Customer 00974,55,Male,Delhi,Mass,2021-06-04,50-59
C00975,Customer 00975,50,Female,Chennai,Premium,2025-05-24,50-59
C00976,Customer 00976,51,Female,Jaipur,Affluent,2021-04-18,50-59
C00977,Customer 00977,25,Female,Hyderabad,Affluent,2024-12-17,21-29
C00978,Customer 00978,64,Male,Ahmedabad,Mass,2021-02-04,60+
C00979,Customer 00979,34,Male,Delhi,Mass,2023-12-04,30-39
C00980,Customer 00980,31,Male,Bengaluru,Premium,2022-10-17,30-39
C00981,Customer 00981,29,Female,Bengaluru,Mass,2022-12-24,21-29
C00982,Customer 00982,54,Male,Bengaluru,Affluent,2023-09-25,50-59
C00983,Customer 00983,32,Male,Delhi,Mass,2022-02-20,30-39
C00984,Customer 00984,55,Female,Delhi,Mass,2023-09-27,50-59
C00985,Customer 00985,55,Female,Pune,Premium,2021-10-12,50-59
C00986,Customer 00986,21,Female,Kolkata,Mass,2025-01-10,21-29
C00987,Customer 00987,60,Other,Bengaluru,Mass,2022-06-02,60+
C00988,Customer 00988,42,Male,Mumbai,Mass,2021-01-27,40-49
C00989,Customer 00989,49,Male,Mumbai,Mass,2021-08-15,40-49
C00990,Customer 00990,28,Female,Chennai,Mass,2024-12-19,21-29
C00991,Customer 00991,31,Male,Bengaluru,Mass,2025-05-11,30-39
C00992,Customer 00992,61,Male,Bengaluru,Mass,2024-10-23,60+
C00993,Customer 00993,57,Male,Bhubaneswar,Affluent,2024-08-26,50-59
C00994,Customer 00994,34,Male,Kolkata,Mass,2023-04-28,30-39
C00995,Customer 00995,50,Female,Mumbai,Premium,2024-02-03,50-59
C00996,Customer 00996,55,Female,Delhi,Mass,2021-01-18,50-59
C00997,Customer 00997,41,Male,Delhi,Mass,2024-05-13,40-49
C00998,Customer 00998,57,Male,Kolkata,Mass,2021-02-12,50-59
C00999,Customer 00999,25,Male,Hyderabad,Affluent,2021-03-30,21-29
C01000,Customer 01000,39,Female,Bengaluru,Premium,2022-08-09,30-39
C01001,Customer 01001,34,Male,Kolkata,Affluent,2021-06-06,30-39
C01002,Customer 01002,46,Female,Delhi,Mass,2024-07-13,40-49
C01003,Customer 01003,24,Female,Mumbai,Mass,2021-05-14,21-29
C01004,Customer 01004,45,Male,Delhi,Affluent,2022-04-09,40-49
C01005,Customer 01005,65,Male,Hyderabad,Premium,2025-06-13,60+
C01006,Customer 01006,62,Female,Delhi,Premium,2024-03-01,60+
C01007,Customer 01007,45,Female,Mumbai,Mass,2023-01-11,40-49
C01008,Customer 01008,38,Female,Delhi,Premium,2023-11-24,30-39
C01009,Customer 01009,60,Female,Bengaluru,Mass,2021-03-24,60+
C01010,Customer 01010,28,Male,Kolkata,Mass,2023-07-18,21-29
C01011,Customer 01011,59,Male,Mumbai,Mass,2024-03-01,50-59
C01012,Customer 01012,60,Female,Bengaluru,Mass,2024-12-22,60+
C01013,Customer 01013,34,Male,Pune,Affluent,2023-05-16,30-39
C01014,Customer 01014,52,Male,Kolkata,Affluent,2021-07-23,50-59
C01015,Customer 01015,58,Male,Ahmedabad,Affluent,2024-09-21,50-59
C01016,Customer 01016,53,Female,Hyderabad,Affluent,2023-08-20,50-59
C01017,Customer 01017,43,Male,Mumbai,Mass,2022-05-12,40-49
C01018,Customer 01018,35,Female,Kolkata,Affluent,2022-03-18,30-39
C01019,Customer 01019,53,Female,Pune,Mass,2023-04-08,50-59
C01020,Customer 01020,45,Female,Mumbai,Affluent,2024-07-05,40-49
C01021,Customer 01021,37,Male,Jaipur,Affluent,2024-08-08,30-39
C01022,Customer 01022,53,Female,Bengaluru,Affluent,2024-02-23,50-59
C01023,Customer 01023,22,Female,Bhubaneswar,Mass,2023-05-21,21-29
C01024,Customer 01024,34,Female,Ahmedabad,Affluent,2024-04-13,30-39
C01025,Customer 01025,60,Male,Pune,Mass,2025-02-24,60+
C01026,Customer 01026,60,Male,Jaipur,Mass,2023-05-19,60+
C01027,Customer 01027,59,Female,Pune,Affluent,2021-03-21,50-59
C01028,Customer 01028,26,Male,Mumbai,Mass,2023-03-23,21-29
C01029,Customer 01029,26,Male,Hyderabad,Affluent,2023-07-04,21-29
C01030,Customer 01030,23,Male,Bengaluru,Mass,2024-08-21,21-29
C01031,Customer 01031,27,Female,Delhi,Mass,2025-03-14,21-29
C01032,Customer 01032,28,Male,Kolkata,Affluent,2024-09-29,21-29
C01033,Customer 01033,62,Male,Delhi,Mass,2022-07-24,60+
C01034,Customer 01034,35,Male,Delhi,Mass,2024-01-20,30-39
C01035,Customer 01035,49,Female,Chennai,Mass,2023-05-12,40-49
C01036,Customer 01036,53,Male,Ahmedabad,Mass,2021-06-18,50-59
C01037,Customer 01037,50,Male,Bengaluru,Affluent,2024-09-19,50-59
C01038,Customer 01038,59,Male,Delhi,Mass,2023-10-09,50-59
C01039,Customer 01039,47,Female,Bengaluru,Affluent,2021-08-24,40-49
C01040,Customer 01040,56,Female,Pune,Affluent,2022-02-03,50-59
C01041,Customer 01041,49,Male,Bengaluru,Mass,2022-08-11,40-49
C01042,Customer 01042,58,Male,Pune,Affluent,2023-04-01,50-59
C01043,Customer 01043,53,Female,Mumbai,Mass,2023-10-10,50-59
C01044,Customer 01044,57,Male,Mumbai,Mass,2022-04-22,50-59
C01045,Customer 01045,47,Female,Jaipur,Mass,2025-04-08,40-49
C01046,Customer 01046,53,Male,Bengaluru,Mass,2023-04-25,50-59
C01047,Customer 01047,24,Male,Hyderabad,Affluent,2022-08-08,21-29
C01048,Customer 01048,42,Male,Bengaluru,Affluent,2024-01-17,40-49
C01049,Customer 01049,22,Male,Hyderabad,Mass,2022-09-07,21-29
C01050,Customer 01050,30,Female,Hyderabad,Affluent,2022-08-29,30-39
C01051,Customer 01051,25,Male,Delhi,Affluent,2023-08-19,21-29
C01052,Customer 01052,30,Female,Bengaluru,Mass,2023-02-17,30-39
C01053,Customer 01053,53,Male,Delhi,Affluent,2024-06-30,50-59
C01054,Customer 01054,58,Male,Pune,Mass,2021-12-24,50-59
C01055,Customer 01055,33,Male,Kolkata,Affluent,2023-12-18,30-39
C01056,Customer 01056,51,Female,Hyderabad,Mass,2024-11-23,50-59
C01057,Customer 01057,56,Male,Chennai,Affluent,2022-06-05,50-59
C01058,Customer 01058,65,Female,Mumbai,Mass,2022-06-09,60+
C01059,Customer 01059,44,Female,Mumbai,Mass,2024-12-11,40-49
C01060,Customer 01060,35,Male,Mumbai,Mass,2022-01-28,30-39
C01061,Customer 01061,49,Male,Mumbai,Mass,2024-05-30,40-49
C01062,Customer 01062,28,Male,Mumbai,Affluent,2024-09-14,21-29
C01063,Customer 01063,25,Female,Hyderabad,Mass,2024-10-27,21-29
C01064,Customer 01064,49,Female,Chennai,Affluent,2025-03-15,40-49
C01065,Customer 01065,24,Male,Bhubaneswar,Affluent,2021-06-02,21-29
C01066,Customer 01066,32,Male,Mumbai,Affluent,2023-06-12,30-39
C01067,Customer 01067,65,Female,Pune,Mass,2023-09-11,60+
C01068,Customer 01068,22,Male,Ahmedabad,Premium,2022-04-25,21-29
C01069,Customer 01069,47,Male,Chennai,Affluent,2022-08-06,40-49
C01070,Customer 01070,51,Male,Mumbai,Affluent,2023-05-07,50-59
C01071,Customer 01071,56,Female,Mumbai,Mass,2021-01-20,50-59
C01072,Customer 01072,56,Male,Bengaluru,Mass,2022-08-16,50-59
C01073,Customer 01073,46,Male,Delhi,Mass,2021-08-16,40-49
C01074,Customer 01074,63,Male,Kolkata,Mass,2024-10-01,60+
C01075,Customer 01075,47,Female,Bengaluru,Mass,2021-01-19,40-49
C01076,Customer 01076,25,Male,Mumbai,Mass,2022-03-20,21-29
C01077,Customer 01077,40,Male,Pune,Affluent,2022-01-03,40-49
C01078,Customer 01078,31,Male,Kolkata,Mass,2023-06-18,30-39
C01079,Customer 01079,30,Female,Hyderabad,Mass,2023-06-08,30-39
C01080,Customer 01080,60,Male,Pune,Affluent,2022-12-27,60+
C01081,Customer 01081,58,Male,Delhi,Mass,2021-05-27,50-59
C01082,Customer 01082,26,Female,Bengaluru,Affluent,2025-03-08,21-29
C01083,Customer 01083,28,Female,Delhi,Mass,2022-03-06,21-29
C01084,Customer 01084,43,Male,Chennai,Mass,2023-04-28,40-49
C01085,Customer 01085,46,Female,Bhubaneswar,Mass,2025-01-03,40-49
C01086,Customer 01086,63,Male,Bengaluru,Affluent,2021-07-17,60+
C01087,Customer 01087,32,Male,Hyderabad,Mass,2023-09-24,30-39
C01088,Customer 01088,46,Male,Delhi,Affluent,2024-08-03,40-49
C01089,Customer 01089,33,Female,Hyderabad,Mass,2022-07-19,30-39
C01090,Customer 01090,60,Female,Bengaluru,Mass,2022-01-04,60+
C01091,Customer 01091,38,Male,Delhi,Affluent,2024-06-17,30-39
C01092,Customer 01092,45,Female,Ahmedabad,Mass,2023-03-13,40-49
C01093,Customer 01093,53,Male,Chennai,Affluent,2024-08-03,50-59
C01094,Customer 01094,60,Female,Hyderabad,Mass,2022-12-01,60+
C01095,Customer 01095,63,Female,Mumbai,Mass,2024-11-19,60+
C01096,Customer 01096,32,Female,Mumbai,Affluent,2023-09-23,30-39
C01097,Customer 01097,64,Male,Delhi,Premium,2022-06-02,60+
C01098,Customer 01098,56,Other,Ahmedabad,Mass,2023-02-14,50-59
C01099,Customer 01099,24,Female,Bhubaneswar,Affluent,2022-07-15,21-29
C01100,Customer 01100,25,Female,Hyderabad,Mass,2021-03-01,21-29
C01101,Customer 01101,57,Female,Delhi,Affluent,2022-06-29,50-59
C01102,Customer 01102,28,Male,Ahmedabad,Affluent,2023-10-14,21-29
C01103,Customer 01103,62,Female,Delhi,Mass,2021-10-30,60+
C01104,Customer 01104,48,Male,Chennai,Mass,2024-06-21,40-49
C01105,Customer 01105,51,Male,Mumbai,Mass,2024-05-15,50-59
C01106,Customer 01106,29,Male,Kolkata,Mass,2024-10-30,21-29
C01107,Customer 01107,49,Female,Hyderabad,Mass,2021-10-10,40-49
C01108,Customer 01108,34,Other,Kolkata,Affluent,2022-04-23,30-39
C01109,Customer 01109,60,Female,Kolkata,Premium,2023-11-12,60+
C01110,Customer 01110,61,Female,Mumbai,Mass,2022-07-13,60+
C01111,Customer 01111,42,Male,Pune,Mass,2021-12-15,40-49
C01112,Customer 01112,31,Male,Kolkata,Mass,2025-02-21,30-39
C01113,Customer 01113,43,Female,Delhi,Premium,2022-11-01,40-49
C01114,Customer 01114,21,Female,Mumbai,Mass,2021-09-15,21-29
C01115,Customer 01115,57,Male,Bengaluru,Mass,2022-10-17,50-59
C01116,Customer 01116,41,Female,Hyderabad,Mass,2023-12-07,40-49
C01117,Customer 01117,46,Male,Delhi,Mass,2023-11-17,40-49
C01118,Customer 01118,56,Male,Chennai,Mass,2023-11-17,50-59
C01119,Customer 01119,43,Female,Mumbai,Mass,2024-11-21,40-49
C01120,Customer 01120,21,Female,Ahmedabad,Mass,2021-05-25,21-29
C01121,Customer 01121,60,Female,Mumbai,Mass,2022-08-10,60+
C01122,Customer 01122,35,Male,Mumbai,Mass,2022-06-06,30-39
C01123,Customer 01123,41,Male,Hyderabad,Mass,2024-02-19,40-49
C01124,Customer 01124,29,Female,Hyderabad,Mass,2023-03-12,21-29
C01125,Customer 01125,29,Male,Mumbai,Premium,2025-01-25,21-29
C01126,Customer 01126,30,Other,Mumbai,Affluent,2022-01-17,30-39
C01127,Customer 01127,46,Female,Mumbai,Mass,2023-02-15,40-49
C01128,Customer 01128,61,Male,Pune,Mass,2022-11-04,60+
C01129,Customer 01129,55,Female,Kolkata,Mass,2024-12-12,50-59
C01130,Customer 01130,45,Female,Hyderabad,Mass,2021-11-23,40-49
C01131,Customer 01131,46,Female,Pune,Mass,2024-11-15,40-49
C01132,Customer 01132,31,Female,Kolkata,Mass,2024-08-13,30-39
C01133,Customer 01133,58,Female,Bengaluru,Premium,2022-09-22,50-59
C01134,Customer 01134,22,Female,Bhubaneswar,Affluent,2021-03-25,21-29
C01135,Customer 01135,27,Male,Ahmedabad,Mass,2021-05-26,21-29
C01136,Customer 01136,38,Male,Mumbai,Mass,2024-04-09,30-39
C01137,Customer 01137,47,Male,Mumbai,Premium,2024-09-19,40-49
C01138,Customer 01138,54,Female,Bengaluru,Premium,2022-02-28,50-59
C01139,Customer 01139,47,Female,Bengaluru,Premium,2024-08-25,40-49
C01140,Customer 01140,37,Female,Kolkata,Mass,2025-03-30,30-39
C01141,Customer 01141,63,Male,Hyderabad,Mass,2022-10-23,60+
C01142,Customer 01142,64,Male,Kolkata,Affluent,2023-02-02,60+
C01143,Customer 01143,44,Female,Kolkata,Mass,2022-07-23,40-49
C01144,Customer 01144,45,Female,Chennai,Mass,2021-12-13,40-49
C01145,Customer 01145,27,Male,Pune,Mass,2024-08-18,21-29
C01146,Customer 01146,26,Female,Bengaluru,Affluent,2021-12-13,21-29
C01147,Customer 01147,44,Female,Delhi,Affluent,2022-02-12,40-49
C01148,Customer 01148,53,Male,Chennai,Mass,2021-05-13,50-59
C01149,Customer 01149,49,Male,Bengaluru,Affluent,2022-09-06,40-49
C01150,Customer 01150,63,Female,Bengaluru,Mass,2023-09-15,60+
C01151,Customer 01151,42,Female,Ahmedabad,Affluent,2021-04-16,40-49
C01152,Customer 01152,46,Other,Pune,Mass,2021-06-20,40-49
C01153,Customer 01153,48,Female,Mumbai,Mass,2022-10-02,40-49
C01154,Customer 01154,41,Female,Pune,Mass,2024-06-27,40-49
C01155,Customer 01155,27,Female,Kolkata,Mass,2025-04-17,21-29
C01156,Customer 01156,37,Female,Delhi,Mass,2021-09-19,30-39
C01157,Customer 01157,40,Female,Bengaluru,Mass,2022-05-09,40-49
C01158,Customer 01158,61,Male,Jaipur,Premium,2024-06-21,60+
C01159,Customer 01159,40,Female,Delhi,Mass,2025-01-14,40-49
C01160,Customer 01160,42,Female,Bengaluru,Mass,2023-06-22,40-49
C01161,Customer 01161,48,Male,Hyderabad,Mass,2021-10-17,40-49
C01162,Customer 01162,60,Male,Kolkata,Mass,2024-07-10,60+
C01163,Customer 01163,27,Male,Mumbai,Mass,2024-08-30,21-29
C01164,Customer 01164,21,Male,Mumbai,Affluent,2021-03-26,21-29
C01165,Customer 01165,52,Female,Mumbai,Mass,2024-12-09,50-59
C01166,Customer 01166,33,Male,Bhubaneswar,Mass,2024-09-14,30-39
C01167,Customer 01167,50,Female,Mumbai,Affluent,2021-02-14,50-59
C01168,Customer 01168,43,Other,Chennai,Mass,2023-03-26,40-49
C01169,Customer 01169,39,Male,Jaipur,Mass,2021-11-29,30-39
C01170,Customer 01170,52,Other,Bengaluru,Affluent,2022-04-10,50-59
C01171,Customer 01171,50,Male,Bhubaneswar,Mass,2021-07-19,50-59
C01172,Customer 01172,49,Female,Bhubaneswar,Mass,2024-05-09,40-49
C01173,Customer 01173,65,Male,Jaipur,Premium,2021-11-25,60+
C01174,Customer 01174,49,Other,Mumbai,Mass,2021-08-28,40-49
C01175,Customer 01175,50,Male,Chennai,Mass,2023-03-09,50-59
C01176,Customer 01176,36,Female,Kolkata,Premium,2022-12-03,30-39
C01177,Customer 01177,60,Male,Bhubaneswar,Mass,2022-08-06,60+
C01178,Customer 01178,39,Female,Mumbai,Mass,2022-10-19,30-39
C01179,Customer 01179,38,Female,Kolkata,Affluent,2024-10-14,30-39
C01180,Customer 01180,21,Female,Delhi,Affluent,2022-12-22,21-29
C01181,Customer 01181,34,Female,Mumbai,Mass,2021-12-26,30-39
C01182,Customer 01182,22,Male,Delhi,Mass,2024-11-02,21-29
C01183,Customer 01183,48,Female,Kolkata,Affluent,2022-01-20,40-49
C01184,Customer 01184,50,Male,Hyderabad,Affluent,2025-01-28,50-59
C01185,Customer 01185,58,Female,Hyderabad,Mass,2024-05-30,50-59
C01186,Customer 01186,24,Female,Bhubaneswar,Mass,2023-03-10,21-29
C01187,Customer 01187,21,Female,Delhi,Mass,2021-12-31,21-29
C01188,Customer 01188,28,Female,Chennai,Affluent,2021-03-13,21-29
C01189,Customer 01189,49,Female,Delhi,Affluent,2024-06-17,40-49
C01190,Customer 01190,59,Female,Delhi,Premium,2022-05-19,50-59
C01191,Customer 01191,23,Male,Pune,Affluent,2024-12-08,21-29
C01192,Customer 01192,52,Female,Jaipur,Mass,2021-05-07,50-59
C01193,Customer 01193,30,Female,Chennai,Mass,2025-02-19,30-39
C01194,Customer 01194,30,Female,Kolkata,Affluent,2025-06-09,30-39
C01195,Customer 01195,39,Male,Bengaluru,Affluent,2025-03-31,30-39
C01196,Customer 01196,54,Male,Mumbai,Mass,2024-06-25,50-59
C01197,Customer 01197,53,Male,Hyderabad,Mass,2022-04-27,50-59
C01198,Customer 01198,43,Female,Bengaluru,Premium,2024-08-28,40-49
C01199,Customer 01199,48,Female,Mumbai,Mass,2025-01-07,40-49
C01200,Customer 01200,52,Male,Hyderabad,Mass,2021-10-10,50-59
C01201,Customer 01201,27,Female,Bengaluru,Affluent,2023-10-23,21-29
C01202,Customer 01202,49,Female,Mumbai,Affluent,2021-03-15,40-49
C01203,Customer 01203,28,Female,Hyderabad,Mass,2023-12-24,21-29
C01204,Customer 01204,21,Female,Chennai,Affluent,2023-02-12,21-29
C01205,Customer 01205,23,Female,Jaipur,Mass,2021-12-13,21-29
C01206,Customer 01206,44,Male,Pune,Mass,2021-11-20,40-49
C01207,Customer 01207,43,Female,Delhi,Mass,2021-08-27,40-49
C01208,Customer 01208,28,Male,Jaipur,Affluent,2024-11-21,21-29
C01209,Customer 01209,57,Female,Kolkata,Premium,2021-12-03,50-59
C01210,Customer 01210,23,Female,Mumbai,Affluent,2021-12-07,21-29
C01211,Customer 01211,53,Male,Bengaluru,Premium,2024-07-26,50-59
C01212,Customer 01212,48,Female,Pune,Mass,2024-10-08,40-49
C01213,Customer 01213,28,Male,Chennai,Mass,2023-08-04,21-29
C01214,Customer 01214,54,Male,Kolkata,Mass,2023-06-11,50-59
C01215,Customer 01215,55,Female,Kolkata,Mass,2025-01-26,50-59
C01216,Customer 01216,52,Male,Chennai,Affluent,2022-04-07,50-59
C01217,Customer 01217,44,Female,Bhubaneswar,Affluent,2024-08-09,40-49
C01218,Customer 01218,34,Male,Hyderabad,Premium,2023-03-09,30-39
C01219,Customer 01219,52,Female,Bengaluru,Mass,2023-01-03,50-59
C01220,Customer 01220,63,Male,Ahmedabad,Mass,2024-12-01,60+
C01221,Customer 01221,36,Female,Mumbai,Mass,2021-06-11,30-39
C01222,Customer 01222,24,Male,Kolkata,Mass,2025-03-07,21-29
C01223,Customer 01223,57,Male,Bhubaneswar,Mass,2022-03-24,50-59
C01224,Customer 01224,41,Male,Pune,Mass,2025-01-18,40-49
C01225,Customer 01225,34,Male,Chennai,Mass,2021-09-22,30-39
C01226,Customer 01226,51,Male,Hyderabad,Mass,2023-10-07,50-59
C01227,Customer 01227,38,Male,Delhi,Mass,2021-05-12,30-39
C01228,Customer 01228,27,Female,Delhi,Mass,2021-04-30,21-29
C01229,Customer 01229,30,Female,Chennai,Mass,2024-05-27,30-39
C01230,Customer 01230,27,Female,Kolkata,Mass,2024-12-11,21-29
C01231,Customer 01231,53,Female,Pune,Mass,2022-11-03,50-59
C01232,Customer 01232,43,Female,Mumbai,Mass,2022-05-20,40-49
C01233,Customer 01233,41,Male,Hyderabad,Mass,2024-08-16,40-49
C01234,Customer 01234,39,Female,Kolkata,Mass,2021-04-19,30-39
C01235,Customer 01235,39,Male,Hyderabad,Mass,2024-06-15,30-39
C01236,Customer 01236,56,Female,Hyderabad,Affluent,2021-10-20,50-59
C01237,Customer 01237,49,Female,Kolkata,Affluent,2023-09-15,40-49
C01238,Customer 01238,38,Male,Pune,Affluent,2025-05-22,30-39
C01239,Customer 01239,22,Male,Delhi,Mass,2023-04-08,21-29
C01240,Customer 01240,21,Male,Jaipur,Mass,2021-07-06,21-29
C01241,Customer 01241,25,Male,Mumbai,Affluent,2023-11-26,21-29
C01242,Customer 01242,40,Female,Bhubaneswar,Mass,2025-05-04,40-49
C01243,Customer 01243,31,Male,Bengaluru,Affluent,2021-09-13,30-39
C01244,Customer 01244,62,Female,Bengaluru,Mass,2024-12-29,60+
C01245,Customer 01245,22,Female,Jaipur,Mass,2023-10-29,21-29
C01246,Customer 01246,23,Female,Mumbai,Affluent,2023-01-18,21-29
C01247,Customer 01247,43,Female,Pune,Mass,2024-04-16,40-49
C01248,Customer 01248,32,Female,Ahmedabad,Mass,2024-06-19,30-39
C01249,Customer 01249,40,Male,Ahmedabad,Mass,2021-02-10,40-49
C01250,Customer 01250,25,Male,Bhubaneswar,Mass,2024-10-12,21-29
C01251,Customer 01251,57,Female,Mumbai,Mass,2023-01-27,50-59
C01252,Customer 01252,58,Female,Pune,Mass,2021-04-23,50-59
C01253,Customer 01253,50,Female,Bengaluru,Affluent,2023-02-07,50-59
C01254,Customer 01254,29,Female,Delhi,Affluent,2024-04-04,21-29
C01255,Customer 01255,54,Male,Ahmedabad,Mass,2025-03-08,50-59
C01256,Customer 01256,64,Female,Delhi,Premium,2023-05-04,60+
C01257,Customer 01257,55,Male,Chennai,Mass,2021-03-19,50-59
C01258,Customer 01258,42,Female,Hyderabad,Mass,2022-12-20,40-49
C01259,Customer 01259,64,Other,Pune,Affluent,2023-05-28,60+
C01260,Customer 01260,44,Female,Bhubaneswar,Affluent,2024-05-04,40-49
C01261,Customer 01261,37,Male,Bengaluru,Affluent,2022-02-06,30-39
C01262,Customer 01262,30,Female,Chennai,Mass,2023-04-13,30-39
C01263,Customer 01263,50,Male,Ahmedabad,Mass,2021-03-05,50-59
C01264,Customer 01264,43,Female,Hyderabad,Affluent,2022-10-14,40-49
C01265,Customer 01265,52,Female,Bengaluru,Mass,2023-06-05,50-59
C01266,Customer 01266,37,Male,Chennai,Affluent,2024-12-19,30-39
C01267,Customer 01267,37,Male,Delhi,Mass,2023-12-02,30-39
C01268,Customer 01268,34,Male,Bengaluru,Affluent,2022-01-08,30-39
C01269,Customer 01269,29,Male,Ahmedabad,Mass,2021-11-02,21-29
C01270,Customer 01270,60,Male,Hyderabad,Mass,2021-07-28,60+
C01271,Customer 01271,22,Female,Jaipur,Mass,2022-04-12,21-29
C01272,Customer 01272,65,Female,Kolkata,Affluent,2023-07-21,60+
C01273,Customer 01273,45,Female,Pune,Affluent,2024-08-20,40-49
C01274,Customer 01274,59,Male,Bengaluru,Mass,2025-05-28,50-59
C01275,Customer 01275,29,Female,Delhi,Affluent,2024-11-16,21-29
C01276,Customer 01276,42,Female,Mumbai,Mass,2024-03-22,40-49
C01277,Customer 01277,63,Male,Jaipur,Mass,2022-10-09,60+
C01278,Customer 01278,24,Male,Mumbai,Mass,2021-12-28,21-29
C01279,Customer 01279,46,Female,Mumbai,Mass,2024-07-11,40-49
C01280,Customer 01280,49,Female,Hyderabad,Mass,2024-05-24,40-49
C01281,Customer 01281,65,Female,Mumbai,Mass,2022-12-22,60+
C01282,Customer 01282,54,Female,Mumbai,Affluent,2022-12-17,50-59
C01283,Customer 01283,43,Female,Chennai,Affluent,2022-06-27,40-49
C01284,Customer 01284,57,Male,Bengaluru,Mass,2025-03-28,50-59
C01285,Customer 01285,31,Male,Bengaluru,Mass,2021-07-13,30-39
C01286,Customer 01286,26,Male,Delhi,Premium,2022-10-14,21-29
C01287,Customer 01287,38,Female,Pune,Affluent,2023-11-17,30-39
C01288,Customer 01288,41,Male,Chennai,Mass,2023-12-06,40-49
C01289,Customer 01289,62,Female,Delhi,Affluent,2022-10-09,60+
C01290,Customer 01290,56,Female,Chennai,Mass,2023-08-12,50-59
C01291,Customer 01291,61,Male,Delhi,Mass,2023-12-18,60+
C01292,Customer 01292,58,Female,Jaipur,Mass,2023-11-03,50-59
C01293,Customer 01293,54,Female,Bengaluru,Mass,2023-08-07,50-59
C01294,Customer 01294,37,Male,Pune,Affluent,2025-06-24,30-39
C01295,Customer 01295,57,Female,Jaipur,Mass,2023-08-19,50-59
C01296,Customer 01296,45,Male,Kolkata,Mass,2021-02-18,40-49
C01297,Customer 01297,58,Female,Mumbai,Premium,2023-03-14,50-59
C01298,Customer 01298,32,Male,Mumbai,Premium,2024-01-23,30-39
C01299,Customer 01299,43,Female,Pune,Affluent,2022-08-30,40-49
C01300,Customer 01300,62,Female,Bengaluru,Mass,2025-05-27,60+
C01301,Customer 01301,42,Male,Ahmedabad,Mass,2025-01-14,40-49
C01302,Customer 01302,41,Female,Pune,Affluent,2024-11-03,40-49
C01303,Customer 01303,47,Female,Pune,Mass,2021-01-10,40-49
C01304,Customer 01304,51,Female,Bengaluru,Mass,2022-11-05,50-59
C01305,Customer 01305,26,Female,Pune,Mass,2022-12-27,21-29
C01306,Customer 01306,47,Female,Pune,Mass,2022-05-31,40-49
C01307,Customer 01307,60,Female,Ahmedabad,Mass,2021-08-12,60+
C01308,Customer 01308,54,Male,Bengaluru,Mass,2024-11-05,50-59
C01309,Customer 01309,32,Female,Bengaluru,Mass,2025-04-14,30-39
C01310,Customer 01310,65,Male,Delhi,Mass,2024-08-18,60+
C01311,Customer 01311,27,Female,Bengaluru,Mass,2021-07-22,21-29
C01312,Customer 01312,30,Female,Chennai,Mass,2023-07-31,30-39
C01313,Customer 01313,65,Male,Jaipur,Affluent,2022-08-12,60+
C01314,Customer 01314,37,Female,Delhi,Affluent,2022-07-25,30-39
C01315,Customer 01315,46,Male,Ahmedabad,Mass,2023-08-15,40-49
C01316,Customer 01316,41,Female,Bengaluru,Mass,2021-07-15,40-49
C01317,Customer 01317,48,Male,Mumbai,Mass,2024-09-07,40-49
C01318,Customer 01318,22,Male,Bengaluru,Mass,2022-02-22,21-29
C01319,Customer 01319,63,Male,Delhi,Mass,2024-09-27,60+
C01320,Customer 01320,21,Male,Jaipur,Mass,2024-11-13,21-29
C01321,Customer 01321,56,Male,Bengaluru,Affluent,2021-01-09,50-59
C01322,Customer 01322,46,Female,Chennai,Mass,2022-06-16,40-49
C01323,Customer 01323,49,Female,Hyderabad,Mass,2021-05-29,40-49
C01324,Customer 01324,41,Male,Jaipur,Mass,2022-01-18,40-49
C01325,Customer 01325,31,Female,Bengaluru,Affluent,2025-04-02,30-39
C01326,Customer 01326,60,Female,Mumbai,Mass,2023-11-02,60+
C01327,Customer 01327,31,Male,Bengaluru,Affluent,2022-04-21,30-39
C01328,Customer 01328,56,Female,Hyderabad,Mass,2025-06-06,50-59
C01329,Customer 01329,59,Male,Mumbai,Affluent,2022-08-02,50-59
C01330,Customer 01330,60,Male,Ahmedabad,Premium,2023-12-13,60+
C01331,Customer 01331,55,Male,Chennai,Premium,2024-12-30,50-59
C01332,Customer 01332,54,Male,Chennai,Mass,2021-07-25,50-59
C01333,Customer 01333,44,Female,Hyderabad,Mass,2023-09-13,40-49
C01334,Customer 01334,42,Female,Bengaluru,Mass,2023-07-04,40-49
C01335,Customer 01335,25,Female,Hyderabad,Premium,2023-01-15,21-29
C01336,Customer 01336,53,Female,Bhubaneswar,Mass,2023-07-02,50-59
C01337,Customer 01337,56,Male,Ahmedabad,Mass,2021-02-23,50-59
C01338,Customer 01338,40,Male,Jaipur,Mass,2023-09-29,40-49
C01339,Customer 01339,39,Female,Ahmedabad,Mass,2025-05-23,30-39
C01340,Customer 01340,55,Female,Bengaluru,Mass,2025-02-22,50-59
C01341,Customer 01341,63,Male,Mumbai,Mass,2021-12-10,60+
C01342,Customer 01342,37,Female,Bengaluru,Mass,2024-04-07,30-39
C01343,Customer 01343,65,Male,Delhi,Mass,2024-03-30,60+
C01344,Customer 01344,63,Female,Bengaluru,Premium,2025-03-31,60+
C01345,Customer 01345,54,Male,Hyderabad,Affluent,2022-12-04,50-59
C01346,Customer 01346,29,Male,Pune,Affluent,2022-06-11,21-29
C01347,Customer 01347,46,Male,Ahmedabad,Mass,2024-08-03,40-49
C01348,Customer 01348,22,Male,Kolkata,Affluent,2022-02-16,21-29
C01349,Customer 01349,29,Female,Jaipur,Mass,2025-03-26,21-29
C01350,Customer 01350,29,Female,Bengaluru,Mass,2022-07-23,21-29
C01351,Customer 01351,60,Male,Bengaluru,Mass,2021-07-18,60+
C01352,Customer 01352,37,Female,Pune,Mass,2024-03-30,30-39
C01353,Customer 01353,21,Male,Mumbai,Mass,2023-02-14,21-29
C01354,Customer 01354,45,Male,Mumbai,Premium,2022-01-24,40-49
C01355,Customer 01355,63,Male,Delhi,Mass,2022-04-19,60+
C01356,Customer 01356,60,Male,Mumbai,Mass,2024-11-05,60+
C01357,Customer 01357,62,Male,Hyderabad,Mass,2023-02-04,60+
C01358,Customer 01358,45,Male,Hyderabad,Mass,2022-08-15,40-49
C01359,Customer 01359,59,Female,Hyderabad,Mass,2024-02-22,50-59
C01360,Customer 01360,55,Female,Pune,Mass,2024-01-01,50-59
C01361,Customer 01361,23,Female,Delhi,Affluent,2023-09-09,21-29
C01362,Customer 01362,57,Male,Mumbai,Mass,2023-09-21,50-59
C01363,Customer 01363,64,Female,Mumbai,Mass,2021-06-17,60+
C01364,Customer 01364,64,Male,Delhi,Affluent,2021-10-11,60+
C01365,Customer 01365,50,Female,Kolkata,Affluent,2025-02-26,50-59
C01366,Customer 01366,58,Male,Kolkata,Affluent,2023-11-26,50-59
C01367,Customer 01367,54,Female,Pune,Mass,2023-04-04,50-59
C01368,Customer 01368,32,Male,Mumbai,Mass,2024-04-13,30-39
C01369,Customer 01369,39,Male,Chennai,Mass,2024-05-07,30-39
C01370,Customer 01370,57,Female,Chennai,Affluent,2024-02-14,50-59
C01371,Customer 01371,64,Female,Hyderabad,Affluent,2024-08-31,60+
C01372,Customer 01372,37,Male,Chennai,Mass,2024-05-28,30-39
C01373,Customer 01373,30,Male,Hyderabad,Mass,2023-06-10,30-39
C01374,Customer 01374,32,Female,Chennai,Affluent,2025-05-21,30-39
C01375,Customer 01375,36,Male,Pune,Mass,2021-05-14,30-39
C01376,Customer 01376,44,Male,Bengaluru,Mass,2021-05-02,40-49
C01377,Customer 01377,39,Male,Kolkata,Mass,2023-04-13,30-39
C01378,Customer 01378,28,Female,Bengaluru,Mass,2023-10-19,21-29
C01379,Customer 01379,51,Male,Bengaluru,Premium,2024-12-15,50-59
C01380,Customer 01380,41,Male,Bhubaneswar,Mass,2023-06-14,40-49
C01381,Customer 01381,37,Male,Bhubaneswar,Mass,2025-02-24,30-39
C01382,Customer 01382,43,Male,Bengaluru,Mass,2025-06-11,40-49
C01383,Customer 01383,57,Female,Hyderabad,Mass,2021-10-16,50-59
C01384,Customer 01384,36,Female,Mumbai,Mass,2023-12-13,30-39
C01385,Customer 01385,26,Female,Hyderabad,Mass,2024-05-13,21-29
C01386,Customer 01386,28,Female,Ahmedabad,Mass,2024-10-03,21-29
C01387,Customer 01387,45,Female,Bhubaneswar,Affluent,2023-12-11,40-49
C01388,Customer 01388,38,Female,Chennai,Affluent,2023-04-19,30-39
C01389,Customer 01389,45,Other,Delhi,Mass,2023-07-01,40-49
C01390,Customer 01390,32,Female,Chennai,Mass,2021-02-09,30-39
C01391,Customer 01391,35,Male,Delhi,Premium,2021-09-07,30-39
C01392,Customer 01392,46,Male,Jaipur,Mass,2021-08-06,40-49
C01393,Customer 01393,61,Male,Ahmedabad,Affluent,2021-06-28,60+
C01394,Customer 01394,65,Female,Chennai,Mass,2025-04-24,60+
C01395,Customer 01395,46,Male,Delhi,Affluent,2021-07-02,40-49
C01396,Customer 01396,52,Male,Mumbai,Affluent,2024-04-02,50-59
C01397,Customer 01397,30,Male,Bengaluru,Affluent,2024-11-01,30-39
C01398,Customer 01398,36,Male,Ahmedabad,Affluent,2022-12-06,30-39
C01399,Customer 01399,27,Other,Hyderabad,Premium,2022-05-12,21-29
C01400,Customer 01400,37,Male,Delhi,Mass,2022-08-20,30-39
C01401,Customer 01401,43,Female,Hyderabad,Mass,2022-04-06,40-49
C01402,Customer 01402,46,Male,Ahmedabad,Mass,2022-04-19,40-49
C01403,Customer 01403,41,Female,Bengaluru,Affluent,2022-11-16,40-49
C01404,Customer 01404,42,Male,Ahmedabad,Affluent,2023-11-27,40-49
C01405,Customer 01405,27,Female,Jaipur,Mass,2025-06-11,21-29
C01406,Customer 01406,34,Female,Bhubaneswar,Mass,2021-11-15,30-39
C01407,Customer 01407,35,Male,Delhi,Affluent,2025-04-28,30-39
C01408,Customer 01408,27,Male,Mumbai,Mass,2024-12-06,21-29
C01409,Customer 01409,29,Female,Delhi,Mass,2021-12-22,21-29
C01410,Customer 01410,28,Male,Delhi,Affluent,2022-09-09,21-29
C01411,Customer 01411,43,Male,Mumbai,Mass,2021-08-17,40-49
C01412,Customer 01412,49,Female,Chennai,Mass,2022-12-30,40-49
C01413,Customer 01413,38,Male,Hyderabad,Mass,2024-07-11,30-39
C01414,Customer 01414,51,Female,Ahmedabad,Mass,2025-02-19,50-59
C01415,Customer 01415,50,Male,Bengaluru,Mass,2022-07-15,50-59
C01416,Customer 01416,59,Male,Pune,Mass,2024-10-07,50-59
C01417,Customer 01417,55,Female,Kolkata,Mass,2025-01-05,50-59
C01418,Customer 01418,38,Female,Kolkata,Mass,2022-09-27,30-39
C01419,Customer 01419,62,Female,Jaipur,Mass,2022-04-04,60+
C01420,Customer 01420,59,Male,Pune,Mass,2021-01-25,50-59
C01421,Customer 01421,37,Male,Jaipur,Premium,2024-02-29,30-39
C01422,Customer 01422,34,Male,Delhi,Mass,2022-01-05,30-39
C01423,Customer 01423,51,Female,Hyderabad,Affluent,2024-12-30,50-59
C01424,Customer 01424,44,Female,Bengaluru,Affluent,2024-06-01,40-49
C01425,Customer 01425,55,Female,Bengaluru,Mass,2023-10-09,50-59
C01426,Customer 01426,64,Female,Mumbai,Affluent,2022-09-03,60+
C01427,Customer 01427,65,Male,Bengaluru,Mass,2024-10-07,60+
C01428,Customer 01428,54,Male,Mumbai,Affluent,2025-02-17,50-59
C01429,Customer 01429,23,Male,Mumbai,Mass,2024-05-05,21-29
C01430,Customer 01430,57,Female,Bengaluru,Affluent,2021-04-19,50-59
C01431,Customer 01431,63,Male,Jaipur,Mass,2024-05-28,60+
C01432,Customer 01432,60,Male,Bengaluru,Affluent,2022-12-21,60+
C01433,Customer 01433,46,Male,Kolkata,Mass,2024-09-04,40-49
C01434,Customer 01434,43,Male,Bengaluru,Affluent,2024-01-11,40-49
C01435,Customer 01435,64,Female,Jaipur,Mass,2025-04-10,60+
C01436,Customer 01436,59,Female,Jaipur,Affluent,2022-03-08,50-59
C01437,Customer 01437,35,Male,Pune,Mass,2023-10-29,30-39
C01438,Customer 01438,24,Female,Pune,Mass,2022-09-28,21-29
C01439,Customer 01439,49,Female,Bengaluru,Affluent,2024-03-18,40-49
C01440,Customer 01440,42,Male,Bhubaneswar,Premium,2024-01-27,40-49
C01441,Customer 01441,45,Male,Ahmedabad,Mass,2024-01-30,40-49
C01442,Customer 01442,33,Male,Jaipur,Premium,2022-01-02,30-39
C01443,Customer 01443,38,Female,Pune,Mass,2025-01-25,30-39
C01444,Customer 01444,53,Female,Delhi,Affluent,2023-07-14,50-59
C01445,Customer 01445,36,Male,Jaipur,Mass,2022-02-18,30-39
C01446,Customer 01446,65,Male,Mumbai,Mass,2024-07-06,60+
C01447,Customer 01447,62,Male,Chennai,Affluent,2021-12-22,60+
C01448,Customer 01448,64,Male,Bengaluru,Mass,2021-01-11,60+
C01449,Customer 01449,22,Male,Jaipur,Mass,2024-12-10,21-29
C01450,Customer 01450,55,Male,Bengaluru,Mass,2025-05-14,50-59
C01451,Customer 01451,62,Female,Mumbai,Mass,2024-06-27,60+
C01452,Customer 01452,54,Male,Chennai,Affluent,2025-04-23,50-59
C01453,Customer 01453,50,Male,Kolkata,Affluent,2024-02-20,50-59
C01454,Customer 01454,33,Male,Chennai,Mass,2021-03-06,30-39
C01455,Customer 01455,33,Male,Mumbai,Mass,2024-08-18,30-39
C01456,Customer 01456,38,Male,Bengaluru,Mass,2021-05-05,30-39
C01457,Customer 01457,52,Female,Kolkata,Mass,2021-11-08,50-59
C01458,Customer 01458,52,Male,Bhubaneswar,Mass,2024-04-29,50-59
C01459,Customer 01459,55,Female,Kolkata,Affluent,2023-02-14,50-59
C01460,Customer 01460,59,Male,Hyderabad,Affluent,2023-09-29,50-59
C01461,Customer 01461,49,Female,Jaipur,Mass,2023-05-23,40-49
C01462,Customer 01462,49,Female,Delhi,Affluent,2025-01-13,40-49
C01463,Customer 01463,64,Female,Hyderabad,Mass,2022-11-25,60+
C01464,Customer 01464,36,Male,Hyderabad,Affluent,2024-03-28,30-39
C01465,Customer 01465,64,Female,Hyderabad,Mass,2024-10-08,60+
C01466,Customer 01466,30,Female,Kolkata,Affluent,2023-09-17,30-39
C01467,Customer 01467,50,Male,Hyderabad,Mass,2023-03-10,50-59
C01468,Customer 01468,45,Female,Delhi,Mass,2022-11-05,40-49
C01469,Customer 01469,59,Male,Mumbai,Mass,2024-07-10,50-59
C01470,Customer 01470,40,Male,Bengaluru,Mass,2023-07-01,40-49
C01471,Customer 01471,25,Male,Chennai,Mass,2022-02-10,21-29
C01472,Customer 01472,21,Female,Mumbai,Mass,2023-09-23,21-29
C01473,Customer 01473,50,Male,Bengaluru,Mass,2025-06-15,50-59
C01474,Customer 01474,23,Female,Pune,Affluent,2023-11-07,21-29
C01475,Customer 01475,65,Male,Pune,Mass,2022-09-29,60+
C01476,Customer 01476,34,Female,Kolkata,Mass,2024-07-07,30-39
C01477,Customer 01477,50,Male,Hyderabad,Mass,2023-06-09,50-59
C01478,Customer 01478,24,Female,Jaipur,Premium,2024-10-10,21-29
C01479,Customer 01479,38,Male,Jaipur,Premium,2022-05-04,30-39
C01480,Customer 01480,57,Male,Kolkata,Mass,2024-05-22,50-59
C01481,Customer 01481,45,Male,Chennai,Mass,2021-08-27,40-49
C01482,Customer 01482,21,Female,Delhi,Mass,2021-06-29,21-29
C01483,Customer 01483,35,Other,Bhubaneswar,Premium,2024-12-13,30-39
C01484,Customer 01484,29,Male,Mumbai,Mass,2024-03-12,21-29
C01485,Customer 01485,35,Male,Mumbai,Mass,2021-11-13,30-39
C01486,Customer 01486,44,Female,Hyderabad,Mass,2024-06-21,40-49
C01487,Customer 01487,24,Male,Bengaluru,Mass,2021-08-20,21-29
C01488,Customer 01488,32,Female,Bhubaneswar,Mass,2025-06-01,30-39
C01489,Customer 01489,57,Female,Chennai,Affluent,2024-08-19,50-59
C01490,Customer 01490,57,Female,Chennai,Mass,2021-11-27,50-59
C01491,Customer 01491,63,Male,Pune,Mass,2022-07-15,60+
C01492,Customer 01492,26,Female,Hyderabad,Mass,2023-08-07,21-29
C01493,Customer 01493,59,Female,Bengaluru,Mass,2021-09-05,50-59
C01494,Customer 01494,44,Male,Chennai,Mass,2021-10-10,40-49
C01495,Customer 01495,31,Male,Pune,Affluent,2024-08-03,30-39
C01496,Customer 01496,33,Female,Delhi,Mass,2023-07-29,30-39
C01497,Customer 01497,54,Male,Kolkata,Mass,2021-02-01,50-59
C01498,Customer 01498,45,Female,Mumbai,Mass,2025-03-04,40-49
C01499,Customer 01499,27,Female,Mumbai,Mass,2022-06-14,21-29
C01500,Customer 01500,24,Female,Mumbai,Affluent,2022-01-16,21-29
C01501,Customer 01501,28,Male,Delhi,Mass,2021-03-04,21-29
C01502,Customer 01502,40,Female,Ahmedabad,Mass,2021-05-08,40-49
C01503,Customer 01503,49,Female,Ahmedabad,Mass,2025-04-01,40-49
C01504,Customer 01504,65,Female,Delhi,Mass,2021-06-12,60+
C01505,Customer 01505,30,Male,Chennai,Mass,2023-08-16,30-39
C01506,Customer 01506,63,Female,Pune,Mass,2024-06-28,60+
C01507,Customer 01507,54,Female,Mumbai,Affluent,2021-10-22,50-59
C01508,Customer 01508,46,Female,Mumbai,Mass,2021-06-28,40-49
C01509,Customer 01509,61,Female,Bhubaneswar,Mass,2021-08-17,60+
C01510,Customer 01510,23,Male,Chennai,Mass,2023-06-02,21-29
C01511,Customer 01511,26,Male,Bhubaneswar,Mass,2022-01-29,21-29
C01512,Customer 01512,25,Female,Delhi,Mass,2022-11-23,21-29
C01513,Customer 01513,25,Female,Pune,Affluent,2024-11-20,21-29
C01514,Customer 01514,43,Female,Mumbai,Affluent,2021-03-13,40-49
C01515,Customer 01515,29,Female,Mumbai,Mass,2021-11-14,21-29
C01516,Customer 01516,55,Female,Hyderabad,Mass,2022-08-18,50-59
C01517,Customer 01517,40,Male,Delhi,Mass,2022-01-14,40-49
C01518,Customer 01518,62,Male,Mumbai,Mass,2023-06-26,60+
C01519,Customer 01519,55,Other,Mumbai,Affluent,2021-05-16,50-59
C01520,Customer 01520,38,Male,Bengaluru,Affluent,2022-12-31,30-39
C01521,Customer 01521,37,Male,Pune,Premium,2024-11-02,30-39
C01522,Customer 01522,44,Male,Hyderabad,Mass,2024-02-17,40-49
C01523,Customer 01523,23,Female,Bengaluru,Mass,2023-06-25,21-29
C01524,Customer 01524,52,Male,Mumbai,Affluent,2022-06-14,50-59
C01525,Customer 01525,55,Female,Bengaluru,Affluent,2023-07-24,50-59
C01526,Customer 01526,58,Male,Chennai,Affluent,2022-10-28,50-59
C01527,Customer 01527,33,Male,Bengaluru,Mass,2022-06-07,30-39
C01528,Customer 01528,45,Female,Kolkata,Mass,2022-01-22,40-49
C01529,Customer 01529,29,Female,Bengaluru,Mass,2022-07-28,21-29
C01530,Customer 01530,24,Male,Mumbai,Mass,2022-08-06,21-29
C01531,Customer 01531,34,Female,Jaipur,Mass,2022-07-27,30-39
C01532,Customer 01532,57,Male,Pune,Mass,2022-10-06,50-59
C01533,Customer 01533,54,Male,Bengaluru,Mass,2022-07-27,50-59
C01534,Customer 01534,31,Male,Ahmedabad,Mass,2023-05-20,30-39
C01535,Customer 01535,61,Male,Hyderabad,Affluent,2024-07-16,60+
C01536,Customer 01536,23,Female,Ahmedabad,Mass,2025-03-28,21-29
C01537,Customer 01537,48,Female,Chennai,Affluent,2022-07-01,40-49
C01538,Customer 01538,49,Male,Pune,Mass,2025-02-18,40-49
C01539,Customer 01539,29,Male,Bhubaneswar,Mass,2022-03-14,21-29
C01540,Customer 01540,23,Male,Mumbai,Premium,2025-05-06,21-29
C01541,Customer 01541,45,Female,Chennai,Premium,2022-07-09,40-49
C01542,Customer 01542,54,Female,Hyderabad,Mass,2021-04-21,50-59
C01543,Customer 01543,32,Male,Bengaluru,Affluent,2024-09-07,30-39
C01544,Customer 01544,62,Female,Bengaluru,Mass,2022-06-11,60+
C01545,Customer 01545,29,Male,Bengaluru,Mass,2021-06-26,21-29
C01546,Customer 01546,35,Female,Pune,Mass,2022-11-05,30-39
C01547,Customer 01547,60,Male,Chennai,Mass,2025-04-24,60+
C01548,Customer 01548,45,Male,Chennai,Affluent,2025-04-11,40-49
C01549,Customer 01549,25,Male,Bengaluru,Affluent,2022-09-16,21-29
C01550,Customer 01550,31,Female,Hyderabad,Premium,2023-08-02,30-39
C01551,Customer 01551,54,Male,Jaipur,Affluent,2022-04-18,50-59
C01552,Customer 01552,44,Male,Delhi,Mass,2025-05-06,40-49
C01553,Customer 01553,35,Female,Chennai,Affluent,2023-09-21,30-39
C01554,Customer 01554,58,Male,Kolkata,Premium,2023-05-29,50-59
C01555,Customer 01555,28,Male,Kolkata,Affluent,2024-11-12,21-29
C01556,Customer 01556,25,Male,Hyderabad,Affluent,2024-01-27,21-29
C01557,Customer 01557,46,Male,Ahmedabad,Premium,2024-12-05,40-49
C01558,Customer 01558,38,Female,Delhi,Mass,2024-10-30,30-39
C01559,Customer 01559,26,Female,Jaipur,Affluent,2021-06-19,21-29
C01560,Customer 01560,57,Female,Mumbai,Affluent,2023-10-11,50-59
C01561,Customer 01561,33,Male,Mumbai,Premium,2021-02-25,30-39
C01562,Customer 01562,48,Male,Bengaluru,Mass,2021-11-21,40-49
C01563,Customer 01563,25,Male,Kolkata,Mass,2022-10-20,21-29
C01564,Customer 01564,33,Female,Delhi,Affluent,2023-08-15,30-39
C01565,Customer 01565,37,Female,Mumbai,Mass,2021-09-17,30-39
C01566,Customer 01566,60,Male,Mumbai,Mass,2022-10-03,60+
C01567,Customer 01567,65,Male,Jaipur,Mass,2022-07-16,60+
C01568,Customer 01568,52,Female,Ahmedabad,Mass,2021-12-06,50-59
C01569,Customer 01569,49,Male,Chennai,Mass,2022-02-08,40-49
C01570,Customer 01570,23,Female,Chennai,Mass,2022-06-16,21-29
C01571,Customer 01571,60,Female,Hyderabad,Mass,2024-04-12,60+
C01572,Customer 01572,54,Female,Delhi,Mass,2023-03-06,50-59
C01573,Customer 01573,60,Female,Jaipur,Mass,2025-04-11,60+
C01574,Customer 01574,47,Other,Bengaluru,Mass,2024-03-29,40-49
C01575,Customer 01575,33,Female,Delhi,Mass,2023-10-31,30-39
C01576,Customer 01576,65,Female,Delhi,Mass,2022-08-17,60+
C01577,Customer 01577,53,Female,Hyderabad,Mass,2024-07-03,50-59
C01578,Customer 01578,26,Male,Hyderabad,Affluent,2022-09-09,21-29
C01579,Customer 01579,44,Female,Hyderabad,Mass,2022-10-14,40-49
C01580,Customer 01580,39,Male,Bengaluru,Mass,2022-12-15,30-39
C01581,Customer 01581,36,Female,Hyderabad,Affluent,2021-12-10,30-39
C01582,Customer 01582,60,Female,Mumbai,Mass,2025-04-09,60+
C01583,Customer 01583,48,Female,Mumbai,Premium,2024-10-28,40-49
C01584,Customer 01584,53,Male,Bengaluru,Affluent,2024-12-29,50-59
C01585,Customer 01585,61,Male,Kolkata,Mass,2021-02-15,60+
C01586,Customer 01586,33,Female,Delhi,Mass,2023-06-23,30-39
C01587,Customer 01587,63,Male,Chennai,Mass,2021-02-24,60+
C01588,Customer 01588,65,Male,Pune,Mass,2024-01-07,60+
C01589,Customer 01589,45,Female,Pune,Mass,2025-02-23,40-49
C01590,Customer 01590,62,Male,Hyderabad,Mass,2023-05-06,60+
C01591,Customer 01591,56,Female,Delhi,Affluent,2024-07-19,50-59
C01592,Customer 01592,47,Male,Delhi,Mass,2022-10-22,40-49
C01593,Customer 01593,58,Male,Pune,Mass,2025-04-23,50-59
C01594,Customer 01594,27,Male,Hyderabad,Affluent,2021-04-21,21-29
C01595,Customer 01595,25,Male,Ahmedabad,Mass,2023-11-05,21-29
C01596,Customer 01596,63,Female,Ahmedabad,Mass,2021-03-19,60+
C01597,Customer 01597,65,Male,Mumbai,Mass,2022-05-16,60+
C01598,Customer 01598,51,Female,Bengaluru,Mass,2022-08-11,50-59
C01599,Customer 01599,43,Female,Chennai,Premium,2022-02-22,40-49
C01600,Customer 01600,62,Male,Delhi,Mass,2021-10-02,60+
C01601,Customer 01601,30,Male,Bengaluru,Mass,2025-02-26,30-39
C01602,Customer 01602,52,Male,Jaipur,Mass,2024-05-05,50-59
C01603,Customer 01603,63,Female,Mumbai,Mass,2024-10-31,60+
C01604,Customer 01604,50,Male,Jaipur,Mass,2023-12-23,50-59
C01605,Customer 01605,59,Male,Pune,Affluent,2024-10-16,50-59
C01606,Customer 01606,51,Female,Kolkata,Premium,2023-08-31,50-59
C01607,Customer 01607,38,Female,Mumbai,Mass,2025-04-17,30-39
C01608,Customer 01608,56,Female,Mumbai,Mass,2023-09-18,50-59
C01609,Customer 01609,22,Female,Hyderabad,Affluent,2024-02-08,21-29
C01610,Customer 01610,34,Other,Mumbai,Mass,2021-07-13,30-39
C01611,Customer 01611,33,Male,Delhi,Mass,2025-03-23,30-39
C01612,Customer 01612,49,Male,Delhi,Mass,2025-01-22,40-49
C01613,Customer 01613,32,Other,Bengaluru,Mass,2023-05-05,30-39
C01614,Customer 01614,59,Female,Mumbai,Mass,2023-03-10,50-59
C01615,Customer 01615,22,Male,Kolkata,Affluent,2021-10-28,21-29
C01616,Customer 01616,52,Female,Mumbai,Affluent,2023-08-26,50-59
C01617,Customer 01617,33,Male,Bengaluru,Mass,2022-07-22,30-39
C01618,Customer 01618,47,Female,Chennai,Mass,2022-11-03,40-49
C01619,Customer 01619,61,Male,Bhubaneswar,Premium,2025-02-28,60+
C01620,Customer 01620,37,Female,Delhi,Mass,2021-05-29,30-39
C01621,Customer 01621,60,Female,Bengaluru,Affluent,2023-02-08,60+
C01622,Customer 01622,51,Male,Chennai,Mass,2025-01-24,50-59
C01623,Customer 01623,54,Female,Jaipur,Mass,2021-05-19,50-59
C01624,Customer 01624,44,Male,Kolkata,Mass,2023-05-11,40-49
C01625,Customer 01625,65,Female,Chennai,Affluent,2021-10-19,60+
C01626,Customer 01626,55,Male,Delhi,Mass,2021-12-01,50-59
C01627,Customer 01627,26,Female,Chennai,Mass,2022-11-30,21-29
C01628,Customer 01628,39,Female,Bengaluru,Mass,2024-04-22,30-39
C01629,Customer 01629,50,Female,Pune,Affluent,2021-11-03,50-59
C01630,Customer 01630,27,Male,Pune,Premium,2023-07-14,21-29
C01631,Customer 01631,30,Female,Bhubaneswar,Premium,2023-09-08,30-39
C01632,Customer 01632,61,Female,Mumbai,Premium,2023-06-17,60+
C01633,Customer 01633,52,Female,Bengaluru,Mass,2024-07-09,50-59
C01634,Customer 01634,54,Female,Chennai,Mass,2023-07-16,50-59
C01635,Customer 01635,48,Male,Pune,Mass,2024-08-26,40-49
C01636,Customer 01636,35,Male,Kolkata,Mass,2021-12-10,30-39
C01637,Customer 01637,50,Female,Mumbai,Affluent,2024-12-18,50-59
C01638,Customer 01638,57,Male,Mumbai,Affluent,2022-10-19,50-59
C01639,Customer 01639,49,Male,Hyderabad,Mass,2025-03-18,40-49
C01640,Customer 01640,42,Female,Delhi,Mass,2025-03-28,40-49
C01641,Customer 01641,24,Male,Ahmedabad,Premium,2021-09-18,21-29
C01642,Customer 01642,40,Female,Hyderabad,Mass,2024-10-17,40-49
C01643,Customer 01643,52,Male,Kolkata,Mass,2021-06-18,50-59
C01644,Customer 01644,56,Female,Chennai,Mass,2022-10-22,50-59
C01645,Customer 01645,24,Male,Kolkata,Mass,2021-07-19,21-29
C01646,Customer 01646,47,Male,Delhi,Mass,2024-11-09,40-49
C01647,Customer 01647,37,Female,Ahmedabad,Mass,2024-08-28,30-39
C01648,Customer 01648,32,Female,Mumbai,Mass,2022-08-05,30-39
C01649,Customer 01649,42,Other,Chennai,Premium,2024-08-28,40-49
C01650,Customer 01650,37,Female,Mumbai,Mass,2022-07-20,30-39
C01651,Customer 01651,30,Male,Hyderabad,Mass,2022-01-30,30-39
C01652,Customer 01652,21,Male,Delhi,Premium,2021-12-17,21-29
C01653,Customer 01653,42,Male,Mumbai,Mass,2021-01-28,40-49
C01654,Customer 01654,46,Male,Bhubaneswar,Mass,2022-09-24,40-49
C01655,Customer 01655,38,Male,Mumbai,Affluent,2024-03-02,30-39
C01656,Customer 01656,34,Male,Kolkata,Mass,2022-01-15,30-39
C01657,Customer 01657,49,Female,Bhubaneswar,Affluent,2025-06-14,40-49
C01658,Customer 01658,32,Male,Bengaluru,Mass,2022-06-12,30-39
C01659,Customer 01659,56,Female,Pune,Mass,2024-08-03,50-59
C01660,Customer 01660,55,Male,Mumbai,Mass,2024-07-31,50-59
C01661,Customer 01661,32,Male,Bengaluru,Mass,2023-06-22,30-39
C01662,Customer 01662,27,Female,Delhi,Affluent,2023-03-18,21-29
C01663,Customer 01663,49,Male,Jaipur,Affluent,2021-08-15,40-49
C01664,Customer 01664,31,Male,Bengaluru,Premium,2024-12-21,30-39
C01665,Customer 01665,53,Female,Chennai,Affluent,2021-01-27,50-59
C01666,Customer 01666,26,Male,Hyderabad,Mass,2024-09-17,21-29
C01667,Customer 01667,35,Female,Ahmedabad,Affluent,2024-02-15,30-39
C01668,Customer 01668,52,Male,Bengaluru,Affluent,2021-03-30,50-59
C01669,Customer 01669,31,Female,Pune,Affluent,2022-09-11,30-39
C01670,Customer 01670,43,Male,Pune,Affluent,2021-05-02,40-49
C01671,Customer 01671,46,Male,Pune,Mass,2023-05-16,40-49
C01672,Customer 01672,54,Female,Bhubaneswar,Mass,2021-02-02,50-59
C01673,Customer 01673,54,Other,Ahmedabad,Affluent,2022-08-26,50-59
C01674,Customer 01674,49,Male,Bengaluru,Mass,2022-11-27,40-49
C01675,Customer 01675,24,Female,Hyderabad,Mass,2023-06-07,21-29
C01676,Customer 01676,37,Female,Delhi,Mass,2024-11-22,30-39
C01677,Customer 01677,55,Male,Delhi,Mass,2022-06-09,50-59
C01678,Customer 01678,33,Female,Hyderabad,Mass,2023-11-14,30-39
C01679,Customer 01679,61,Female,Delhi,Mass,2024-09-10,60+
C01680,Customer 01680,59,Female,Hyderabad,Mass,2021-02-03,50-59
C01681,Customer 01681,35,Female,Bhubaneswar,Mass,2021-09-04,30-39
C01682,Customer 01682,49,Male,Bengaluru,Affluent,2023-11-09,40-49
C01683,Customer 01683,49,Male,Jaipur,Mass,2023-11-20,40-49
C01684,Customer 01684,31,Female,Hyderabad,Mass,2021-02-18,30-39
C01685,Customer 01685,52,Female,Chennai,Mass,2023-07-01,50-59
C01686,Customer 01686,22,Female,Ahmedabad,Affluent,2021-06-29,21-29
C01687,Customer 01687,34,Male,Delhi,Mass,2024-10-25,30-39
C01688,Customer 01688,40,Female,Hyderabad,Premium,2023-01-08,40-49
C01689,Customer 01689,42,Other,Delhi,Premium,2024-11-19,40-49
C01690,Customer 01690,31,Male,Delhi,Affluent,2022-08-13,30-39
C01691,Customer 01691,47,Female,Jaipur,Premium,2022-05-11,40-49
C01692,Customer 01692,23,Male,Ahmedabad,Mass,2022-03-07,21-29
C01693,Customer 01693,37,Female,Bengaluru,Mass,2024-05-15,30-39
C01694,Customer 01694,64,Male,Bengaluru,Affluent,2023-11-25,60+
C01695,Customer 01695,48,Other,Delhi,Affluent,2025-05-26,40-49
C01696,Customer 01696,49,Female,Bengaluru,Affluent,2024-12-07,40-49
C01697,Customer 01697,41,Female,Chennai,Affluent,2021-12-30,40-49
C01698,Customer 01698,36,Male,Bengaluru,Premium,2021-11-06,30-39
C01699,Customer 01699,57,Female,Hyderabad,Mass,2023-09-09,50-59
C01700,Customer 01700,40,Female,Bengaluru,Affluent,2024-07-26,40-49
C01701,Customer 01701,26,Female,Delhi,Affluent,2024-03-21,21-29
C01702,Customer 01702,39,Female,Pune,Affluent,2021-08-15,30-39
C01703,Customer 01703,25,Male,Hyderabad,Mass,2024-06-20,21-29
C01704,Customer 01704,23,Female,Bhubaneswar,Affluent,2021-01-10,21-29
C01705,Customer 01705,21,Female,Ahmedabad,Premium,2024-11-16,21-29
C01706,Customer 01706,58,Male,Delhi,Mass,2021-02-17,50-59
C01707,Customer 01707,35,Female,Bengaluru,Affluent,2021-07-23,30-39
C01708,Customer 01708,54,Female,Ahmedabad,Mass,2023-09-16,50-59
C01709,Customer 01709,55,Male,Jaipur,Premium,2023-06-13,50-59
C01710,Customer 01710,45,Female,Ahmedabad,Mass,2021-06-06,40-49
C01711,Customer 01711,44,Male,Bengaluru,Mass,2023-05-05,40-49
C01712,Customer 01712,32,Male,Bhubaneswar,Mass,2021-01-26,30-39
C01713,Customer 01713,38,Female,Mumbai,Affluent,2022-02-25,30-39
C01714,Customer 01714,35,Male,Pune,Mass,2023-01-31,30-39
C01715,Customer 01715,64,Male,Jaipur,Mass,2023-02-13,60+
C01716,Customer 01716,36,Female,Mumbai,Premium,2021-09-21,30-39
C01717,Customer 01717,47,Male,Jaipur,Affluent,2025-04-02,40-49
C01718,Customer 01718,28,Male,Delhi,Mass,2022-08-11,21-29
C01719,Customer 01719,45,Female,Bhubaneswar,Premium,2023-08-16,40-49
C01720,Customer 01720,37,Male,Mumbai,Affluent,2022-04-15,30-39
C01721,Customer 01721,49,Male,Bhubaneswar,Mass,2021-09-11,40-49
C01722,Customer 01722,28,Male,Bengaluru,Mass,2025-04-19,21-29
C01723,Customer 01723,35,Male,Pune,Mass,2024-03-16,30-39
C01724,Customer 01724,47,Female,Hyderabad,Affluent,2024-09-11,40-49
C01725,Customer 01725,27,Female,Hyderabad,Mass,2024-09-23,21-29
C01726,Customer 01726,23,Male,Mumbai,Mass,2023-01-10,21-29
C01727,Customer 01727,49,Female,Pune,Affluent,2021-04-28,40-49
C01728,Customer 01728,64,Male,Mumbai,Mass,2024-04-03,60+
C01729,Customer 01729,44,Female,Chennai,Affluent,2022-07-04,40-49
C01730,Customer 01730,23,Female,Mumbai,Affluent,2023-06-30,21-29
C01731,Customer 01731,40,Female,Bhubaneswar,Mass,2023-05-20,40-49
C01732,Customer 01732,35,Other,Bengaluru,Affluent,2023-03-19,30-39
C01733,Customer 01733,45,Female,Mumbai,Mass,2023-04-01,40-49
C01734,Customer 01734,50,Male,Mumbai,Mass,2024-05-06,50-59
C01735,Customer 01735,34,Female,Delhi,Affluent,2024-10-29,30-39
C01736,Customer 01736,27,Female,Mumbai,Mass,2025-05-21,21-29
C01737,Customer 01737,37,Female,Hyderabad,Premium,2025-06-04,30-39
C01738,Customer 01738,64,Male,Ahmedabad,Mass,2022-07-18,60+
C01739,Customer 01739,40,Female,Pune,Mass,2024-02-27,40-49
C01740,Customer 01740,56,Female,Chennai,Premium,2022-02-18,50-59
C01741,Customer 01741,29,Female,Bengaluru,Mass,2024-11-04,21-29
C01742,Customer 01742,58,Female,Pune,Affluent,2023-05-30,50-59
C01743,Customer 01743,42,Male,Mumbai,Mass,2023-09-20,40-49
C01744,Customer 01744,22,Male,Kolkata,Affluent,2021-01-01,21-29
C01745,Customer 01745,44,Female,Mumbai,Mass,2021-06-16,40-49
C01746,Customer 01746,28,Male,Delhi,Mass,2021-01-16,21-29
C01747,Customer 01747,31,Male,Delhi,Mass,2022-10-19,30-39
C01748,Customer 01748,33,Female,Ahmedabad,Mass,2021-04-22,30-39
C01749,Customer 01749,37,Male,Bengaluru,Affluent,2024-10-23,30-39
C01750,Customer 01750,28,Male,Chennai,Mass,2024-01-31,21-29
C01751,Customer 01751,41,Female,Bengaluru,Mass,2022-08-17,40-49
C01752,Customer 01752,38,Female,Pune,Mass,2024-11-30,30-39
C01753,Customer 01753,50,Male,Jaipur,Affluent,2022-05-22,50-59
C01754,Customer 01754,38,Male,Hyderabad,Affluent,2025-06-23,30-39
C01755,Customer 01755,51,Female,Hyderabad,Mass,2022-11-02,50-59
C01756,Customer 01756,58,Female,Jaipur,Mass,2023-11-30,50-59
C01757,Customer 01757,52,Female,Hyderabad,Mass,2025-04-21,50-59
C01758,Customer 01758,31,Male,Hyderabad,Affluent,2024-11-05,30-39
C01759,Customer 01759,65,Male,Chennai,Mass,2023-01-29,60+
C01760,Customer 01760,45,Other,Pune,Mass,2025-03-20,40-49
C01761,Customer 01761,53,Female,Bengaluru,Affluent,2022-05-12,50-59
C01762,Customer 01762,58,Male,Ahmedabad,Premium,2023-08-23,50-59
C01763,Customer 01763,61,Male,Hyderabad,Mass,2021-10-08,60+
C01764,Customer 01764,28,Female,Bengaluru,Affluent,2021-12-17,21-29
C01765,Customer 01765,31,Female,Kolkata,Mass,2021-11-30,30-39
C01766,Customer 01766,42,Other,Delhi,Premium,2023-01-31,40-49
C01767,Customer 01767,44,Male,Bengaluru,Mass,2025-03-28,40-49
C01768,Customer 01768,61,Male,Chennai,Mass,2024-07-30,60+
C01769,Customer 01769,37,Male,Jaipur,Affluent,2022-12-29,30-39
C01770,Customer 01770,32,Female,Jaipur,Mass,2024-09-04,30-39
C01771,Customer 01771,52,Male,Bhubaneswar,Mass,2023-04-03,50-59
C01772,Customer 01772,35,Male,Ahmedabad,Mass,2024-12-08,30-39
C01773,Customer 01773,36,Male,Bengaluru,Affluent,2025-06-06,30-39
C01774,Customer 01774,42,Other,Delhi,Mass,2021-01-14,40-49
C01775,Customer 01775,48,Male,Ahmedabad,Affluent,2023-12-16,40-49
C01776,Customer 01776,40,Female,Delhi,Mass,2024-11-27,40-49
C01777,Customer 01777,53,Male,Chennai,Mass,2021-12-08,50-59
C01778,Customer 01778,30,Female,Chennai,Mass,2021-07-18,30-39
C01779,Customer 01779,60,Female,Delhi,Mass,2022-11-09,60+
C01780,Customer 01780,52,Female,Jaipur,Affluent,2024-08-08,50-59
C01781,Customer 01781,53,Female,Hyderabad,Affluent,2022-10-20,50-59
C01782,Customer 01782,22,Male,Hyderabad,Mass,2025-01-04,21-29
C01783,Customer 01783,53,Male,Bhubaneswar,Mass,2021-03-19,50-59
C01784,Customer 01784,53,Male,Hyderabad,Affluent,2021-04-22,50-59
C01785,Customer 01785,61,Male,Mumbai,Affluent,2022-06-19,60+
C01786,Customer 01786,33,Female,Hyderabad,Affluent,2024-10-30,30-39
C01787,Customer 01787,50,Male,Ahmedabad,Affluent,2024-02-14,50-59
C01788,Customer 01788,53,Female,Kolkata,Mass,2024-03-11,50-59
C01789,Customer 01789,33,Female,Kolkata,Affluent,2023-09-19,30-39
C01790,Customer 01790,46,Male,Pune,Mass,2024-05-05,40-49
C01791,Customer 01791,42,Female,Mumbai,Mass,2023-03-01,40-49
C01792,Customer 01792,59,Female,Ahmedabad,Affluent,2025-04-13,50-59
C01793,Customer 01793,22,Male,Jaipur,Premium,2024-08-15,21-29
C01794,Customer 01794,58,Male,Mumbai,Affluent,2024-01-05,50-59
C01795,Customer 01795,59,Female,Bengaluru,Mass,2022-06-14,50-59
C01796,Customer 01796,46,Male,Bhubaneswar,Mass,2021-04-10,40-49
C01797,Customer 01797,35,Male,Ahmedabad,Mass,2025-02-11,30-39
C01798,Customer 01798,54,Male,Jaipur,Affluent,2023-08-31,50-59
C01799,Customer 01799,62,Female,Jaipur,Mass,2025-01-31,60+
C01800,Customer 01800,64,Male,Chennai,Affluent,2024-08-08,60+
C01801,Customer 01801,60,Male,Pune,Mass,2023-10-12,60+
C01802,Customer 01802,31,Male,Chennai,Affluent,2021-05-05,30-39
C01803,Customer 01803,23,Male,Bengaluru,Premium,2023-10-12,21-29
C01804,Customer 01804,26,Female,Kolkata,Mass,2022-06-03,21-29
C01805,Customer 01805,29,Female,Hyderabad,Mass,2021-01-23,21-29
C01806,Customer 01806,26,Female,Pune,Affluent,2021-06-11,21-29
C01807,Customer 01807,29,Female,Hyderabad,Mass,2022-09-21,21-29
C01808,Customer 01808,59,Male,Hyderabad,Affluent,2022-05-21,50-59
C01809,Customer 01809,51,Female,Mumbai,Affluent,2023-06-01,50-59
C01810,Customer 01810,52,Male,Mumbai,Mass,2023-11-11,50-59
C01811,Customer 01811,61,Male,Bengaluru,Affluent,2025-01-27,60+
C01812,Customer 01812,32,Female,Mumbai,Mass,2022-04-28,30-39
C01813,Customer 01813,28,Female,Bhubaneswar,Premium,2025-03-06,21-29
C01814,Customer 01814,28,Male,Bengaluru,Mass,2021-11-05,21-29
C01815,Customer 01815,48,Male,Mumbai,Affluent,2025-06-08,40-49
C01816,Customer 01816,40,Female,Chennai,Mass,2023-05-24,40-49
C01817,Customer 01817,27,Female,Chennai,Mass,2025-04-26,21-29
C01818,Customer 01818,31,Male,Bengaluru,Mass,2021-07-22,30-39
C01819,Customer 01819,40,Male,Kolkata,Affluent,2024-12-10,40-49
C01820,Customer 01820,36,Female,Kolkata,Mass,2022-10-02,30-39
C01821,Customer 01821,24,Male,Mumbai,Affluent,2021-05-22,21-29
C01822,Customer 01822,26,Female,Mumbai,Mass,2023-10-01,21-29
C01823,Customer 01823,42,Female,Jaipur,Affluent,2022-09-07,40-49
C01824,Customer 01824,46,Female,Ahmedabad,Affluent,2021-04-17,40-49
C01825,Customer 01825,23,Female,Pune,Mass,2022-06-13,21-29
C01826,Customer 01826,61,Female,Bengaluru,Mass,2025-04-10,60+
C01827,Customer 01827,62,Male,Delhi,Mass,2022-07-30,60+
C01828,Customer 01828,34,Female,Chennai,Mass,2023-08-27,30-39
C01829,Customer 01829,31,Female,Mumbai,Mass,2022-11-19,30-39
C01830,Customer 01830,38,Female,Hyderabad,Affluent,2021-10-18,30-39
C01831,Customer 01831,32,Other,Chennai,Mass,2023-03-16,30-39
C01832,Customer 01832,43,Female,Delhi,Affluent,2024-08-27,40-49
C01833,Customer 01833,32,Female,Kolkata,Premium,2022-10-30,30-39
C01834,Customer 01834,33,Male,Ahmedabad,Mass,2022-01-20,30-39
C01835,Customer 01835,45,Other,Delhi,Mass,2023-12-13,40-49
C01836,Customer 01836,65,Female,Ahmedabad,Mass,2025-05-28,60+
C01837,Customer 01837,39,Male,Bengaluru,Affluent,2024-04-21,30-39
C01838,Customer 01838,56,Male,Ahmedabad,Mass,2024-10-24,50-59
C01839,Customer 01839,65,Male,Bengaluru,Mass,2022-12-02,60+
C01840,Customer 01840,28,Female,Bengaluru,Premium,2021-01-13,21-29
C01841,Customer 01841,49,Male,Pune,Mass,2025-05-02,40-49
C01842,Customer 01842,52,Female,Hyderabad,Affluent,2023-08-18,50-59
C01843,Customer 01843,64,Male,Jaipur,Mass,2021-06-09,60+
C01844,Customer 01844,38,Male,Delhi,Mass,2024-07-31,30-39
C01845,Customer 01845,26,Female,Mumbai,Affluent,2022-07-19,21-29
C01846,Customer 01846,38,Male,Hyderabad,Mass,2024-08-03,30-39
C01847,Customer 01847,39,Female,Hyderabad,Affluent,2021-01-08,30-39
C01848,Customer 01848,42,Male,Delhi,Mass,2021-03-13,40-49
C01849,Customer 01849,57,Female,Pune,Affluent,2023-06-11,50-59
C01850,Customer 01850,52,Female,Kolkata,Mass,2021-04-08,50-59
C01851,Customer 01851,61,Female,Ahmedabad,Mass,2021-03-28,60+
C01852,Customer 01852,23,Male,Bhubaneswar,Mass,2021-04-11,21-29
C01853,Customer 01853,48,Female,Mumbai,Mass,2021-10-08,40-49
C01854,Customer 01854,30,Female,Pune,Mass,2023-06-02,30-39
C01855,Customer 01855,55,Female,Delhi,Mass,2024-08-05,50-59
C01856,Customer 01856,49,Male,Pune,Mass,2023-01-19,40-49
C01857,Customer 01857,35,Male,Hyderabad,Mass,2021-07-15,30-39
C01858,Customer 01858,53,Female,Bhubaneswar,Mass,2022-01-26,50-59
C01859,Customer 01859,27,Female,Pune,Mass,2022-09-01,21-29
C01860,Customer 01860,32,Female,Bhubaneswar,Mass,2022-03-26,30-39
C01861,Customer 01861,50,Female,Ahmedabad,Premium,2024-10-23,50-59
C01862,Customer 01862,41,Female,Jaipur,Mass,2024-12-24,40-49
C01863,Customer 01863,51,Male,Ahmedabad,Mass,2024-01-25,50-59
C01864,Customer 01864,44,Female,Hyderabad,Mass,2024-07-08,40-49
C01865,Customer 01865,40,Female,Mumbai,Affluent,2025-03-16,40-49
C01866,Customer 01866,57,Female,Delhi,Mass,2021-05-01,50-59
C01867,Customer 01867,24,Other,Bengaluru,Affluent,2024-10-21,21-29
C01868,Customer 01868,48,Male,Hyderabad,Mass,2021-11-28,40-49
C01869,Customer 01869,64,Male,Hyderabad,Mass,2023-12-12,60+
C01870,Customer 01870,40,Female,Hyderabad,Affluent,2024-11-20,40-49
C01871,Customer 01871,44,Female,Bhubaneswar,Mass,2021-11-14,40-49
C01872,Customer 01872,52,Female,Jaipur,Mass,2022-11-06,50-59
C01873,Customer 01873,61,Female,Mumbai,Affluent,2022-12-03,60+
C01874,Customer 01874,56,Male,Delhi,Affluent,2024-07-24,50-59
C01875,Customer 01875,54,Male,Delhi,Affluent,2025-06-09,50-59
C01876,Customer 01876,56,Male,Delhi,Affluent,2024-05-02,50-59
C01877,Customer 01877,22,Male,Kolkata,Affluent,2022-11-24,21-29
C01878,Customer 01878,35,Female,Hyderabad,Affluent,2023-10-14,30-39
C01879,Customer 01879,54,Male,Chennai,Mass,2021-01-21,50-59
C01880,Customer 01880,56,Female,Ahmedabad,Affluent,2022-02-03,50-59
C01881,Customer 01881,26,Female,Kolkata,Mass,2021-07-21,21-29
C01882,Customer 01882,59,Male,Bengaluru,Mass,2022-04-11,50-59
C01883,Customer 01883,62,Female,Pune,Mass,2024-03-20,60+
C01884,Customer 01884,32,Female,Hyderabad,Mass,2023-06-15,30-39
C01885,Customer 01885,23,Female,Mumbai,Affluent,2024-03-28,21-29
C01886,Customer 01886,65,Male,Bengaluru,Mass,2021-11-06,60+
C01887,Customer 01887,38,Male,Hyderabad,Premium,2022-05-19,30-39
C01888,Customer 01888,60,Female,Delhi,Mass,2021-01-26,60+
C01889,Customer 01889,41,Male,Mumbai,Mass,2021-03-07,40-49
C01890,Customer 01890,35,Female,Pune,Mass,2021-09-20,30-39
C01891,Customer 01891,53,Female,Kolkata,Mass,2022-04-17,50-59
C01892,Customer 01892,55,Male,Mumbai,Affluent,2021-06-16,50-59
C01893,Customer 01893,46,Male,Bengaluru,Affluent,2023-03-11,40-49
C01894,Customer 01894,28,Other,Ahmedabad,Affluent,2024-03-23,21-29
C01895,Customer 01895,56,Female,Bengaluru,Affluent,2021-12-09,50-59
C01896,Customer 01896,50,Male,Jaipur,Mass,2022-12-19,50-59
C01897,Customer 01897,43,Male,Chennai,Mass,2022-02-17,40-49
C01898,Customer 01898,62,Male,Delhi,Affluent,2024-04-22,60+
C01899,Customer 01899,64,Female,Mumbai,Mass,2024-05-02,60+
C01900,Customer 01900,34,Male,Bengaluru,Mass,2023-10-23,30-39
C01901,Customer 01901,34,Male,Mumbai,Mass,2024-05-23,30-39
C01902,Customer 01902,22,Female,Bengaluru,Mass,2022-11-18,21-29
C01903,Customer 01903,57,Male,Chennai,Mass,2025-05-30,50-59
C01904,Customer 01904,25,Female,Mumbai,Affluent,2023-03-08,21-29
C01905,Customer 01905,58,Male,Hyderabad,Mass,2022-04-28,50-59
C01906,Customer 01906,65,Male,Chennai,Mass,2025-05-04,60+
C01907,Customer 01907,61,Male,Mumbai,Mass,2023-11-22,60+
C01908,Customer 01908,34,Male,Bengaluru,Affluent,2021-01-15,30-39
C01909,Customer 01909,59,Male,Bengaluru,Premium,2024-09-03,50-59
C01910,Customer 01910,45,Female,Bengaluru,Affluent,2024-06-20,40-49
C01911,Customer 01911,40,Female,Kolkata,Mass,2021-01-17,40-49
C01912,Customer 01912,22,Male,Delhi,Premium,2022-06-18,21-29
C01913,Customer 01913,59,Female,Kolkata,Affluent,2021-03-22,50-59
C01914,Customer 01914,26,Female,Hyderabad,Affluent,2022-10-18,21-29
C01915,Customer 01915,37,Male,Hyderabad,Affluent,2022-03-12,30-39
C01916,Customer 01916,45,Female,Hyderabad,Mass,2023-10-29,40-49
C01917,Customer 01917,48,Female,Pune,Mass,2023-10-16,40-49
C01918,Customer 01918,22,Female,Mumbai,Mass,2022-11-10,21-29
C01919,Customer 01919,55,Female,Bengaluru,Mass,2024-08-03,50-59
C01920,Customer 01920,57,Male,Chennai,Affluent,2023-02-19,50-59
C01921,Customer 01921,25,Male,Delhi,Affluent,2021-07-05,21-29
C01922,Customer 01922,21,Male,Hyderabad,Affluent,2025-03-28,21-29
C01923,Customer 01923,60,Female,Pune,Mass,2022-02-26,60+
C01924,Customer 01924,32,Male,Hyderabad,Mass,2022-04-11,30-39
C01925,Customer 01925,56,Male,Chennai,Mass,2021-03-24,50-59
C01926,Customer 01926,65,Male,Chennai,Mass,2022-07-21,60+
C01927,Customer 01927,43,Female,Kolkata,Mass,2022-10-05,40-49
C01928,Customer 01928,51,Male,Pune,Mass,2025-02-15,50-59
C01929,Customer 01929,31,Male,Hyderabad,Mass,2021-11-21,30-39
C01930,Customer 01930,30,Male,Pune,Premium,2024-12-13,30-39
C01931,Customer 01931,23,Male,Ahmedabad,Mass,2021-02-20,21-29
C01932,Customer 01932,34,Female,Hyderabad,Affluent,2023-11-17,30-39
C01933,Customer 01933,36,Male,Delhi,Mass,2022-11-08,30-39
C01934,Customer 01934,30,Female,Kolkata,Mass,2023-09-08,30-39
C01935,Customer 01935,49,Male,Chennai,Affluent,2023-03-04,40-49
C01936,Customer 01936,30,Female,Bengaluru,Affluent,2025-04-18,30-39
C01937,Customer 01937,32,Female,Jaipur,Mass,2023-12-22,30-39
C01938,Customer 01938,50,Female,Bengaluru,Mass,2022-10-19,50-59
C01939,Customer 01939,61,Male,Kolkata,Mass,2024-04-09,60+
C01940,Customer 01940,21,Female,Kolkata,Affluent,2024-08-02,21-29
C01941,Customer 01941,25,Male,Bhubaneswar,Premium,2021-04-27,21-29
C01942,Customer 01942,40,Male,Bengaluru,Mass,2023-10-25,40-49
C01943,Customer 01943,28,Female,Chennai,Mass,2023-12-26,21-29
C01944,Customer 01944,63,Female,Delhi,Premium,2023-12-20,60+
C01945,Customer 01945,32,Female,Delhi,Mass,2023-06-24,30-39
C01946,Customer 01946,21,Male,Bengaluru,Affluent,2022-05-17,21-29
C01947,Customer 01947,40,Male,Chennai,Mass,2023-03-10,40-49
C01948,Customer 01948,48,Female,Hyderabad,Mass,2023-05-07,40-49
C01949,Customer 01949,63,Female,Bengaluru,Mass,2024-06-06,60+
C01950,Customer 01950,57,Male,Chennai,Mass,2024-01-29,50-59
C01951,Customer 01951,57,Male,Kolkata,Mass,2024-02-17,50-59
C01952,Customer 01952,32,Male,Kolkata,Affluent,2021-03-10,30-39
C01953,Customer 01953,57,Male,Jaipur,Affluent,2022-10-26,50-59
C01954,Customer 01954,64,Female,Delhi,Affluent,2023-03-03,60+
C01955,Customer 01955,48,Female,Bhubaneswar,Affluent,2021-08-09,40-49
C01956,Customer 01956,35,Female,Ahmedabad,Mass,2023-10-07,30-39
C01957,Customer 01957,26,Female,Mumbai,Mass,2021-08-11,21-29
C01958,Customer 01958,64,Female,Bengaluru,Affluent,2022-11-08,60+
C01959,Customer 01959,40,Female,Hyderabad,Mass,2025-03-08,40-49
C01960,Customer 01960,34,Female,Delhi,Mass,2021-07-30,30-39
C01961,Customer 01961,22,Male,Chennai,Mass,2023-07-20,21-29
C01962,Customer 01962,29,Male,Chennai,Mass,2025-05-18,21-29
C01963,Customer 01963,57,Male,Kolkata,Mass,2023-06-05,50-59
C01964,Customer 01964,40,Male,Hyderabad,Affluent,2023-06-01,40-49
C01965,Customer 01965,46,Female,Bengaluru,Premium,2021-09-19,40-49
C01966,Customer 01966,49,Male,Ahmedabad,Affluent,2022-06-02,40-49
C01967,Customer 01967,21,Female,Delhi,Premium,2024-06-25,21-29
C01968,Customer 01968,55,Male,Bhubaneswar,Premium,2023-03-09,50-59
C01969,Customer 01969,26,Female,Bengaluru,Mass,2024-07-04,21-29
C01970,Customer 01970,57,Other,Bhubaneswar,Mass,2023-12-23,50-59
C01971,Customer 01971,25,Female,Bengaluru,Affluent,2024-11-16,21-29
C01972,Customer 01972,53,Female,Mumbai,Mass,2022-06-24,50-59
C01973,Customer 01973,34,Male,Bengaluru,Mass,2022-02-21,30-39
C01974,Customer 01974,32,Female,Pune,Mass,2021-02-22,30-39
C01975,Customer 01975,62,Male,Ahmedabad,Mass,2021-02-07,60+
C01976,Customer 01976,40,Male,Hyderabad,Mass,2021-11-04,40-49
C01977,Customer 01977,44,Male,Jaipur,Mass,2023-04-26,40-49
C01978,Customer 01978,63,Other,Chennai,Mass,2023-06-17,60+
C01979,Customer 01979,54,Other,Chennai,Affluent,2021-02-22,50-59
C01980,Customer 01980,45,Female,Ahmedabad,Mass,2022-08-29,40-49
C01981,Customer 01981,49,Male,Mumbai,Affluent,2025-06-18,40-49
C01982,Customer 01982,59,Male,Delhi,Mass,2022-03-28,50-59
C01983,Customer 01983,51,Male,Jaipur,Mass,2022-04-06,50-59
C01984,Customer 01984,63,Female,Jaipur,Mass,2023-02-14,60+
C01985,Customer 01985,43,Male,Bhubaneswar,Mass,2025-02-18,40-49
C01986,Customer 01986,64,Other,Jaipur,Affluent,2024-03-06,60+
C01987,Customer 01987,58,Male,Bengaluru,Affluent,2024-10-27,50-59
C01988,Customer 01988,40,Female,Ahmedabad,Affluent,2024-07-03,40-49
C01989,Customer 01989,43,Female,Delhi,Premium,2022-01-30,40-49
C01990,Customer 01990,65,Female,Bhubaneswar,Mass,2023-11-27,60+
C01991,Customer 01991,36,Male,Hyderabad,Mass,2024-03-16,30-39
C01992,Customer 01992,62,Male,Chennai,Mass,2023-10-29,60+
C01993,Customer 01993,28,Female,Hyderabad,Mass,2024-06-28,21-29
C01994,Customer 01994,41,Female,Delhi,Mass,2022-10-09,40-49
C01995,Customer 01995,21,Female,Bengaluru,Mass,2025-05-14,21-29
C01996,Customer 01996,28,Female,Jaipur,Mass,2025-01-10,21-29
C01997,Customer 01997,49,Male,Kolkata,Mass,2021-09-20,40-49
C01998,Customer 01998,52,Male,Bengaluru,Mass,2022-09-24,50-59
C01999,Customer 01999,58,Female,Kolkata,Affluent,2025-01-02,50-59
C02000,Customer 02000,25,Male,Chennai,Mass,2024-07-06,21-29
C02001,Customer 02001,42,Female,Delhi,Affluent,2024-09-08,40-49
C02002,Customer 02002,54,Other,Mumbai,Affluent,2022-06-14,50-59
C02003,Customer 02003,21,Female,Ahmedabad,Mass,2021-10-28,21-29
C02004,Customer 02004,46,Male,Pune,Mass,2022-04-30,40-49
C02005,Customer 02005,63,Female,Chennai,Mass,2021-04-02,60+
C02006,Customer 02006,30,Male,Chennai,Affluent,2024-04-02,30-39
C02007,Customer 02007,50,Male,Bengaluru,Affluent,2024-09-20,50-59
C02008,Customer 02008,38,Male,Hyderabad,Mass,2021-11-11,30-39
C02009,Customer 02009,37,Female,Mumbai,Mass,2023-08-03,30-39
C02010,Customer 02010,46,Female,Mumbai,Premium,2021-08-26,40-49
C02011,Customer 02011,28,Female,Pune,Mass,2021-03-24,21-29
C02012,Customer 02012,60,Male,Jaipur,Affluent,2022-10-31,60+
C02013,Customer 02013,32,Female,Delhi,Mass,2024-02-07,30-39
C02014,Customer 02014,47,Male,Mumbai,Mass,2021-06-27,40-49
C02015,Customer 02015,28,Male,Pune,Affluent,2021-09-07,21-29
C02016,Customer 02016,45,Male,Ahmedabad,Affluent,2023-02-04,40-49
C02017,Customer 02017,24,Female,Kolkata,Affluent,2025-05-10,21-29
C02018,Customer 02018,53,Female,Ahmedabad,Mass,2022-10-29,50-59
C02019,Customer 02019,21,Female,Hyderabad,Mass,2023-06-22,21-29
C02020,Customer 02020,39,Male,Kolkata,Affluent,2021-04-01,30-39
C02021,Customer 02021,51,Male,Bengaluru,Mass,2021-12-05,50-59
C02022,Customer 02022,36,Female,Delhi,Mass,2021-06-18,30-39
C02023,Customer 02023,34,Female,Delhi,Affluent,2024-03-08,30-39
C02024,Customer 02024,25,Male,Hyderabad,Mass,2025-03-21,21-29
C02025,Customer 02025,61,Male,Jaipur,Mass,2022-08-01,60+
C02026,Customer 02026,46,Female,Ahmedabad,Affluent,2024-04-22,40-49
C02027,Customer 02027,48,Male,Bengaluru,Premium,2023-02-19,40-49
C02028,Customer 02028,22,Female,Mumbai,Mass,2021-06-19,21-29
C02029,Customer 02029,26,Female,Delhi,Mass,2021-12-28,21-29
C02030,Customer 02030,29,Male,Mumbai,Affluent,2021-09-01,21-29
C02031,Customer 02031,53,Male,Chennai,Affluent,2021-05-18,50-59
C02032,Customer 02032,61,Male,Jaipur,Affluent,2023-11-18,60+
C02033,Customer 02033,45,Female,Bhubaneswar,Mass,2022-06-03,40-49
C02034,Customer 02034,33,Male,Pune,Mass,2024-11-22,30-39
C02035,Customer 02035,29,Female,Ahmedabad,Mass,2021-11-29,21-29
C02036,Customer 02036,33,Female,Hyderabad,Affluent,2023-08-23,30-39
C02037,Customer 02037,51,Male,Mumbai,Affluent,2024-09-02,50-59
C02038,Customer 02038,61,Female,Hyderabad,Mass,2022-07-17,60+
C02039,Customer 02039,31,Male,Chennai,Mass,2022-03-02,30-39
C02040,Customer 02040,24,Male,Kolkata,Mass,2024-03-05,21-29
C02041,Customer 02041,54,Female,Mumbai,Premium,2022-10-03,50-59
C02042,Customer 02042,58,Female,Delhi,Affluent,2022-12-10,50-59
C02043,Customer 02043,24,Female,Delhi,Mass,2024-07-14,21-29
C02044,Customer 02044,58,Female,Bhubaneswar,Mass,2021-04-17,50-59
C02045,Customer 02045,39,Male,Hyderabad,Mass,2022-07-14,30-39
C02046,Customer 02046,26,Male,Kolkata,Mass,2021-05-18,21-29
C02047,Customer 02047,54,Female,Kolkata,Affluent,2022-09-07,50-59
C02048,Customer 02048,38,Female,Mumbai,Affluent,2021-02-16,30-39
C02049,Customer 02049,33,Male,Chennai,Mass,2022-01-03,30-39
C02050,Customer 02050,61,Male,Jaipur,Mass,2021-01-06,60+
C02051,Customer 02051,43,Female,Hyderabad,Affluent,2022-06-07,40-49
C02052,Customer 02052,39,Female,Bhubaneswar,Mass,2022-06-13,30-39
C02053,Customer 02053,65,Male,Mumbai,Mass,2024-07-19,60+
C02054,Customer 02054,31,Female,Bengaluru,Premium,2021-03-07,30-39
C02055,Customer 02055,21,Female,Jaipur,Affluent,2022-02-24,21-29
C02056,Customer 02056,44,Male,Ahmedabad,Affluent,2024-09-24,40-49
C02057,Customer 02057,27,Male,Bhubaneswar,Mass,2023-07-23,21-29
C02058,Customer 02058,45,Male,Pune,Mass,2022-05-13,40-49
C02059,Customer 02059,41,Male,Jaipur,Mass,2025-02-01,40-49
C02060,Customer 02060,35,Male,Ahmedabad,Mass,2021-11-27,30-39
C02061,Customer 02061,21,Female,Ahmedabad,Affluent,2023-02-07,21-29
C02062,Customer 02062,32,Female,Chennai,Mass,2023-09-28,30-39
C02063,Customer 02063,27,Female,Delhi,Affluent,2024-02-29,21-29
C02064,Customer 02064,35,Female,Jaipur,Mass,2022-06-14,30-39
C02065,Customer 02065,41,Male,Hyderabad,Mass,2025-06-13,40-49
C02066,Customer 02066,39,Male,Hyderabad,Premium,2025-01-01,30-39
C02067,Customer 02067,49,Male,Hyderabad,Mass,2021-08-31,40-49
C02068,Customer 02068,45,Male,Chennai,Mass,2025-01-26,40-49
C02069,Customer 02069,53,Female,Hyderabad,Mass,2021-12-16,50-59
C02070,Customer 02070,52,Female,Bengaluru,Mass,2023-11-07,50-59
C02071,Customer 02071,55,Male,Jaipur,Mass,2025-01-29,50-59
C02072,Customer 02072,64,Male,Hyderabad,Mass,2023-01-05,60+
C02073,Customer 02073,58,Male,Chennai,Affluent,2023-06-01,50-59
C02074,Customer 02074,46,Male,Bengaluru,Affluent,2021-12-29,40-49
C02075,Customer 02075,31,Male,Bengaluru,Mass,2024-05-18,30-39
C02076,Customer 02076,55,Male,Mumbai,Mass,2023-10-12,50-59
C02077,Customer 02077,28,Female,Pune,Mass,2025-06-23,21-29
C02078,Customer 02078,34,Male,Bengaluru,Mass,2022-06-09,30-39
C02079,Customer 02079,30,Male,Jaipur,Mass,2023-04-11,30-39
C02080,Customer 02080,22,Female,Mumbai,Affluent,2023-02-21,21-29
C02081,Customer 02081,29,Male,Mumbai,Mass,2022-02-24,21-29
C02082,Customer 02082,23,Female,Mumbai,Affluent,2023-02-25,21-29
C02083,Customer 02083,41,Male,Bengaluru,Premium,2021-05-13,40-49
C02084,Customer 02084,46,Female,Kolkata,Affluent,2021-01-14,40-49
C02085,Customer 02085,28,Male,Ahmedabad,Mass,2023-12-04,21-29
C02086,Customer 02086,22,Female,Chennai,Mass,2024-11-01,21-29
C02087,Customer 02087,26,Male,Mumbai,Premium,2021-10-22,21-29
C02088,Customer 02088,48,Female,Mumbai,Mass,2024-11-20,40-49
C02089,Customer 02089,49,Female,Hyderabad,Affluent,2024-02-02,40-49
C02090,Customer 02090,46,Male,Bhubaneswar,Mass,2022-03-21,40-49
C02091,Customer 02091,45,Male,Mumbai,Mass,2023-12-22,40-49
C02092,Customer 02092,32,Female,Kolkata,Affluent,2025-05-08,30-39
C02093,Customer 02093,25,Female,Hyderabad,Affluent,2022-02-16,21-29
C02094,Customer 02094,54,Male,Mumbai,Affluent,2022-09-22,50-59
C02095,Customer 02095,57,Male,Hyderabad,Premium,2021-11-17,50-59
C02096,Customer 02096,35,Male,Bengaluru,Mass,2024-02-29,30-39
C02097,Customer 02097,64,Female,Kolkata,Mass,2023-03-29,60+
C02098,Customer 02098,56,Male,Mumbai,Premium,2024-05-07,50-59
C02099,Customer 02099,35,Female,Pune,Mass,2023-06-24,30-39
C02100,Customer 02100,63,Female,Bengaluru,Affluent,2021-02-05,60+
C02101,Customer 02101,43,Male,Bhubaneswar,Mass,2023-03-02,40-49
C02102,Customer 02102,26,Male,Mumbai,Mass,2024-05-24,21-29
C02103,Customer 02103,64,Male,Jaipur,Mass,2022-08-09,60+
C02104,Customer 02104,63,Female,Kolkata,Mass,2021-11-02,60+
C02105,Customer 02105,65,Female,Bhubaneswar,Affluent,2025-05-10,60+
C02106,Customer 02106,41,Female,Hyderabad,Affluent,2023-10-05,40-49
C02107,Customer 02107,43,Other,Pune,Affluent,2023-06-12,40-49
C02108,Customer 02108,63,Female,Delhi,Mass,2021-01-12,60+
C02109,Customer 02109,36,Female,Mumbai,Mass,2021-03-24,30-39
C02110,Customer 02110,35,Female,Hyderabad,Mass,2023-11-22,30-39
C02111,Customer 02111,45,Male,Mumbai,Mass,2024-12-02,40-49
C02112,Customer 02112,56,Female,Bhubaneswar,Mass,2024-01-15,50-59
C02113,Customer 02113,31,Male,Bengaluru,Mass,2024-12-05,30-39
C02114,Customer 02114,35,Female,Chennai,Mass,2023-08-15,30-39
C02115,Customer 02115,24,Male,Chennai,Mass,2022-12-14,21-29
C02116,Customer 02116,41,Female,Hyderabad,Mass,2025-05-06,40-49
C02117,Customer 02117,33,Male,Pune,Mass,2024-07-03,30-39
C02118,Customer 02118,42,Male,Bengaluru,Mass,2021-08-29,40-49
C02119,Customer 02119,39,Female,Chennai,Mass,2023-06-17,30-39
C02120,Customer 02120,54,Male,Mumbai,Premium,2023-06-15,50-59
C02121,Customer 02121,34,Female,Bhubaneswar,Mass,2023-06-26,30-39
C02122,Customer 02122,24,Male,Kolkata,Affluent,2025-01-15,21-29
C02123,Customer 02123,47,Male,Bhubaneswar,Mass,2023-01-26,40-49
C02124,Customer 02124,49,Female,Bengaluru,Affluent,2023-10-22,40-49
C02125,Customer 02125,48,Female,Mumbai,Mass,2022-08-24,40-49
C02126,Customer 02126,55,Female,Mumbai,Affluent,2021-10-09,50-59
C02127,Customer 02127,28,Female,Bengaluru,Mass,2022-10-13,21-29
C02128,Customer 02128,36,Female,Mumbai,Affluent,2022-08-22,30-39
C02129,Customer 02129,62,Female,Pune,Mass,2025-03-18,60+
C02130,Customer 02130,56,Female,Mumbai,Mass,2023-09-06,50-59
C02131,Customer 02131,50,Male,Hyderabad,Affluent,2024-02-17,50-59
C02132,Customer 02132,38,Female,Jaipur,Mass,2023-10-09,30-39
C02133,Customer 02133,22,Female,Pune,Premium,2023-06-19,21-29
C02134,Customer 02134,33,Male,Delhi,Mass,2025-03-09,30-39
C02135,Customer 02135,24,Female,Delhi,Mass,2024-01-09,21-29
C02136,Customer 02136,46,Female,Hyderabad,Affluent,2023-06-13,40-49
C02137,Customer 02137,45,Female,Mumbai,Mass,2023-08-15,40-49
C02138,Customer 02138,50,Male,Chennai,Mass,2021-08-07,50-59
C02139,Customer 02139,31,Male,Delhi,Affluent,2025-03-21,30-39
C02140,Customer 02140,27,Female,Ahmedabad,Affluent,2022-12-28,21-29
C02141,Customer 02141,51,Male,Kolkata,Premium,2023-10-06,50-59
C02142,Customer 02142,64,Male,Chennai,Mass,2025-01-29,60+
C02143,Customer 02143,30,Male,Delhi,Mass,2022-06-02,30-39
C02144,Customer 02144,59,Male,Mumbai,Mass,2023-03-23,50-59
C02145,Customer 02145,33,Male,Kolkata,Mass,2022-05-17,30-39
C02146,Customer 02146,51,Female,Hyderabad,Affluent,2021-02-27,50-59
C02147,Customer 02147,27,Female,Mumbai,Mass,2024-09-22,21-29
C02148,Customer 02148,62,Female,Mumbai,Mass,2025-03-14,60+
C02149,Customer 02149,62,Male,Mumbai,Mass,2023-03-25,60+
C02150,Customer 02150,56,Male,Kolkata,Affluent,2022-09-06,50-59
C02151,Customer 02151,40,Male,Mumbai,Premium,2022-03-02,40-49
C02152,Customer 02152,24,Other,Hyderabad,Affluent,2025-05-03,21-29
C02153,Customer 02153,27,Female,Hyderabad,Mass,2024-10-25,21-29
C02154,Customer 02154,21,Male,Chennai,Affluent,2024-12-05,21-29
C02155,Customer 02155,64,Male,Ahmedabad,Affluent,2023-06-02,60+
C02156,Customer 02156,65,Other,Ahmedabad,Mass,2022-03-08,60+
C02157,Customer 02157,62,Other,Hyderabad,Mass,2024-05-04,60+
C02158,Customer 02158,33,Male,Bengaluru,Mass,2024-11-01,30-39
C02159,Customer 02159,42,Female,Delhi,Mass,2023-08-06,40-49
C02160,Customer 02160,41,Male,Chennai,Affluent,2024-10-20,40-49
C02161,Customer 02161,42,Female,Chennai,Mass,2023-07-24,40-49
C02162,Customer 02162,48,Male,Pune,Mass,2022-02-09,40-49
C02163,Customer 02163,29,Male,Bengaluru,Premium,2022-05-07,21-29
C02164,Customer 02164,46,Female,Pune,Affluent,2021-03-07,40-49
C02165,Customer 02165,29,Male,Mumbai,Affluent,2023-07-01,21-29
C02166,Customer 02166,35,Female,Kolkata,Mass,2022-01-26,30-39
C02167,Customer 02167,30,Female,Delhi,Mass,2021-03-24,30-39
C02168,Customer 02168,44,Female,Pune,Mass,2023-09-30,40-49
C02169,Customer 02169,62,Male,Bengaluru,Mass,2022-04-26,60+
C02170,Customer 02170,28,Male,Delhi,Mass,2023-02-16,21-29
C02171,Customer 02171,44,Male,Pune,Mass,2024-06-06,40-49
C02172,Customer 02172,36,Female,Mumbai,Mass,2023-02-24,30-39
C02173,Customer 02173,46,Male,Kolkata,Mass,2024-06-02,40-49
C02174,Customer 02174,47,Male,Chennai,Mass,2024-02-11,40-49
C02175,Customer 02175,57,Female,Chennai,Affluent,2022-10-14,50-59
C02176,Customer 02176,24,Female,Delhi,Mass,2024-04-23,21-29
C02177,Customer 02177,44,Female,Hyderabad,Mass,2025-03-16,40-49
C02178,Customer 02178,39,Male,Chennai,Mass,2024-04-11,30-39
C02179,Customer 02179,56,Male,Hyderabad,Mass,2022-06-07,50-59
C02180,Customer 02180,59,Male,Pune,Mass,2021-07-24,50-59
C02181,Customer 02181,30,Female,Hyderabad,Mass,2023-01-12,30-39
C02182,Customer 02182,45,Male,Mumbai,Affluent,2025-04-11,40-49
C02183,Customer 02183,38,Female,Mumbai,Premium,2021-11-15,30-39
C02184,Customer 02184,39,Female,Bengaluru,Affluent,2024-03-28,30-39
C02185,Customer 02185,56,Male,Delhi,Premium,2021-10-05,50-59
C02186,Customer 02186,30,Female,Kolkata,Affluent,2023-06-21,30-39
C02187,Customer 02187,53,Male,Kolkata,Mass,2021-05-28,50-59
C02188,Customer 02188,25,Female,Mumbai,Premium,2023-02-17,21-29
C02189,Customer 02189,55,Male,Bhubaneswar,Mass,2024-01-12,50-59
C02190,Customer 02190,64,Female,Hyderabad,Affluent,2022-02-23,60+
C02191,Customer 02191,54,Male,Jaipur,Mass,2022-06-22,50-59
C02192,Customer 02192,53,Female,Pune,Mass,2025-05-26,50-59
C02193,Customer 02193,41,Female,Pune,Affluent,2025-04-22,40-49
C02194,Customer 02194,37,Male,Bengaluru,Mass,2022-01-27,30-39
C02195,Customer 02195,42,Female,Mumbai,Mass,2024-03-02,40-49
C02196,Customer 02196,57,Male,Bengaluru,Mass,2023-07-29,50-59
C02197,Customer 02197,35,Other,Pune,Mass,2025-06-16,30-39
C02198,Customer 02198,55,Female,Delhi,Premium,2021-08-30,50-59
C02199,Customer 02199,48,Female,Kolkata,Affluent,2025-01-14,40-49
C02200,Customer 02200,27,Male,Delhi,Mass,2023-09-26,21-29
C02201,Customer 02201,52,Male,Ahmedabad,Mass,2024-05-08,50-59
C02202,Customer 02202,31,Male,Bengaluru,Affluent,2024-02-15,30-39
C02203,Customer 02203,30,Male,Mumbai,Mass,2024-05-27,30-39
C02204,Customer 02204,29,Male,Delhi,Mass,2024-08-21,21-29
C02205,Customer 02205,34,Female,Delhi,Mass,2021-08-31,30-39
C02206,Customer 02206,33,Other,Delhi,Affluent,2024-08-08,30-39
C02207,Customer 02207,45,Male,Kolkata,Mass,2023-09-03,40-49
C02208,Customer 02208,22,Female,Bengaluru,Mass,2024-08-17,21-29
C02209,Customer 02209,55,Female,Delhi,Mass,2022-11-15,50-59
C02210,Customer 02210,27,Female,Ahmedabad,Mass,2024-11-12,21-29
C02211,Customer 02211,41,Female,Bengaluru,Mass,2022-08-11,40-49
C02212,Customer 02212,38,Male,Bhubaneswar,Mass,2024-05-17,30-39
C02213,Customer 02213,23,Female,Bhubaneswar,Mass,2024-08-30,21-29
C02214,Customer 02214,62,Female,Bengaluru,Mass,2022-09-09,60+
C02215,Customer 02215,59,Female,Mumbai,Mass,2021-01-26,50-59
C02216,Customer 02216,61,Other,Delhi,Affluent,2023-05-13,60+
C02217,Customer 02217,31,Male,Kolkata,Affluent,2021-03-20,30-39
C02218,Customer 02218,59,Female,Chennai,Mass,2023-10-09,50-59
C02219,Customer 02219,44,Female,Pune,Mass,2021-05-08,40-49
C02220,Customer 02220,39,Other,Kolkata,Mass,2022-02-17,30-39
C02221,Customer 02221,24,Male,Bengaluru,Mass,2021-05-17,21-29
C02222,Customer 02222,46,Female,Ahmedabad,Affluent,2024-09-19,40-49
C02223,Customer 02223,58,Female,Pune,Mass,2022-07-02,50-59
C02224,Customer 02224,62,Female,Chennai,Affluent,2022-01-23,60+
C02225,Customer 02225,52,Female,Jaipur,Affluent,2022-07-25,50-59
C02226,Customer 02226,59,Male,Pune,Premium,2024-06-07,50-59
C02227,Customer 02227,65,Male,Mumbai,Mass,2023-10-13,60+
C02228,Customer 02228,56,Male,Delhi,Mass,2022-02-25,50-59
C02229,Customer 02229,60,Male,Hyderabad,Mass,2024-02-22,60+
C02230,Customer 02230,57,Female,Bengaluru,Affluent,2024-01-17,50-59
C02231,Customer 02231,53,Male,Bhubaneswar,Affluent,2021-05-21,50-59
C02232,Customer 02232,56,Male,Bengaluru,Mass,2021-02-20,50-59
C02233,Customer 02233,23,Female,Pune,Mass,2023-09-14,21-29
C02234,Customer 02234,29,Female,Hyderabad,Mass,2025-05-10,21-29
C02235,Customer 02235,28,Male,Bengaluru,Mass,2023-07-18,21-29
C02236,Customer 02236,53,Female,Jaipur,Mass,2024-11-29,50-59
C02237,Customer 02237,26,Female,Ahmedabad,Mass,2024-09-22,21-29
C02238,Customer 02238,61,Male,Hyderabad,Mass,2022-10-24,60+
C02239,Customer 02239,59,Other,Mumbai,Affluent,2022-01-01,50-59
C02240,Customer 02240,24,Male,Bengaluru,Mass,2023-06-27,21-29
C02241,Customer 02241,33,Male,Delhi,Mass,2023-09-25,30-39
C02242,Customer 02242,22,Female,Mumbai,Mass,2023-05-04,21-29
C02243,Customer 02243,25,Male,Hyderabad,Affluent,2021-09-15,21-29
C02244,Customer 02244,64,Male,Bhubaneswar,Mass,2024-11-12,60+
C02245,Customer 02245,47,Male,Chennai,Premium,2021-02-14,40-49
C02246,Customer 02246,52,Female,Jaipur,Mass,2021-09-26,50-59
C02247,Customer 02247,41,Male,Pune,Premium,2024-08-27,40-49
C02248,Customer 02248,28,Male,Hyderabad,Affluent,2022-11-03,21-29
C02249,Customer 02249,58,Female,Ahmedabad,Mass,2023-10-16,50-59
C02250,Customer 02250,28,Female,Hyderabad,Premium,2024-07-25,21-29
C02251,Customer 02251,23,Female,Ahmedabad,Mass,2023-05-07,21-29
C02252,Customer 02252,64,Female,Mumbai,Mass,2025-02-07,60+
C02253,Customer 02253,23,Male,Bengaluru,Mass,2025-05-10,21-29
C02254,Customer 02254,42,Female,Ahmedabad,Mass,2021-05-25,40-49
C02255,Customer 02255,26,Female,Chennai,Affluent,2021-08-23,21-29
C02256,Customer 02256,22,Male,Jaipur,Affluent,2022-11-22,21-29
C02257,Customer 02257,43,Female,Jaipur,Mass,2022-12-21,40-49
C02258,Customer 02258,64,Male,Bengaluru,Mass,2024-03-05,60+
C02259,Customer 02259,22,Female,Hyderabad,Mass,2025-01-08,21-29
C02260,Customer 02260,58,Male,Delhi,Affluent,2021-12-19,50-59
C02261,Customer 02261,37,Male,Chennai,Mass,2024-11-18,30-39
C02262,Customer 02262,55,Male,Kolkata,Premium,2023-09-21,50-59
C02263,Customer 02263,54,Female,Mumbai,Mass,2021-10-02,50-59
C02264,Customer 02264,43,Male,Chennai,Mass,2024-11-08,40-49
C02265,Customer 02265,50,Female,Pune,Affluent,2023-06-29,50-59
C02266,Customer 02266,28,Female,Bengaluru,Mass,2024-09-08,21-29
C02267,Customer 02267,42,Female,Ahmedabad,Mass,2024-04-21,40-49
C02268,Customer 02268,64,Male,Chennai,Mass,2025-05-16,60+
C02269,Customer 02269,56,Female,Bhubaneswar,Mass,2022-03-16,50-59
C02270,Customer 02270,25,Male,Delhi,Premium,2023-12-23,21-29
C02271,Customer 02271,33,Female,Bengaluru,Mass,2023-05-22,30-39
C02272,Customer 02272,49,Female,Hyderabad,Mass,2022-10-13,40-49
C02273,Customer 02273,51,Male,Bengaluru,Mass,2023-08-01,50-59
C02274,Customer 02274,36,Female,Bhubaneswar,Mass,2021-02-03,30-39
C02275,Customer 02275,62,Male,Bengaluru,Affluent,2022-12-06,60+
C02276,Customer 02276,50,Female,Kolkata,Premium,2023-05-17,50-59
C02277,Customer 02277,36,Male,Hyderabad,Affluent,2023-09-12,30-39
C02278,Customer 02278,32,Male,Delhi,Mass,2023-04-12,30-39
C02279,Customer 02279,37,Female,Bengaluru,Mass,2025-02-09,30-39
C02280,Customer 02280,36,Female,Chennai,Mass,2024-01-16,30-39
C02281,Customer 02281,32,Male,Chennai,Affluent,2024-05-18,30-39
C02282,Customer 02282,28,Male,Mumbai,Mass,2022-04-07,21-29
C02283,Customer 02283,40,Female,Jaipur,Mass,2021-03-22,40-49
C02284,Customer 02284,23,Female,Delhi,Premium,2021-11-18,21-29
C02285,Customer 02285,36,Male,Hyderabad,Mass,2022-02-19,30-39
C02286,Customer 02286,50,Male,Chennai,Mass,2023-09-19,50-59
C02287,Customer 02287,65,Female,Bengaluru,Mass,2021-07-09,60+
C02288,Customer 02288,43,Male,Jaipur,Mass,2024-06-10,40-49
C02289,Customer 02289,48,Female,Delhi,Mass,2022-01-27,40-49
C02290,Customer 02290,60,Male,Bengaluru,Mass,2024-04-07,60+
C02291,Customer 02291,25,Female,Delhi,Mass,2025-01-06,21-29
C02292,Customer 02292,40,Other,Chennai,Mass,2021-06-17,40-49
C02293,Customer 02293,60,Male,Hyderabad,Affluent,2024-06-08,60+
C02294,Customer 02294,64,Male,Pune,Mass,2024-03-19,60+
C02295,Customer 02295,21,Male,Bengaluru,Affluent,2022-10-26,21-29
C02296,Customer 02296,50,Male,Mumbai,Mass,2025-04-23,50-59
C02297,Customer 02297,41,Male,Ahmedabad,Mass,2024-11-10,40-49
C02298,Customer 02298,40,Female,Bengaluru,Premium,2022-01-16,40-49
C02299,Customer 02299,26,Male,Ahmedabad,Mass,2024-07-22,21-29
C02300,Customer 02300,42,Male,Bengaluru,Mass,2025-06-29,40-49
C02301,Customer 02301,38,Male,Ahmedabad,Affluent,2023-06-17,30-39
C02302,Customer 02302,28,Female,Delhi,Mass,2023-05-14,21-29
C02303,Customer 02303,59,Female,Chennai,Mass,2021-03-03,50-59
C02304,Customer 02304,52,Female,Bengaluru,Mass,2025-01-30,50-59
C02305,Customer 02305,53,Male,Bengaluru,Affluent,2022-06-12,50-59
C02306,Customer 02306,36,Female,Mumbai,Affluent,2023-05-12,30-39
C02307,Customer 02307,32,Male,Bengaluru,Mass,2021-05-30,30-39
C02308,Customer 02308,58,Male,Delhi,Mass,2024-03-11,50-59
C02309,Customer 02309,54,Male,Hyderabad,Mass,2021-04-26,50-59
C02310,Customer 02310,34,Male,Chennai,Mass,2023-04-04,30-39
C02311,Customer 02311,56,Female,Kolkata,Mass,2021-03-06,50-59
C02312,Customer 02312,53,Female,Pune,Mass,2024-12-23,50-59
C02313,Customer 02313,43,Female,Chennai,Mass,2021-11-06,40-49
C02314,Customer 02314,65,Male,Delhi,Mass,2022-12-07,60+
C02315,Customer 02315,22,Female,Hyderabad,Premium,2023-05-04,21-29
C02316,Customer 02316,61,Male,Delhi,Mass,2024-12-24,60+
C02317,Customer 02317,41,Female,Ahmedabad,Mass,2023-10-21,40-49
C02318,Customer 02318,22,Female,Mumbai,Mass,2024-03-30,21-29
C02319,Customer 02319,47,Female,Bengaluru,Premium,2021-11-02,40-49
C02320,Customer 02320,29,Male,Pune,Affluent,2024-10-16,21-29
C02321,Customer 02321,21,Male,Mumbai,Affluent,2024-07-25,21-29
C02322,Customer 02322,31,Female,Jaipur,Mass,2024-08-12,30-39
C02323,Customer 02323,23,Male,Ahmedabad,Affluent,2025-04-24,21-29
C02324,Customer 02324,43,Female,Bengaluru,Mass,2023-05-23,40-49
C02325,Customer 02325,46,Other,Bengaluru,Mass,2021-06-18,40-49
C02326,Customer 02326,24,Male,Hyderabad,Mass,2025-01-22,21-29
C02327,Customer 02327,38,Female,Chennai,Affluent,2025-05-23,30-39
C02328,Customer 02328,26,Male,Mumbai,Affluent,2023-10-28,21-29
C02329,Customer 02329,55,Female,Pune,Affluent,2025-06-09,50-59
C02330,Customer 02330,42,Male,Chennai,Premium,2024-03-01,40-49
C02331,Customer 02331,63,Female,Delhi,Mass,2022-08-11,60+
C02332,Customer 02332,35,Male,Bengaluru,Mass,2023-02-01,30-39
C02333,Customer 02333,42,Female,Kolkata,Mass,2021-12-13,40-49
C02334,Customer 02334,57,Male,Mumbai,Affluent,2023-08-13,50-59
C02335,Customer 02335,62,Male,Ahmedabad,Mass,2025-06-08,60+
C02336,Customer 02336,32,Male,Delhi,Affluent,2023-01-05,30-39
C02337,Customer 02337,62,Male,Chennai,Mass,2024-06-30,60+
C02338,Customer 02338,58,Male,Ahmedabad,Mass,2022-02-14,50-59
C02339,Customer 02339,38,Female,Ahmedabad,Mass,2022-06-27,30-39
C02340,Customer 02340,65,Female,Delhi,Mass,2021-12-21,60+
C02341,Customer 02341,55,Female,Mumbai,Affluent,2022-12-14,50-59
C02342,Customer 02342,50,Other,Kolkata,Mass,2025-05-07,50-59
C02343,Customer 02343,44,Female,Hyderabad,Mass,2024-10-23,40-49
C02344,Customer 02344,62,Male,Mumbai,Mass,2022-08-07,60+
C02345,Customer 02345,50,Male,Jaipur,Mass,2022-05-26,50-59
C02346,Customer 02346,34,Female,Mumbai,Mass,2022-06-17,30-39
C02347,Customer 02347,26,Female,Bengaluru,Mass,2022-06-12,21-29
C02348,Customer 02348,23,Female,Bengaluru,Affluent,2023-08-05,21-29
C02349,Customer 02349,36,Female,Chennai,Mass,2025-04-01,30-39
C02350,Customer 02350,27,Female,Pune,Mass,2024-11-26,21-29
C02351,Customer 02351,34,Female,Delhi,Mass,2024-04-13,30-39
C02352,Customer 02352,29,Male,Delhi,Mass,2023-04-04,21-29
C02353,Customer 02353,35,Male,Delhi,Mass,2021-03-19,30-39
C02354,Customer 02354,41,Female,Pune,Mass,2022-03-16,40-49
C02355,Customer 02355,55,Female,Bengaluru,Mass,2022-07-03,50-59
C02356,Customer 02356,22,Female,Jaipur,Affluent,2024-06-09,21-29
C02357,Customer 02357,47,Male,Mumbai,Mass,2022-02-04,40-49
C02358,Customer 02358,22,Male,Bhubaneswar,Affluent,2024-05-21,21-29
C02359,Customer 02359,55,Female,Mumbai,Premium,2024-05-01,50-59
C02360,Customer 02360,38,Female,Kolkata,Mass,2025-05-15,30-39
C02361,Customer 02361,34,Male,Mumbai,Mass,2022-12-02,30-39
C02362,Customer 02362,40,Male,Bengaluru,Mass,2024-07-14,40-49
C02363,Customer 02363,38,Female,Ahmedabad,Mass,2021-05-06,30-39
C02364,Customer 02364,30,Male,Ahmedabad,Affluent,2023-04-14,30-39
C02365,Customer 02365,45,Female,Delhi,Affluent,2024-11-06,40-49
C02366,Customer 02366,22,Female,Pune,Mass,2022-06-28,21-29
C02367,Customer 02367,45,Male,Chennai,Mass,2022-05-17,40-49
C02368,Customer 02368,53,Male,Ahmedabad,Mass,2024-11-27,50-59
C02369,Customer 02369,56,Female,Delhi,Mass,2023-04-04,50-59
C02370,Customer 02370,51,Male,Hyderabad,Affluent,2024-07-08,50-59
C02371,Customer 02371,34,Female,Hyderabad,Mass,2022-01-22,30-39
C02372,Customer 02372,21,Male,Delhi,Mass,2022-02-16,21-29
C02373,Customer 02373,36,Male,Jaipur,Affluent,2024-10-01,30-39
C02374,Customer 02374,23,Male,Mumbai,Mass,2024-01-23,21-29
C02375,Customer 02375,55,Male,Bengaluru,Mass,2021-11-24,50-59
C02376,Customer 02376,61,Female,Chennai,Mass,2021-04-10,60+
C02377,Customer 02377,26,Male,Pune,Mass,2022-04-06,21-29
C02378,Customer 02378,45,Male,Mumbai,Affluent,2024-08-31,40-49
C02379,Customer 02379,33,Male,Delhi,Affluent,2021-01-25,30-39
C02380,Customer 02380,54,Female,Bhubaneswar,Mass,2022-05-09,50-59
C02381,Customer 02381,28,Male,Mumbai,Premium,2021-12-19,21-29
C02382,Customer 02382,41,Male,Pune,Mass,2023-05-19,40-49
C02383,Customer 02383,54,Female,Kolkata,Affluent,2024-02-15,50-59
C02384,Customer 02384,24,Male,Hyderabad,Affluent,2021-07-18,21-29
C02385,Customer 02385,45,Female,Jaipur,Mass,2024-07-26,40-49
C02386,Customer 02386,35,Female,Kolkata,Affluent,2025-05-25,30-39
C02387,Customer 02387,24,Male,Hyderabad,Mass,2023-04-27,21-29
C02388,Customer 02388,65,Male,Chennai,Mass,2024-01-08,60+
C02389,Customer 02389,32,Male,Pune,Affluent,2024-12-18,30-39
C02390,Customer 02390,52,Female,Chennai,Affluent,2024-10-09,50-59
C02391,Customer 02391,52,Male,Ahmedabad,Affluent,2022-06-10,50-59
C02392,Customer 02392,48,Female,Delhi,Affluent,2022-06-25,40-49
C02393,Customer 02393,33,Female,Mumbai,Mass,2022-04-22,30-39
C02394,Customer 02394,51,Female,Mumbai,Mass,2021-01-10,50-59
C02395,Customer 02395,34,Male,Bengaluru,Premium,2025-05-02,30-39
C02396,Customer 02396,40,Male,Bengaluru,Mass,2025-03-07,40-49
C02397,Customer 02397,38,Male,Ahmedabad,Affluent,2024-07-07,30-39
C02398,Customer 02398,49,Male,Pune,Mass,2022-06-08,40-49
C02399,Customer 02399,26,Female,Pune,Mass,2023-03-21,21-29
C02400,Customer 02400,52,Male,Chennai,Mass,2023-02-11,50-59
C02401,Customer 02401,49,Female,Ahmedabad,Premium,2025-06-08,40-49
C02402,Customer 02402,63,Male,Hyderabad,Mass,2023-05-10,60+
C02403,Customer 02403,22,Female,Ahmedabad,Premium,2023-10-27,21-29
C02404,Customer 02404,43,Male,Delhi,Mass,2023-11-25,40-49
C02405,Customer 02405,39,Male,Jaipur,Mass,2021-06-24,30-39
C02406,Customer 02406,51,Male,Pune,Affluent,2022-03-18,50-59
C02407,Customer 02407,25,Male,Mumbai,Affluent,2025-05-20,21-29
C02408,Customer 02408,39,Female,Chennai,Premium,2024-03-16,30-39
C02409,Customer 02409,54,Male,Hyderabad,Mass,2025-05-12,50-59
C02410,Customer 02410,30,Female,Bengaluru,Mass,2024-05-01,30-39
C02411,Customer 02411,45,Male,Chennai,Mass,2023-11-03,40-49
C02412,Customer 02412,22,Male,Delhi,Mass,2025-04-03,21-29
C02413,Customer 02413,31,Female,Bengaluru,Premium,2021-09-03,30-39
C02414,Customer 02414,51,Male,Bhubaneswar,Mass,2022-11-06,50-59
C02415,Customer 02415,35,Male,Pune,Mass,2021-04-24,30-39
C02416,Customer 02416,29,Female,Ahmedabad,Mass,2023-10-09,21-29
C02417,Customer 02417,43,Male,Pune,Mass,2023-03-05,40-49
C02418,Customer 02418,39,Female,Delhi,Mass,2021-08-21,30-39
C02419,Customer 02419,29,Male,Hyderabad,Mass,2023-09-07,21-29
C02420,Customer 02420,55,Male,Pune,Mass,2024-09-07,50-59
C02421,Customer 02421,41,Other,Bhubaneswar,Mass,2025-04-11,40-49
C02422,Customer 02422,29,Male,Mumbai,Premium,2021-05-06,21-29
C02423,Customer 02423,48,Female,Ahmedabad,Mass,2024-08-29,40-49
C02424,Customer 02424,27,Male,Jaipur,Mass,2022-05-26,21-29
C02425,Customer 02425,36,Female,Pune,Premium,2025-02-16,30-39
C02426,Customer 02426,36,Male,Jaipur,Affluent,2021-10-08,30-39
C02427,Customer 02427,53,Male,Delhi,Premium,2023-03-09,50-59
C02428,Customer 02428,24,Female,Bhubaneswar,Premium,2023-09-05,21-29
C02429,Customer 02429,24,Female,Pune,Mass,2023-06-22,21-29
C02430,Customer 02430,59,Male,Bengaluru,Affluent,2024-07-30,50-59
C02431,Customer 02431,60,Male,Jaipur,Mass,2022-10-13,60+
C02432,Customer 02432,37,Female,Hyderabad,Mass,2025-06-25,30-39
C02433,Customer 02433,57,Female,Hyderabad,Affluent,2022-01-27,50-59
C02434,Customer 02434,59,Female,Chennai,Mass,2025-03-27,50-59
C02435,Customer 02435,49,Male,Bengaluru,Affluent,2022-01-17,40-49
C02436,Customer 02436,56,Female,Hyderabad,Affluent,2021-08-04,50-59
C02437,Customer 02437,58,Male,Ahmedabad,Mass,2022-06-26,50-59
C02438,Customer 02438,59,Female,Bengaluru,Affluent,2022-08-29,50-59
C02439,Customer 02439,57,Male,Mumbai,Mass,2021-04-26,50-59
C02440,Customer 02440,55,Female,Bengaluru,Mass,2022-05-24,50-59
C02441,Customer 02441,27,Male,Delhi,Affluent,2025-03-04,21-29
C02442,Customer 02442,47,Female,Pune,Mass,2021-09-28,40-49
C02443,Customer 02443,48,Male,Kolkata,Affluent,2025-01-03,40-49
C02444,Customer 02444,42,Female,Bhubaneswar,Mass,2024-08-07,40-49
C02445,Customer 02445,34,Male,Chennai,Mass,2023-11-29,30-39
C02446,Customer 02446,27,Male,Mumbai,Affluent,2023-11-14,21-29
C02447,Customer 02447,57,Female,Jaipur,Mass,2023-02-15,50-59
C02448,Customer 02448,42,Male,Kolkata,Mass,2023-12-03,40-49
C02449,Customer 02449,25,Male,Chennai,Mass,2024-04-08,21-29
C02450,Customer 02450,22,Female,Pune,Affluent,2021-12-06,21-29
C02451,Customer 02451,47,Female,Jaipur,Mass,2021-06-18,40-49
C02452,Customer 02452,41,Female,Pune,Affluent,2025-04-11,40-49
C02453,Customer 02453,58,Male,Delhi,Mass,2025-02-04,50-59
C02454,Customer 02454,35,Male,Pune,Affluent,2022-10-24,30-39
C02455,Customer 02455,41,Female,Bengaluru,Premium,2021-05-23,40-49
C02456,Customer 02456,30,Male,Delhi,Mass,2024-01-30,30-39
C02457,Customer 02457,43,Male,Delhi,Mass,2022-07-29,40-49
C02458,Customer 02458,59,Male,Mumbai,Affluent,2025-06-17,50-59
C02459,Customer 02459,25,Male,Bengaluru,Affluent,2022-04-20,21-29
C02460,Customer 02460,21,Male,Bengaluru,Mass,2021-11-07,21-29
C02461,Customer 02461,33,Male,Pune,Affluent,2025-05-27,30-39
C02462,Customer 02462,41,Female,Kolkata,Affluent,2023-12-20,40-49
C02463,Customer 02463,46,Male,Bhubaneswar,Affluent,2023-11-19,40-49
C02464,Customer 02464,65,Male,Delhi,Affluent,2022-06-15,60+
C02465,Customer 02465,41,Male,Chennai,Mass,2023-09-18,40-49
C02466,Customer 02466,38,Male,Jaipur,Premium,2021-03-14,30-39
C02467,Customer 02467,57,Male,Mumbai,Mass,2024-11-18,50-59
C02468,Customer 02468,65,Male,Pune,Mass,2023-05-19,60+
C02469,Customer 02469,52,Female,Kolkata,Mass,2022-01-29,50-59
C02470,Customer 02470,56,Female,Bengaluru,Mass,2022-04-26,50-59
C02471,Customer 02471,37,Male,Ahmedabad,Mass,2022-04-18,30-39
C02472,Customer 02472,55,Male,Ahmedabad,Mass,2021-11-09,50-59
C02473,Customer 02473,31,Female,Bengaluru,Mass,2025-01-01,30-39
C02474,Customer 02474,41,Male,Bengaluru,Affluent,2023-08-10,40-49
C02475,Customer 02475,46,Male,Bengaluru,Mass,2021-11-20,40-49
C02476,Customer 02476,24,Female,Delhi,Mass,2023-10-10,21-29
C02477,Customer 02477,54,Female,Hyderabad,Mass,2023-08-23,50-59
C02478,Customer 02478,38,Female,Hyderabad,Mass,2021-03-28,30-39
C02479,Customer 02479,60,Male,Mumbai,Mass,2021-12-25,60+
C02480,Customer 02480,55,Female,Jaipur,Mass,2022-11-26,50-59
C02481,Customer 02481,61,Female,Delhi,Premium,2021-07-16,60+
C02482,Customer 02482,49,Female,Bengaluru,Affluent,2023-01-26,40-49
C02483,Customer 02483,49,Female,Delhi,Affluent,2023-09-04,40-49
C02484,Customer 02484,58,Female,Hyderabad,Mass,2024-11-09,50-59
C02485,Customer 02485,62,Female,Delhi,Mass,2024-02-16,60+
C02486,Customer 02486,41,Male,Mumbai,Mass,2022-05-13,40-49
C02487,Customer 02487,62,Male,Bengaluru,Affluent,2023-06-27,60+
C02488,Customer 02488,33,Female,Ahmedabad,Mass,2023-07-20,30-39
C02489,Customer 02489,61,Female,Bhubaneswar,Mass,2022-04-07,60+
C02490,Customer 02490,37,Male,Delhi,Mass,2025-02-28,30-39
C02491,Customer 02491,29,Female,Delhi,Mass,2025-06-06,21-29
C02492,Customer 02492,61,Female,Chennai,Premium,2023-08-28,60+
C02493,Customer 02493,21,Female,Pune,Affluent,2024-06-24,21-29
C02494,Customer 02494,22,Female,Delhi,Affluent,2021-08-22,21-29
C02495,Customer 02495,49,Male,Jaipur,Mass,2022-02-21,40-49
C02496,Customer 02496,53,Female,Chennai,Affluent,2025-01-30,50-59
C02497,Customer 02497,30,Male,Hyderabad,Affluent,2025-02-14,30-39
C02498,Customer 02498,60,Female,Pune,Premium,2024-10-20,60+
C02499,Customer 02499,41,Female,Bhubaneswar,Mass,2021-06-02,40-49
C02500,Customer 02500,48,Male,Kolkata,Mass,2021-09-29,40-49
C02501,Customer 02501,31,Female,Bengaluru,Affluent,2022-01-27,30-39
C02502,Customer 02502,54,Male,Delhi,Mass,2022-07-01,50-59
C02503,Customer 02503,28,Female,Hyderabad,Affluent,2022-12-26,21-29
C02504,Customer 02504,42,Male,Delhi,Premium,2024-12-24,40-49
C02505,Customer 02505,28,Female,Pune,Mass,2021-07-08,21-29
C02506,Customer 02506,35,Male,Ahmedabad,Mass,2023-03-23,30-39
C02507,Customer 02507,37,Female,Kolkata,Mass,2024-06-29,30-39
C02508,Customer 02508,43,Male,Bhubaneswar,Affluent,2022-01-30,40-49
C02509,Customer 02509,44,Female,Mumbai,Affluent,2022-10-24,40-49
C02510,Customer 02510,65,Male,Ahmedabad,Mass,2023-05-03,60+
C02511,Customer 02511,39,Female,Kolkata,Mass,2024-05-27,30-39
C02512,Customer 02512,25,Male,Delhi,Mass,2022-08-17,21-29
C02513,Customer 02513,52,Female,Kolkata,Affluent,2021-07-09,50-59
C02514,Customer 02514,64,Female,Bengaluru,Mass,2021-08-22,60+
C02515,Customer 02515,21,Male,Kolkata,Mass,2021-08-20,21-29
C02516,Customer 02516,43,Female,Hyderabad,Affluent,2021-12-24,40-49
C02517,Customer 02517,57,Female,Mumbai,Mass,2022-04-23,50-59
C02518,Customer 02518,28,Male,Pune,Mass,2025-05-18,21-29
C02519,Customer 02519,33,Other,Pune,Mass,2024-12-23,30-39
C02520,Customer 02520,28,Female,Mumbai,Mass,2021-08-25,21-29
C02521,Customer 02521,43,Male,Bengaluru,Mass,2023-11-23,40-49
C02522,Customer 02522,63,Male,Hyderabad,Premium,2021-08-01,60+
C02523,Customer 02523,21,Female,Chennai,Affluent,2025-05-15,21-29
C02524,Customer 02524,65,Male,Ahmedabad,Affluent,2022-01-14,60+
C02525,Customer 02525,44,Male,Jaipur,Premium,2023-10-23,40-49
C02526,Customer 02526,55,Other,Hyderabad,Mass,2023-06-28,50-59
C02527,Customer 02527,44,Female,Kolkata,Mass,2022-03-26,40-49
C02528,Customer 02528,37,Male,Hyderabad,Mass,2022-07-23,30-39
C02529,Customer 02529,25,Female,Kolkata,Affluent,2024-12-21,21-29
C02530,Customer 02530,40,Female,Mumbai,Affluent,2023-03-24,40-49
C02531,Customer 02531,41,Female,Delhi,Mass,2021-10-06,40-49
C02532,Customer 02532,60,Other,Chennai,Mass,2021-08-02,60+
C02533,Customer 02533,51,Male,Bengaluru,Mass,2024-08-01,50-59
C02534,Customer 02534,56,Male,Pune,Mass,2025-04-16,50-59
C02535,Customer 02535,31,Male,Ahmedabad,Affluent,2022-12-19,30-39
C02536,Customer 02536,35,Female,Delhi,Mass,2023-08-28,30-39
C02537,Customer 02537,39,Female,Hyderabad,Premium,2024-07-21,30-39
C02538,Customer 02538,27,Female,Ahmedabad,Mass,2023-11-01,21-29
C02539,Customer 02539,48,Female,Kolkata,Affluent,2023-05-21,40-49
C02540,Customer 02540,63,Male,Mumbai,Premium,2023-12-07,60+
C02541,Customer 02541,25,Male,Delhi,Premium,2025-03-19,21-29
C02542,Customer 02542,25,Female,Pune,Mass,2022-03-14,21-29
C02543,Customer 02543,50,Female,Chennai,Mass,2025-05-27,50-59
C02544,Customer 02544,52,Female,Mumbai,Mass,2022-11-02,50-59
C02545,Customer 02545,28,Female,Delhi,Mass,2023-06-23,21-29
C02546,Customer 02546,30,Male,Jaipur,Affluent,2024-12-21,30-39
C02547,Customer 02547,58,Male,Pune,Premium,2024-12-26,50-59
C02548,Customer 02548,52,Male,Bhubaneswar,Mass,2024-02-28,50-59
C02549,Customer 02549,48,Female,Kolkata,Mass,2023-11-12,40-49
C02550,Customer 02550,37,Female,Bhubaneswar,Mass,2023-06-11,30-39
C02551,Customer 02551,51,Female,Mumbai,Affluent,2022-01-24,50-59
C02552,Customer 02552,28,Male,Kolkata,Premium,2021-05-15,21-29
C02553,Customer 02553,60,Male,Bengaluru,Mass,2022-06-16,60+
C02554,Customer 02554,45,Female,Pune,Mass,2021-08-08,40-49
C02555,Customer 02555,29,Male,Hyderabad,Affluent,2021-11-29,21-29
C02556,Customer 02556,22,Male,Delhi,Affluent,2024-02-28,21-29
C02557,Customer 02557,35,Male,Ahmedabad,Mass,2023-11-22,30-39
C02558,Customer 02558,23,Male,Ahmedabad,Affluent,2025-06-14,21-29
C02559,Customer 02559,56,Male,Bengaluru,Premium,2024-12-19,50-59
C02560,Customer 02560,24,Male,Chennai,Mass,2024-08-14,21-29
C02561,Customer 02561,34,Female,Delhi,Mass,2025-03-08,30-39
C02562,Customer 02562,61,Female,Delhi,Mass,2021-12-23,60+
C02563,Customer 02563,61,Female,Ahmedabad,Mass,2025-01-18,60+
C02564,Customer 02564,45,Female,Delhi,Mass,2022-02-05,40-49
C02565,Customer 02565,30,Male,Bhubaneswar,Mass,2023-06-15,30-39
C02566,Customer 02566,41,Male,Mumbai,Mass,2025-05-02,40-49
C02567,Customer 02567,56,Female,Pune,Mass,2023-09-17,50-59
C02568,Customer 02568,32,Male,Pune,Mass,2022-12-10,30-39
C02569,Customer 02569,47,Female,Mumbai,Mass,2025-01-18,40-49
C02570,Customer 02570,60,Female,Delhi,Mass,2023-11-24,60+
C02571,Customer 02571,22,Female,Ahmedabad,Mass,2021-09-05,21-29
C02572,Customer 02572,33,Female,Kolkata,Mass,2023-08-04,30-39
C02573,Customer 02573,52,Female,Delhi,Mass,2021-02-11,50-59
C02574,Customer 02574,51,Male,Hyderabad,Affluent,2023-03-12,50-59
C02575,Customer 02575,36,Female,Bengaluru,Mass,2021-05-03,30-39
C02576,Customer 02576,52,Other,Mumbai,Premium,2021-01-27,50-59
C02577,Customer 02577,52,Female,Hyderabad,Mass,2025-01-25,50-59
C02578,Customer 02578,54,Female,Bengaluru,Affluent,2022-07-25,50-59
C02579,Customer 02579,31,Female,Ahmedabad,Mass,2024-03-16,30-39
C02580,Customer 02580,30,Male,Pune,Affluent,2022-05-11,30-39
C02581,Customer 02581,35,Female,Bhubaneswar,Affluent,2022-05-01,30-39
C02582,Customer 02582,37,Male,Pune,Premium,2025-01-23,30-39
C02583,Customer 02583,60,Male,Bhubaneswar,Premium,2023-06-18,60+
C02584,Customer 02584,38,Male,Chennai,Mass,2022-12-12,30-39
C02585,Customer 02585,29,Male,Chennai,Mass,2024-02-26,21-29
C02586,Customer 02586,45,Female,Bhubaneswar,Mass,2022-01-11,40-49
C02587,Customer 02587,60,Female,Pune,Mass,2022-10-27,60+
C02588,Customer 02588,34,Female,Bengaluru,Mass,2023-02-22,30-39
C02589,Customer 02589,45,Male,Pune,Affluent,2023-05-01,40-49
C02590,Customer 02590,42,Female,Jaipur,Premium,2024-01-12,40-49
C02591,Customer 02591,50,Female,Kolkata,Mass,2025-04-08,50-59
C02592,Customer 02592,40,Other,Chennai,Mass,2025-03-27,40-49
C02593,Customer 02593,41,Female,Pune,Mass,2022-11-05,40-49
C02594,Customer 02594,64,Male,Bhubaneswar,Affluent,2024-02-01,60+
C02595,Customer 02595,52,Male,Bengaluru,Mass,2025-03-23,50-59
C02596,Customer 02596,41,Female,Pune,Premium,2021-12-28,40-49
C02597,Customer 02597,55,Female,Mumbai,Affluent,2022-11-15,50-59
C02598,Customer 02598,52,Female,Pune,Affluent,2024-07-03,50-59
C02599,Customer 02599,50,Male,Chennai,Mass,2021-09-04,50-59
C02600,Customer 02600,59,Male,Bengaluru,Mass,2024-04-30,50-59
C02601,Customer 02601,32,Male,Mumbai,Premium,2022-06-19,30-39
C02602,Customer 02602,61,Male,Chennai,Affluent,2021-11-10,60+
C02603,Customer 02603,38,Male,Bengaluru,Premium,2024-07-23,30-39
C02604,Customer 02604,41,Female,Mumbai,Mass,2024-10-28,40-49
C02605,Customer 02605,33,Female,Ahmedabad,Affluent,2022-03-20,30-39
C02606,Customer 02606,41,Male,Delhi,Mass,2023-05-19,40-49
C02607,Customer 02607,28,Female,Hyderabad,Affluent,2024-05-03,21-29
C02608,Customer 02608,60,Female,Bhubaneswar,Affluent,2024-07-05,60+
C02609,Customer 02609,27,Male,Mumbai,Affluent,2022-08-05,21-29
C02610,Customer 02610,43,Female,Delhi,Affluent,2023-05-21,40-49
C02611,Customer 02611,64,Male,Chennai,Mass,2024-10-15,60+
C02612,Customer 02612,52,Male,Kolkata,Premium,2022-07-02,50-59
C02613,Customer 02613,31,Female,Jaipur,Premium,2024-02-06,30-39
C02614,Customer 02614,42,Male,Jaipur,Mass,2023-11-14,40-49
C02615,Customer 02615,42,Female,Kolkata,Premium,2022-04-10,40-49
C02616,Customer 02616,63,Female,Mumbai,Mass,2023-11-12,60+
C02617,Customer 02617,45,Female,Bengaluru,Affluent,2022-05-17,40-49
C02618,Customer 02618,42,Female,Delhi,Mass,2023-05-01,40-49
C02619,Customer 02619,48,Male,Bengaluru,Premium,2022-12-17,40-49
C02620,Customer 02620,49,Female,Pune,Mass,2023-06-11,40-49
C02621,Customer 02621,33,Female,Pune,Mass,2022-05-16,30-39
C02622,Customer 02622,38,Female,Bengaluru,Mass,2023-01-05,30-39
C02623,Customer 02623,22,Male,Ahmedabad,Mass,2022-08-16,21-29
C02624,Customer 02624,49,Male,Mumbai,Affluent,2022-02-11,40-49
C02625,Customer 02625,41,Female,Hyderabad,Mass,2024-09-15,40-49
C02626,Customer 02626,35,Female,Pune,Affluent,2022-12-04,30-39
C02627,Customer 02627,47,Female,Delhi,Premium,2021-10-13,40-49
C02628,Customer 02628,51,Female,Hyderabad,Affluent,2021-05-27,50-59
C02629,Customer 02629,35,Male,Bengaluru,Affluent,2023-03-05,30-39
C02630,Customer 02630,43,Male,Delhi,Mass,2022-01-19,40-49
C02631,Customer 02631,44,Female,Kolkata,Mass,2021-01-11,40-49
C02632,Customer 02632,64,Female,Jaipur,Mass,2021-10-03,60+
C02633,Customer 02633,33,Female,Delhi,Mass,2023-06-05,30-39
C02634,Customer 02634,42,Male,Delhi,Premium,2025-05-11,40-49
C02635,Customer 02635,63,Female,Pune,Mass,2023-08-22,60+
C02636,Customer 02636,57,Other,Bhubaneswar,Premium,2021-10-30,50-59
C02637,Customer 02637,53,Male,Mumbai,Mass,2021-07-23,50-59
C02638,Customer 02638,23,Female,Hyderabad,Affluent,2021-12-11,21-29
C02639,Customer 02639,39,Male,Kolkata,Mass,2023-04-06,30-39
C02640,Customer 02640,43,Male,Chennai,Mass,2024-07-13,40-49
C02641,Customer 02641,49,Male,Bengaluru,Affluent,2021-01-22,40-49
C02642,Customer 02642,50,Female,Chennai,Mass,2023-04-19,50-59
C02643,Customer 02643,59,Female,Mumbai,Affluent,2022-06-20,50-59
C02644,Customer 02644,64,Male,Hyderabad,Mass,2024-01-25,60+
C02645,Customer 02645,45,Male,Hyderabad,Mass,2023-09-08,40-49
C02646,Customer 02646,57,Male,Ahmedabad,Premium,2025-01-08,50-59
C02647,Customer 02647,28,Male,Hyderabad,Mass,2021-09-20,21-29
C02648,Customer 02648,62,Male,Mumbai,Affluent,2022-08-07,60+
C02649,Customer 02649,36,Male,Mumbai,Mass,2023-10-10,30-39
C02650,Customer 02650,28,Female,Ahmedabad,Mass,2022-01-18,21-29
C02651,Customer 02651,21,Male,Mumbai,Mass,2025-04-23,21-29
C02652,Customer 02652,64,Male,Delhi,Mass,2023-07-06,60+
C02653,Customer 02653,25,Male,Mumbai,Mass,2022-01-27,21-29
C02654,Customer 02654,23,Male,Kolkata,Mass,2023-06-08,21-29
C02655,Customer 02655,21,Female,Hyderabad,Mass,2025-06-13,21-29
C02656,Customer 02656,24,Male,Delhi,Affluent,2022-06-24,21-29
C02657,Customer 02657,60,Male,Delhi,Affluent,2024-01-21,60+
C02658,Customer 02658,55,Female,Ahmedabad,Mass,2022-07-20,50-59
C02659,Customer 02659,52,Female,Chennai,Mass,2024-03-28,50-59
C02660,Customer 02660,62,Female,Pune,Mass,2023-06-03,60+
C02661,Customer 02661,54,Female,Jaipur,Mass,2021-08-16,50-59
C02662,Customer 02662,63,Female,Jaipur,Mass,2022-04-18,60+
C02663,Customer 02663,45,Female,Delhi,Mass,2022-01-07,40-49
C02664,Customer 02664,30,Male,Bhubaneswar,Premium,2024-10-31,30-39
C02665,Customer 02665,41,Male,Bengaluru,Affluent,2025-04-26,40-49
C02666,Customer 02666,59,Male,Delhi,Mass,2021-02-06,50-59
C02667,Customer 02667,47,Male,Jaipur,Mass,2022-11-22,40-49
C02668,Customer 02668,47,Female,Mumbai,Affluent,2023-04-24,40-49
C02669,Customer 02669,22,Female,Mumbai,Mass,2023-11-27,21-29
C02670,Customer 02670,61,Male,Delhi,Affluent,2021-04-11,60+
C02671,Customer 02671,33,Female,Chennai,Premium,2025-04-16,30-39
C02672,Customer 02672,29,Other,Hyderabad,Mass,2024-04-28,21-29
C02673,Customer 02673,56,Male,Pune,Mass,2025-03-16,50-59
C02674,Customer 02674,42,Male,Jaipur,Affluent,2022-10-20,40-49
C02675,Customer 02675,62,Other,Pune,Premium,2021-03-31,60+
C02676,Customer 02676,46,Female,Mumbai,Mass,2023-10-27,40-49
C02677,Customer 02677,32,Female,Jaipur,Affluent,2023-06-24,30-39
C02678,Customer 02678,37,Male,Mumbai,Mass,2024-03-08,30-39
C02679,Customer 02679,34,Female,Bengaluru,Mass,2021-04-05,30-39
C02680,Customer 02680,34,Male,Bengaluru,Affluent,2022-09-24,30-39
C02681,Customer 02681,54,Female,Chennai,Premium,2024-11-10,50-59
C02682,Customer 02682,40,Male,Bengaluru,Affluent,2021-05-03,40-49
C02683,Customer 02683,31,Male,Bengaluru,Affluent,2024-08-01,30-39
C02684,Customer 02684,36,Male,Delhi,Mass,2022-01-01,30-39
C02685,Customer 02685,51,Female,Mumbai,Mass,2022-11-22,50-59
C02686,Customer 02686,26,Female,Chennai,Mass,2025-02-22,21-29
C02687,Customer 02687,39,Male,Ahmedabad,Mass,2021-11-21,30-39
C02688,Customer 02688,57,Female,Kolkata,Affluent,2022-02-11,50-59
C02689,Customer 02689,24,Male,Mumbai,Mass,2023-09-23,21-29
C02690,Customer 02690,24,Male,Mumbai,Affluent,2022-06-03,21-29
C02691,Customer 02691,40,Male,Bhubaneswar,Affluent,2023-06-15,40-49
C02692,Customer 02692,30,Male,Bengaluru,Mass,2021-03-18,30-39
C02693,Customer 02693,44,Female,Ahmedabad,Mass,2021-08-22,40-49
C02694,Customer 02694,55,Male,Mumbai,Affluent,2023-04-10,50-59
C02695,Customer 02695,46,Male,Bhubaneswar,Premium,2022-08-09,40-49
C02696,Customer 02696,57,Female,Delhi,Affluent,2022-04-29,50-59
C02697,Customer 02697,58,Male,Hyderabad,Mass,2025-01-27,50-59
C02698,Customer 02698,41,Female,Pune,Mass,2021-09-28,40-49
C02699,Customer 02699,60,Female,Chennai,Mass,2023-07-28,60+
C02700,Customer 02700,59,Female,Delhi,Mass,2025-01-30,50-59
C02701,Customer 02701,41,Male,Chennai,Affluent,2022-04-14,40-49
C02702,Customer 02702,30,Female,Kolkata,Affluent,2022-09-24,30-39
C02703,Customer 02703,58,Male,Bengaluru,Mass,2022-07-01,50-59
C02704,Customer 02704,24,Male,Bengaluru,Mass,2022-12-20,21-29
C02705,Customer 02705,65,Female,Hyderabad,Mass,2023-10-05,60+
C02706,Customer 02706,40,Female,Bengaluru,Premium,2021-09-27,40-49
C02707,Customer 02707,37,Male,Pune,Mass,2022-08-28,30-39
C02708,Customer 02708,27,Female,Mumbai,Affluent,2023-08-23,21-29
C02709,Customer 02709,24,Male,Hyderabad,Mass,2022-01-13,21-29
C02710,Customer 02710,49,Female,Mumbai,Affluent,2021-06-26,40-49
C02711,Customer 02711,34,Male,Chennai,Mass,2021-10-01,30-39
C02712,Customer 02712,23,Male,Bengaluru,Mass,2022-09-29,21-29
C02713,Customer 02713,44,Female,Bengaluru,Affluent,2021-01-27,40-49
C02714,Customer 02714,57,Female,Bengaluru,Mass,2022-07-30,50-59
C02715,Customer 02715,36,Female,Bhubaneswar,Mass,2021-03-01,30-39
C02716,Customer 02716,24,Female,Bengaluru,Mass,2023-01-01,21-29
C02717,Customer 02717,44,Male,Pune,Mass,2024-05-25,40-49
C02718,Customer 02718,54,Male,Bengaluru,Mass,2022-10-23,50-59
C02719,Customer 02719,50,Female,Bengaluru,Affluent,2021-09-27,50-59
C02720,Customer 02720,38,Male,Hyderabad,Premium,2024-02-14,30-39
C02721,Customer 02721,39,Male,Hyderabad,Mass,2021-09-02,30-39
C02722,Customer 02722,51,Female,Bhubaneswar,Mass,2022-10-22,50-59
C02723,Customer 02723,39,Female,Bhubaneswar,Mass,2025-06-16,30-39
C02724,Customer 02724,39,Male,Kolkata,Mass,2021-03-26,30-39
C02725,Customer 02725,42,Male,Chennai,Mass,2025-06-11,40-49
C02726,Customer 02726,44,Male,Hyderabad,Affluent,2023-06-26,40-49
C02727,Customer 02727,65,Male,Delhi,Mass,2025-01-13,60+
C02728,Customer 02728,32,Female,Bhubaneswar,Mass,2022-06-20,30-39
C02729,Customer 02729,50,Male,Chennai,Affluent,2021-03-30,50-59
C02730,Customer 02730,58,Male,Chennai,Premium,2022-07-03,50-59
C02731,Customer 02731,51,Male,Mumbai,Premium,2023-05-04,50-59
C02732,Customer 02732,56,Female,Bengaluru,Affluent,2023-06-14,50-59
C02733,Customer 02733,39,Female,Bhubaneswar,Premium,2022-05-22,30-39
C02734,Customer 02734,65,Female,Delhi,Mass,2022-02-12,60+
C02735,Customer 02735,56,Male,Hyderabad,Mass,2024-07-18,50-59
C02736,Customer 02736,50,Female,Bengaluru,Mass,2022-06-08,50-59
C02737,Customer 02737,53,Female,Ahmedabad,Affluent,2025-02-26,50-59
C02738,Customer 02738,38,Female,Bengaluru,Premium,2022-08-30,30-39
C02739,Customer 02739,48,Female,Ahmedabad,Mass,2023-09-30,40-49
C02740,Customer 02740,31,Male,Bengaluru,Affluent,2022-03-24,30-39
C02741,Customer 02741,65,Male,Jaipur,Affluent,2022-06-27,60+
C02742,Customer 02742,53,Male,Pune,Premium,2023-08-07,50-59
C02743,Customer 02743,37,Female,Mumbai,Affluent,2021-12-16,30-39
C02744,Customer 02744,26,Male,Chennai,Premium,2023-05-02,21-29
C02745,Customer 02745,24,Female,Delhi,Mass,2021-11-24,21-29
C02746,Customer 02746,40,Female,Mumbai,Mass,2024-08-02,40-49
C02747,Customer 02747,47,Female,Ahmedabad,Mass,2023-11-25,40-49
C02748,Customer 02748,35,Female,Delhi,Mass,2025-04-06,30-39
C02749,Customer 02749,26,Female,Delhi,Mass,2022-09-15,21-29
C02750,Customer 02750,34,Male,Mumbai,Affluent,2022-05-03,30-39
C02751,Customer 02751,31,Male,Delhi,Affluent,2022-05-02,30-39
C02752,Customer 02752,59,Male,Ahmedabad,Affluent,2021-05-25,50-59
C02753,Customer 02753,29,Female,Delhi,Mass,2025-03-28,21-29
C02754,Customer 02754,46,Female,Bhubaneswar,Mass,2023-01-26,40-49
C02755,Customer 02755,36,Female,Bhubaneswar,Mass,2021-05-26,30-39
C02756,Customer 02756,25,Other,Bengaluru,Mass,2023-10-18,21-29
C02757,Customer 02757,30,Male,Mumbai,Mass,2025-03-07,30-39
C02758,Customer 02758,23,Male,Ahmedabad,Mass,2025-06-16,21-29
C02759,Customer 02759,33,Female,Delhi,Mass,2023-04-08,30-39
C02760,Customer 02760,63,Male,Bengaluru,Affluent,2022-09-19,60+
C02761,Customer 02761,50,Female,Mumbai,Mass,2025-03-31,50-59
C02762,Customer 02762,65,Male,Chennai,Premium,2024-07-19,60+
C02763,Customer 02763,26,Male,Kolkata,Mass,2022-06-18,21-29
C02764,Customer 02764,37,Male,Bengaluru,Premium,2022-09-22,30-39
C02765,Customer 02765,65,Male,Bengaluru,Mass,2023-05-31,60+
C02766,Customer 02766,39,Female,Jaipur,Mass,2024-01-24,30-39
C02767,Customer 02767,62,Male,Kolkata,Mass,2025-01-10,60+
C02768,Customer 02768,55,Male,Chennai,Affluent,2022-02-19,50-59
C02769,Customer 02769,46,Female,Kolkata,Mass,2021-09-14,40-49
C02770,Customer 02770,25,Female,Delhi,Mass,2024-07-09,21-29
C02771,Customer 02771,49,Female,Kolkata,Affluent,2021-03-28,40-49
C02772,Customer 02772,57,Female,Delhi,Mass,2023-06-24,50-59
C02773,Customer 02773,40,Female,Mumbai,Mass,2024-12-30,40-49
C02774,Customer 02774,41,Male,Pune,Mass,2022-07-24,40-49
C02775,Customer 02775,30,Female,Delhi,Affluent,2023-01-12,30-39
C02776,Customer 02776,25,Female,Bhubaneswar,Mass,2021-04-18,21-29
C02777,Customer 02777,56,Male,Delhi,Mass,2023-11-09,50-59
C02778,Customer 02778,26,Male,Jaipur,Mass,2024-10-20,21-29
C02779,Customer 02779,46,Male,Jaipur,Mass,2024-11-03,40-49
C02780,Customer 02780,24,Female,Mumbai,Affluent,2021-06-09,21-29
C02781,Customer 02781,59,Male,Kolkata,Mass,2021-04-10,50-59
C02782,Customer 02782,59,Male,Hyderabad,Mass,2021-09-22,50-59
C02783,Customer 02783,55,Female,Jaipur,Mass,2023-01-20,50-59
C02784,Customer 02784,21,Female,Hyderabad,Mass,2023-12-09,21-29
C02785,Customer 02785,44,Male,Kolkata,Mass,2022-11-08,40-49
C02786,Customer 02786,56,Male,Hyderabad,Mass,2023-03-10,50-59
C02787,Customer 02787,26,Male,Mumbai,Mass,2024-12-09,21-29
C02788,Customer 02788,61,Male,Mumbai,Premium,2023-12-19,60+
C02789,Customer 02789,64,Male,Delhi,Mass,2021-07-02,60+
C02790,Customer 02790,51,Male,Kolkata,Mass,2022-10-21,50-59
C02791,Customer 02791,40,Female,Chennai,Mass,2025-01-10,40-49
C02792,Customer 02792,44,Female,Pune,Mass,2024-08-17,40-49
C02793,Customer 02793,45,Female,Mumbai,Affluent,2022-08-31,40-49
C02794,Customer 02794,56,Male,Hyderabad,Mass,2025-04-28,50-59
C02795,Customer 02795,41,Male,Bengaluru,Mass,2024-10-09,40-49
C02796,Customer 02796,50,Male,Ahmedabad,Affluent,2024-05-21,50-59
C02797,Customer 02797,44,Female,Bhubaneswar,Mass,2024-04-27,40-49
C02798,Customer 02798,64,Male,Delhi,Mass,2022-10-05,60+
C02799,Customer 02799,62,Female,Bengaluru,Mass,2021-12-13,60+
C02800,Customer 02800,50,Female,Mumbai,Mass,2023-03-23,50-59
C02801,Customer 02801,42,Male,Pune,Mass,2023-03-12,40-49
C02802,Customer 02802,48,Male,Chennai,Mass,2024-03-06,40-49
C02803,Customer 02803,27,Other,Kolkata,Mass,2023-11-20,21-29
C02804,Customer 02804,55,Female,Mumbai,Mass,2021-05-26,50-59
C02805,Customer 02805,48,Male,Kolkata,Mass,2025-01-31,40-49
C02806,Customer 02806,34,Female,Pune,Premium,2025-06-29,30-39
C02807,Customer 02807,30,Female,Delhi,Mass,2022-05-18,30-39
C02808,Customer 02808,36,Male,Chennai,Premium,2023-03-10,30-39
C02809,Customer 02809,36,Male,Bengaluru,Mass,2023-08-26,30-39
C02810,Customer 02810,51,Male,Hyderabad,Affluent,2024-04-29,50-59
C02811,Customer 02811,62,Female,Jaipur,Mass,2022-04-16,60+
C02812,Customer 02812,45,Male,Delhi,Mass,2022-11-21,40-49
C02813,Customer 02813,33,Female,Ahmedabad,Affluent,2024-09-30,30-39
C02814,Customer 02814,26,Male,Chennai,Affluent,2021-01-01,21-29
C02815,Customer 02815,64,Female,Mumbai,Mass,2021-04-20,60+
C02816,Customer 02816,29,Female,Chennai,Mass,2023-06-13,21-29
C02817,Customer 02817,65,Male,Hyderabad,Mass,2023-12-24,60+
C02818,Customer 02818,56,Male,Delhi,Premium,2023-01-26,50-59
C02819,Customer 02819,63,Female,Bengaluru,Mass,2021-02-22,60+
C02820,Customer 02820,40,Female,Delhi,Affluent,2021-09-19,40-49
C02821,Customer 02821,38,Male,Bengaluru,Affluent,2025-04-02,30-39
C02822,Customer 02822,63,Female,Bengaluru,Affluent,2024-08-18,60+
C02823,Customer 02823,41,Female,Delhi,Mass,2023-06-05,40-49
C02824,Customer 02824,24,Female,Delhi,Mass,2021-08-22,21-29
C02825,Customer 02825,53,Female,Jaipur,Premium,2021-03-14,50-59
C02826,Customer 02826,47,Male,Delhi,Mass,2024-10-12,40-49
C02827,Customer 02827,27,Male,Kolkata,Affluent,2023-08-09,21-29
C02828,Customer 02828,26,Male,Hyderabad,Mass,2025-06-15,21-29
C02829,Customer 02829,35,Other,Pune,Affluent,2022-04-29,30-39
C02830,Customer 02830,38,Female,Mumbai,Mass,2023-10-27,30-39
C02831,Customer 02831,52,Female,Bhubaneswar,Mass,2023-05-27,50-59
C02832,Customer 02832,31,Female,Hyderabad,Affluent,2023-05-09,30-39
C02833,Customer 02833,40,Female,Ahmedabad,Mass,2021-05-17,40-49
C02834,Customer 02834,44,Female,Delhi,Affluent,2023-02-18,40-49
C02835,Customer 02835,35,Male,Bengaluru,Mass,2024-11-28,30-39
C02836,Customer 02836,27,Male,Pune,Mass,2022-09-20,21-29
C02837,Customer 02837,41,Female,Bengaluru,Mass,2022-07-09,40-49
C02838,Customer 02838,62,Male,Hyderabad,Mass,2023-01-13,60+
C02839,Customer 02839,46,Male,Mumbai,Mass,2022-07-24,40-49
C02840,Customer 02840,64,Male,Chennai,Affluent,2024-05-14,60+
C02841,Customer 02841,34,Male,Bhubaneswar,Affluent,2022-02-14,30-39
C02842,Customer 02842,57,Male,Hyderabad,Mass,2025-06-18,50-59
C02843,Customer 02843,41,Male,Ahmedabad,Mass,2023-11-26,40-49
C02844,Customer 02844,38,Male,Hyderabad,Affluent,2021-08-18,30-39
C02845,Customer 02845,25,Male,Hyderabad,Affluent,2024-06-04,21-29
C02846,Customer 02846,23,Female,Jaipur,Affluent,2021-09-19,21-29
C02847,Customer 02847,43,Female,Jaipur,Affluent,2024-02-29,40-49
C02848,Customer 02848,46,Male,Kolkata,Mass,2025-05-20,40-49
C02849,Customer 02849,57,Female,Mumbai,Mass,2023-06-11,50-59
C02850,Customer 02850,44,Female,Chennai,Mass,2022-03-24,40-49
C02851,Customer 02851,39,Male,Mumbai,Mass,2021-07-05,30-39
C02852,Customer 02852,45,Female,Hyderabad,Affluent,2024-04-24,40-49
C02853,Customer 02853,41,Male,Hyderabad,Mass,2024-07-21,40-49
C02854,Customer 02854,32,Male,Ahmedabad,Premium,2021-12-18,30-39
C02855,Customer 02855,61,Male,Jaipur,Affluent,2024-12-07,60+
C02856,Customer 02856,53,Male,Delhi,Affluent,2024-03-20,50-59
C02857,Customer 02857,24,Female,Bengaluru,Premium,2022-01-19,21-29
C02858,Customer 02858,62,Male,Ahmedabad,Mass,2023-11-26,60+
C02859,Customer 02859,27,Male,Mumbai,Affluent,2021-11-22,21-29
C02860,Customer 02860,42,Other,Chennai,Mass,2022-04-10,40-49
C02861,Customer 02861,53,Female,Bengaluru,Mass,2022-04-11,50-59
C02862,Customer 02862,37,Female,Delhi,Affluent,2024-01-24,30-39
C02863,Customer 02863,44,Male,Bhubaneswar,Mass,2024-03-03,40-49
C02864,Customer 02864,54,Female,Bengaluru,Premium,2021-06-11,50-59
C02865,Customer 02865,48,Male,Delhi,Affluent,2022-07-10,40-49
C02866,Customer 02866,63,Female,Delhi,Affluent,2021-10-27,60+
C02867,Customer 02867,61,Female,Jaipur,Mass,2021-12-22,60+
C02868,Customer 02868,59,Female,Ahmedabad,Affluent,2024-06-17,50-59
C02869,Customer 02869,42,Female,Mumbai,Mass,2022-07-18,40-49
C02870,Customer 02870,37,Male,Bengaluru,Affluent,2023-03-04,30-39
C02871,Customer 02871,54,Male,Chennai,Mass,2023-10-20,50-59
C02872,Customer 02872,26,Female,Delhi,Affluent,2022-08-09,21-29
C02873,Customer 02873,26,Male,Pune,Mass,2023-01-20,21-29
C02874,Customer 02874,54,Female,Bengaluru,Mass,2024-04-05,50-59
C02875,Customer 02875,21,Male,Bengaluru,Mass,2021-05-20,21-29
C02876,Customer 02876,30,Female,Pune,Mass,2024-03-08,30-39
C02877,Customer 02877,41,Male,Mumbai,Affluent,2021-08-23,40-49
C02878,Customer 02878,25,Male,Ahmedabad,Mass,2023-10-24,21-29
C02879,Customer 02879,22,Male,Bengaluru,Mass,2021-09-13,21-29
C02880,Customer 02880,42,Male,Mumbai,Mass,2022-01-06,40-49
C02881,Customer 02881,22,Male,Bhubaneswar,Mass,2021-10-05,21-29
C02882,Customer 02882,30,Male,Hyderabad,Mass,2022-05-31,30-39
C02883,Customer 02883,54,Male,Pune,Affluent,2023-06-23,50-59
C02884,Customer 02884,36,Male,Mumbai,Mass,2024-05-20,30-39
C02885,Customer 02885,59,Male,Chennai,Mass,2024-05-24,50-59
C02886,Customer 02886,42,Female,Pune,Mass,2021-09-27,40-49
C02887,Customer 02887,32,Male,Delhi,Mass,2022-04-21,30-39
C02888,Customer 02888,44,Female,Ahmedabad,Mass,2025-04-01,40-49
C02889,Customer 02889,60,Male,Chennai,Mass,2023-07-17,60+
C02890,Customer 02890,58,Male,Delhi,Affluent,2021-03-05,50-59
C02891,Customer 02891,30,Male,Chennai,Mass,2022-04-05,30-39
C02892,Customer 02892,55,Female,Chennai,Mass,2023-11-06,50-59
C02893,Customer 02893,52,Female,Mumbai,Mass,2022-07-18,50-59
C02894,Customer 02894,27,Male,Delhi,Affluent,2023-11-09,21-29
C02895,Customer 02895,41,Male,Delhi,Premium,2024-09-10,40-49
C02896,Customer 02896,40,Female,Delhi,Mass,2023-06-27,40-49
C02897,Customer 02897,46,Female,Kolkata,Premium,2021-04-03,40-49
C02898,Customer 02898,24,Male,Hyderabad,Mass,2023-02-12,21-29
C02899,Customer 02899,42,Male,Bhubaneswar,Mass,2023-03-21,40-49
C02900,Customer 02900,35,Female,Mumbai,Mass,2023-11-07,30-39
C02901,Customer 02901,60,Female,Delhi,Mass,2023-04-20,60+
C02902,Customer 02902,41,Female,Kolkata,Mass,2022-05-03,40-49
C02903,Customer 02903,35,Male,Chennai,Mass,2024-01-23,30-39
C02904,Customer 02904,42,Female,Chennai,Mass,2023-10-31,40-49
C02905,Customer 02905,48,Female,Bengaluru,Mass,2023-01-19,40-49
C02906,Customer 02906,34,Female,Delhi,Mass,2022-06-12,30-39
C02907,Customer 02907,47,Female,Mumbai,Mass,2025-02-21,40-49
C02908,Customer 02908,61,Male,Bhubaneswar,Affluent,2024-03-13,60+
C02909,Customer 02909,60,Female,Delhi,Mass,2022-07-08,60+
C02910,Customer 02910,48,Female,Jaipur,Affluent,2022-05-30,40-49
C02911,Customer 02911,46,Male,Pune,Mass,2025-02-02,40-49
C02912,Customer 02912,22,Female,Delhi,Mass,2022-01-12,21-29
C02913,Customer 02913,45,Female,Chennai,Mass,2025-02-26,40-49
C02914,Customer 02914,23,Male,Ahmedabad,Mass,2022-04-29,21-29
C02915,Customer 02915,28,Male,Jaipur,Mass,2022-03-28,21-29
C02916,Customer 02916,64,Male,Mumbai,Mass,2025-04-09,60+
C02917,Customer 02917,53,Male,Delhi,Mass,2023-02-26,50-59
C02918,Customer 02918,62,Male,Delhi,Mass,2024-01-04,60+
C02919,Customer 02919,55,Female,Bengaluru,Affluent,2023-11-30,50-59
C02920,Customer 02920,26,Male,Chennai,Mass,2021-10-29,21-29
C02921,Customer 02921,59,Male,Ahmedabad,Affluent,2025-04-25,50-59
C02922,Customer 02922,43,Male,Delhi,Mass,2023-12-22,40-49
C02923,Customer 02923,45,Male,Kolkata,Affluent,2025-03-07,40-49
C02924,Customer 02924,63,Female,Chennai,Mass,2023-09-26,60+
C02925,Customer 02925,39,Male,Delhi,Mass,2024-06-22,30-39
C02926,Customer 02926,25,Male,Bengaluru,Premium,2021-01-18,21-29
C02927,Customer 02927,31,Other,Pune,Affluent,2022-02-02,30-39
C02928,Customer 02928,32,Female,Ahmedabad,Mass,2023-10-04,30-39
C02929,Customer 02929,30,Female,Pune,Mass,2022-08-17,30-39
C02930,Customer 02930,28,Female,Bengaluru,Affluent,2021-07-08,21-29
C02931,Customer 02931,44,Male,Mumbai,Affluent,2021-04-14,40-49
C02932,Customer 02932,48,Female,Bengaluru,Mass,2024-09-29,40-49
C02933,Customer 02933,61,Female,Chennai,Mass,2024-10-26,60+
C02934,Customer 02934,56,Other,Kolkata,Affluent,2021-02-02,50-59
C02935,Customer 02935,57,Female,Bengaluru,Mass,2023-01-19,50-59
C02936,Customer 02936,41,Male,Ahmedabad,Affluent,2022-01-09,40-49
C02937,Customer 02937,28,Female,Chennai,Mass,2024-04-16,21-29
C02938,Customer 02938,29,Male,Pune,Premium,2023-11-02,21-29
C02939,Customer 02939,35,Male,Bhubaneswar,Affluent,2023-01-11,30-39
C02940,Customer 02940,60,Male,Bengaluru,Affluent,2023-06-09,60+
C02941,Customer 02941,38,Male,Jaipur,Mass,2022-04-01,30-39
C02942,Customer 02942,62,Female,Bengaluru,Mass,2021-09-06,60+
C02943,Customer 02943,40,Female,Delhi,Mass,2022-03-24,40-49
C02944,Customer 02944,26,Female,Ahmedabad,Affluent,2023-10-15,21-29
C02945,Customer 02945,32,Male,Jaipur,Affluent,2023-09-07,30-39
C02946,Customer 02946,22,Male,Hyderabad,Mass,2025-05-13,21-29
C02947,Customer 02947,27,Female,Chennai,Mass,2023-10-25,21-29
C02948,Customer 02948,36,Male,Pune,Affluent,2024-06-13,30-39
C02949,Customer 02949,23,Female,Ahmedabad,Mass,2021-06-22,21-29
C02950,Customer 02950,65,Male,Bengaluru,Mass,2024-09-07,60+
C02951,Customer 02951,23,Male,Ahmedabad,Affluent,2022-01-06,21-29
C02952,Customer 02952,47,Female,Hyderabad,Mass,2025-04-21,40-49
C02953,Customer 02953,63,Male,Hyderabad,Affluent,2023-03-02,60+
C02954,Customer 02954,60,Female,Delhi,Mass,2023-01-19,60+
C02955,Customer 02955,58,Male,Hyderabad,Premium,2023-02-26,50-59
C02956,Customer 02956,53,Male,Bhubaneswar,Mass,2024-08-12,50-59
C02957,Customer 02957,48,Female,Chennai,Mass,2023-04-20,40-49
C02958,Customer 02958,21,Female,Bhubaneswar,Mass,2022-02-04,21-29
C02959,Customer 02959,28,Female,Mumbai,Mass,2023-12-18,21-29
C02960,Customer 02960,57,Male,Pune,Mass,2025-04-03,50-59
C02961,Customer 02961,52,Male,Ahmedabad,Mass,2022-07-02,50-59
C02962,Customer 02962,63,Female,Pune,Premium,2022-02-12,60+
C02963,Customer 02963,57,Male,Chennai,Premium,2022-10-03,50-59
C02964,Customer 02964,24,Male,Chennai,Mass,2025-03-17,21-29
C02965,Customer 02965,50,Female,Ahmedabad,Affluent,2021-03-05,50-59
C02966,Customer 02966,26,Female,Ahmedabad,Mass,2022-07-28,21-29
C02967,Customer 02967,39,Male,Bengaluru,Affluent,2022-02-24,30-39
C02968,Customer 02968,52,Male,Ahmedabad,Affluent,2021-05-26,50-59
C02969,Customer 02969,29,Female,Delhi,Mass,2024-07-19,21-29
C02970,Customer 02970,32,Female,Mumbai,Affluent,2021-01-17,30-39
C02971,Customer 02971,31,Female,Ahmedabad,Affluent,2021-04-08,30-39
C02972,Customer 02972,36,Male,Hyderabad,Mass,2022-03-28,30-39
C02973,Customer 02973,21,Female,Kolkata,Premium,2023-09-02,21-29
C02974,Customer 02974,65,Female,Mumbai,Premium,2023-06-17,60+
C02975,Customer 02975,41,Male,Bengaluru,Mass,2023-10-13,40-49
C02976,Customer 02976,50,Male,Hyderabad,Mass,2024-06-20,50-59
C02977,Customer 02977,33,Female,Bengaluru,Premium,2022-04-24,30-39
C02978,Customer 02978,54,Female,Kolkata,Mass,2021-07-20,50-59
C02979,Customer 02979,24,Male,Mumbai,Mass,2025-02-05,21-29
C02980,Customer 02980,48,Female,Hyderabad,Mass,2021-06-28,40-49
C02981,Customer 02981,58,Female,Bengaluru,Affluent,2022-05-23,50-59
C02982,Customer 02982,51,Male,Mumbai,Affluent,2022-03-29,50-59
C02983,Customer 02983,47,Female,Kolkata,Mass,2021-09-27,40-49
C02984,Customer 02984,25,Male,Bengaluru,Premium,2024-06-11,21-29
C02985,Customer 02985,45,Male,Pune,Affluent,2022-05-01,40-49
C02986,Customer 02986,23,Female,Jaipur,Affluent,2022-08-01,21-29
C02987,Customer 02987,53,Female,Pune,Mass,2021-12-04,50-59
C02988,Customer 02988,24,Male,Ahmedabad,Mass,2023-05-11,21-29
C02989,Customer 02989,45,Male,Bengaluru,Affluent,2023-01-27,40-49
C02990,Customer 02990,40,Male,Mumbai,Mass,2023-01-27,40-49
C02991,Customer 02991,54,Male,Jaipur,Affluent,2025-01-11,50-59
C02992,Customer 02992,46,Female,Pune,Affluent,2022-08-07,40-49
C02993,Customer 02993,25,Male,Chennai,Mass,2024-10-12,21-29
C02994,Customer 02994,55,Female,Pune,Affluent,2023-12-09,50-59
C02995,Customer 02995,48,Male,Delhi,Mass,2025-02-28,40-49
C02996,Customer 02996,49,Female,Bengaluru,Mass,2021-12-12,40-49
C02997,Customer 02997,29,Female,Kolkata,Mass,2022-12-03,21-29
C02998,Customer 02998,58,Male,Pune,Mass,2021-10-20,50-59
C02999,Customer 02999,26,Female,Hyderabad,Mass,2024-03-19,21-29
C03000,Customer 03000,39,Female,Jaipur,Affluent,2025-05-25,30-39
C03001,Customer 03001,64,Female,Delhi,Affluent,2025-04-18,60+
C03002,Customer 03002,31,Male,Mumbai,Mass,2023-03-07,30-39
C03003,Customer 03003,22,Male,Ahmedabad,Affluent,2023-10-19,21-29
C03004,Customer 03004,64,Female,Kolkata,Mass,2024-07-07,60+
C03005,Customer 03005,64,Female,Hyderabad,Mass,2024-09-07,60+
C03006,Customer 03006,29,Female,Bengaluru,Affluent,2021-03-18,21-29
C03007,Customer 03007,41,Male,Mumbai,Affluent,2024-02-08,40-49
C03008,Customer 03008,44,Male,Pune,Affluent,2023-03-28,40-49
C03009,Customer 03009,54,Male,Delhi,Mass,2023-06-15,50-59
C03010,Customer 03010,42,Male,Ahmedabad,Affluent,2022-10-13,40-49
C03011,Customer 03011,23,Female,Bhubaneswar,Affluent,2022-07-01,21-29
C03012,Customer 03012,32,Male,Kolkata,Premium,2024-12-17,30-39
C03013,Customer 03013,48,Male,Delhi,Mass,2022-01-29,40-49
C03014,Customer 03014,50,Female,Kolkata,Mass,2024-06-12,50-59
C03015,Customer 03015,46,Female,Delhi,Mass,2024-09-15,40-49
C03016,Customer 03016,41,Male,Mumbai,Premium,2021-11-21,40-49
C03017,Customer 03017,48,Male,Bengaluru,Mass,2021-05-31,40-49
C03018,Customer 03018,46,Female,Delhi,Mass,2025-04-19,40-49
C03019,Customer 03019,53,Male,Jaipur,Mass,2023-05-29,50-59
C03020,Customer 03020,41,Male,Mumbai,Mass,2023-11-22,40-49
C03021,Customer 03021,55,Female,Mumbai,Mass,2021-09-29,50-59
C03022,Customer 03022,54,Female,Bhubaneswar,Mass,2023-04-16,50-59
C03023,Customer 03023,61,Female,Bengaluru,Mass,2022-01-03,60+
C03024,Customer 03024,38,Male,Kolkata,Mass,2025-02-24,30-39
C03025,Customer 03025,31,Female,Delhi,Mass,2024-09-01,30-39
C03026,Customer 03026,43,Female,Bengaluru,Mass,2022-08-13,40-49
C03027,Customer 03027,42,Male,Jaipur,Mass,2022-08-11,40-49
C03028,Customer 03028,37,Male,Bengaluru,Premium,2022-07-26,30-39
C03029,Customer 03029,25,Female,Chennai,Mass,2025-06-09,21-29
C03030,Customer 03030,64,Female,Mumbai,Affluent,2024-10-23,60+
C03031,Customer 03031,31,Male,Bengaluru,Mass,2021-03-21,30-39
C03032,Customer 03032,50,Male,Bengaluru,Premium,2024-04-10,50-59
C03033,Customer 03033,35,Male,Bengaluru,Mass,2021-09-15,30-39
C03034,Customer 03034,47,Female,Bengaluru,Mass,2021-10-06,40-49
C03035,Customer 03035,55,Male,Kolkata,Mass,2022-05-19,50-59
C03036,Customer 03036,53,Male,Hyderabad,Affluent,2022-07-12,50-59
C03037,Customer 03037,40,Male,Delhi,Mass,2022-05-06,40-49
C03038,Customer 03038,36,Male,Delhi,Mass,2025-05-28,30-39
C03039,Customer 03039,54,Female,Jaipur,Mass,2022-07-20,50-59
C03040,Customer 03040,22,Female,Jaipur,Mass,2024-09-22,21-29
C03041,Customer 03041,55,Male,Pune,Mass,2022-06-05,50-59
C03042,Customer 03042,60,Male,Jaipur,Mass,2021-11-22,60+
C03043,Customer 03043,48,Male,Delhi,Mass,2024-04-10,40-49
C03044,Customer 03044,59,Female,Delhi,Mass,2021-03-25,50-59
C03045,Customer 03045,26,Male,Chennai,Affluent,2023-04-21,21-29
C03046,Customer 03046,29,Male,Chennai,Mass,2025-03-28,21-29
C03047,Customer 03047,40,Female,Hyderabad,Mass,2025-02-13,40-49
C03048,Customer 03048,21,Female,Delhi,Affluent,2025-04-17,21-29
C03049,Customer 03049,28,Male,Bhubaneswar,Affluent,2024-12-12,21-29
C03050,Customer 03050,43,Male,Ahmedabad,Mass,2024-09-24,40-49
C03051,Customer 03051,23,Male,Hyderabad,Affluent,2021-11-16,21-29
C03052,Customer 03052,24,Male,Pune,Mass,2021-10-31,21-29
C03053,Customer 03053,45,Female,Mumbai,Mass,2024-07-19,40-49
C03054,Customer 03054,58,Female,Bengaluru,Premium,2022-11-21,50-59
C03055,Customer 03055,35,Male,Delhi,Premium,2024-02-12,30-39
C03056,Customer 03056,41,Male,Delhi,Mass,2022-02-11,40-49
C03057,Customer 03057,55,Male,Bengaluru,Mass,2023-11-16,50-59
C03058,Customer 03058,34,Male,Ahmedabad,Mass,2024-06-14,30-39
C03059,Customer 03059,56,Female,Delhi,Mass,2024-08-26,50-59
C03060,Customer 03060,32,Male,Chennai,Mass,2022-11-15,30-39
C03061,Customer 03061,37,Female,Bengaluru,Mass,2021-08-21,30-39
C03062,Customer 03062,59,Female,Mumbai,Premium,2023-10-19,50-59
C03063,Customer 03063,29,Female,Jaipur,Affluent,2022-07-03,21-29
C03064,Customer 03064,55,Female,Chennai,Mass,2024-07-12,50-59
C03065,Customer 03065,33,Female,Bhubaneswar,Mass,2023-11-03,30-39
C03066,Customer 03066,35,Female,Bhubaneswar,Mass,2022-05-11,30-39
C03067,Customer 03067,38,Female,Delhi,Mass,2024-09-01,30-39
C03068,Customer 03068,53,Female,Mumbai,Mass,2022-09-10,50-59
C03069,Customer 03069,26,Male,Ahmedabad,Affluent,2023-04-28,21-29
C03070,Customer 03070,47,Female,Bhubaneswar,Mass,2023-10-03,40-49
C03071,Customer 03071,43,Female,Chennai,Affluent,2022-01-19,40-49
C03072,Customer 03072,47,Male,Kolkata,Affluent,2023-10-14,40-49
C03073,Customer 03073,54,Male,Kolkata,Mass,2022-10-04,50-59
C03074,Customer 03074,58,Male,Delhi,Mass,2021-11-12,50-59
C03075,Customer 03075,34,Female,Chennai,Affluent,2021-09-13,30-39
C03076,Customer 03076,56,Male,Ahmedabad,Premium,2022-03-17,50-59
C03077,Customer 03077,28,Female,Pune,Affluent,2024-02-13,21-29
C03078,Customer 03078,55,Female,Bengaluru,Mass,2021-10-26,50-59
C03079,Customer 03079,39,Female,Delhi,Mass,2023-07-04,30-39
C03080,Customer 03080,50,Male,Bengaluru,Mass,2024-02-22,50-59
C03081,Customer 03081,34,Female,Mumbai,Premium,2021-09-13,30-39
C03082,Customer 03082,40,Female,Jaipur,Affluent,2022-10-13,40-49
C03083,Customer 03083,45,Female,Bengaluru,Mass,2021-02-16,40-49
C03084,Customer 03084,60,Male,Mumbai,Mass,2023-06-22,60+
C03085,Customer 03085,44,Male,Delhi,Mass,2022-04-08,40-49
C03086,Customer 03086,34,Female,Chennai,Mass,2024-10-05,30-39
C03087,Customer 03087,46,Male,Hyderabad,Mass,2024-02-21,40-49
C03088,Customer 03088,58,Male,Mumbai,Mass,2021-01-31,50-59
C03089,Customer 03089,43,Male,Mumbai,Premium,2021-02-24,40-49
C03090,Customer 03090,42,Female,Mumbai,Affluent,2021-06-02,40-49
C03091,Customer 03091,39,Male,Hyderabad,Mass,2022-04-01,30-39
C03092,Customer 03092,23,Female,Mumbai,Affluent,2021-10-13,21-29
C03093,Customer 03093,62,Male,Bhubaneswar,Mass,2021-02-05,60+
C03094,Customer 03094,39,Female,Hyderabad,Mass,2023-03-29,30-39
C03095,Customer 03095,29,Female,Bengaluru,Mass,2021-09-13,21-29
C03096,Customer 03096,48,Female,Pune,Mass,2021-06-27,40-49
C03097,Customer 03097,40,Male,Delhi,Mass,2025-04-21,40-49
C03098,Customer 03098,65,Female,Pune,Mass,2024-07-01,60+
C03099,Customer 03099,27,Male,Mumbai,Affluent,2022-05-23,21-29
C03100,Customer 03100,34,Female,Chennai,Mass,2021-01-21,30-39
C03101,Customer 03101,29,Male,Kolkata,Affluent,2021-03-16,21-29
C03102,Customer 03102,39,Male,Jaipur,Mass,2022-12-20,30-39
C03103,Customer 03103,34,Male,Mumbai,Affluent,2022-04-05,30-39
C03104,Customer 03104,58,Male,Delhi,Affluent,2024-04-16,50-59
C03105,Customer 03105,56,Male,Hyderabad,Affluent,2024-11-06,50-59
C03106,Customer 03106,60,Female,Jaipur,Mass,2023-11-27,60+
C03107,Customer 03107,37,Male,Jaipur,Affluent,2024-02-18,30-39
C03108,Customer 03108,50,Female,Bengaluru,Mass,2022-09-22,50-59
C03109,Customer 03109,29,Male,Bengaluru,Affluent,2021-01-01,21-29
C03110,Customer 03110,53,Male,Hyderabad,Mass,2023-07-25,50-59
C03111,Customer 03111,45,Female,Bengaluru,Mass,2021-11-07,40-49
C03112,Customer 03112,34,Female,Delhi,Mass,2024-05-16,30-39
C03113,Customer 03113,31,Female,Bengaluru,Affluent,2024-03-23,30-39
C03114,Customer 03114,55,Male,Chennai,Mass,2023-02-01,50-59
C03115,Customer 03115,61,Male,Bhubaneswar,Premium,2022-11-14,60+
C03116,Customer 03116,34,Male,Bhubaneswar,Premium,2021-11-11,30-39
C03117,Customer 03117,50,Male,Delhi,Mass,2021-11-03,50-59
C03118,Customer 03118,61,Male,Chennai,Mass,2025-03-08,60+
C03119,Customer 03119,24,Female,Ahmedabad,Affluent,2022-09-11,21-29
C03120,Customer 03120,24,Female,Bengaluru,Mass,2025-03-24,21-29
C03121,Customer 03121,48,Male,Pune,Mass,2025-06-18,40-49
C03122,Customer 03122,28,Male,Delhi,Premium,2024-01-26,21-29
C03123,Customer 03123,22,Male,Mumbai,Premium,2025-02-22,21-29
C03124,Customer 03124,61,Female,Delhi,Premium,2021-01-07,60+
C03125,Customer 03125,42,Female,Bengaluru,Mass,2023-11-02,40-49
C03126,Customer 03126,61,Female,Pune,Mass,2022-05-29,60+
C03127,Customer 03127,36,Female,Mumbai,Mass,2021-12-15,30-39
C03128,Customer 03128,49,Female,Delhi,Mass,2023-07-06,40-49
C03129,Customer 03129,50,Male,Bengaluru,Mass,2023-10-28,50-59
C03130,Customer 03130,32,Female,Ahmedabad,Mass,2022-05-15,30-39
C03131,Customer 03131,55,Male,Hyderabad,Affluent,2022-04-20,50-59
C03132,Customer 03132,31,Female,Chennai,Affluent,2022-06-08,30-39
C03133,Customer 03133,41,Male,Chennai,Affluent,2023-12-17,40-49
C03134,Customer 03134,41,Female,Delhi,Affluent,2022-08-13,40-49
C03135,Customer 03135,25,Female,Mumbai,Mass,2025-05-29,21-29
C03136,Customer 03136,40,Female,Kolkata,Mass,2021-08-21,40-49
C03137,Customer 03137,57,Male,Bengaluru,Affluent,2023-03-02,50-59
C03138,Customer 03138,23,Male,Bengaluru,Mass,2023-11-20,21-29
C03139,Customer 03139,64,Female,Pune,Mass,2022-01-02,60+
C03140,Customer 03140,53,Female,Mumbai,Mass,2025-06-19,50-59
C03141,Customer 03141,29,Male,Delhi,Mass,2021-02-25,21-29
C03142,Customer 03142,29,Female,Hyderabad,Affluent,2021-01-10,21-29
C03143,Customer 03143,24,Female,Hyderabad,Affluent,2021-05-27,21-29
C03144,Customer 03144,55,Male,Pune,Premium,2021-12-30,50-59
C03145,Customer 03145,37,Male,Chennai,Mass,2025-06-11,30-39
C03146,Customer 03146,54,Female,Pune,Mass,2021-09-10,50-59
C03147,Customer 03147,44,Female,Pune,Affluent,2023-07-29,40-49
C03148,Customer 03148,52,Male,Mumbai,Mass,2024-06-30,50-59
C03149,Customer 03149,21,Female,Delhi,Mass,2025-01-06,21-29
C03150,Customer 03150,28,Female,Hyderabad,Premium,2023-01-06,21-29
C03151,Customer 03151,65,Male,Delhi,Affluent,2021-12-06,60+
C03152,Customer 03152,43,Male,Bhubaneswar,Premium,2025-03-20,40-49
C03153,Customer 03153,60,Male,Ahmedabad,Mass,2024-10-08,60+
C03154,Customer 03154,32,Other,Mumbai,Mass,2022-09-16,30-39
C03155,Customer 03155,32,Male,Bengaluru,Affluent,2022-12-06,30-39
C03156,Customer 03156,35,Female,Bengaluru,Mass,2021-11-19,30-39
C03157,Customer 03157,61,Other,Mumbai,Affluent,2024-03-09,60+
C03158,Customer 03158,39,Female,Bengaluru,Mass,2023-05-11,30-39
C03159,Customer 03159,46,Female,Hyderabad,Affluent,2025-01-08,40-49
C03160,Customer 03160,49,Male,Ahmedabad,Mass,2021-04-05,40-49
C03161,Customer 03161,42,Female,Kolkata,Mass,2022-07-07,40-49
C03162,Customer 03162,60,Female,Mumbai,Mass,2024-12-14,60+
C03163,Customer 03163,41,Female,Delhi,Affluent,2025-03-18,40-49
C03164,Customer 03164,58,Female,Hyderabad,Affluent,2023-03-01,50-59
C03165,Customer 03165,40,Male,Ahmedabad,Mass,2024-03-19,40-49
C03166,Customer 03166,49,Male,Ahmedabad,Affluent,2022-07-07,40-49
C03167,Customer 03167,24,Other,Jaipur,Mass,2024-10-06,21-29
C03168,Customer 03168,27,Female,Hyderabad,Mass,2021-04-26,21-29
C03169,Customer 03169,48,Female,Pune,Mass,2022-09-24,40-49
C03170,Customer 03170,48,Female,Bengaluru,Premium,2024-06-14,40-49
C03171,Customer 03171,24,Female,Chennai,Mass,2021-09-27,21-29
C03172,Customer 03172,42,Female,Mumbai,Mass,2023-05-11,40-49
C03173,Customer 03173,32,Male,Hyderabad,Affluent,2021-10-18,30-39
C03174,Customer 03174,65,Male,Chennai,Mass,2024-12-28,60+
C03175,Customer 03175,23,Other,Mumbai,Mass,2021-01-09,21-29
C03176,Customer 03176,42,Female,Bengaluru,Mass,2022-09-22,40-49
C03177,Customer 03177,64,Male,Bengaluru,Affluent,2023-05-14,60+
C03178,Customer 03178,22,Female,Bengaluru,Mass,2022-04-20,21-29
C03179,Customer 03179,44,Female,Bengaluru,Affluent,2025-03-26,40-49
C03180,Customer 03180,54,Male,Bengaluru,Affluent,2022-06-21,50-59
C03181,Customer 03181,47,Male,Mumbai,Affluent,2022-11-16,40-49
C03182,Customer 03182,61,Female,Mumbai,Affluent,2023-11-01,60+
C03183,Customer 03183,21,Female,Bhubaneswar,Mass,2022-09-05,21-29
C03184,Customer 03184,28,Female,Delhi,Mass,2023-02-16,21-29
C03185,Customer 03185,43,Male,Bengaluru,Affluent,2024-09-12,40-49
C03186,Customer 03186,58,Female,Chennai,Premium,2022-08-18,50-59
C03187,Customer 03187,26,Other,Ahmedabad,Mass,2021-10-03,21-29
C03188,Customer 03188,42,Female,Pune,Mass,2022-01-05,40-49
C03189,Customer 03189,45,Female,Mumbai,Mass,2025-02-22,40-49
C03190,Customer 03190,38,Male,Chennai,Mass,2021-12-11,30-39
C03191,Customer 03191,37,Male,Pune,Mass,2022-01-03,30-39
C03192,Customer 03192,32,Female,Pune,Mass,2024-08-27,30-39
C03193,Customer 03193,26,Male,Pune,Mass,2023-01-01,21-29
C03194,Customer 03194,46,Male,Ahmedabad,Mass,2025-06-13,40-49
C03195,Customer 03195,47,Male,Ahmedabad,Mass,2025-02-17,40-49
C03196,Customer 03196,28,Male,Chennai,Mass,2021-01-15,21-29
C03197,Customer 03197,39,Male,Delhi,Affluent,2023-01-28,30-39
C03198,Customer 03198,62,Male,Pune,Premium,2022-11-19,60+
C03199,Customer 03199,21,Male,Ahmedabad,Mass,2021-01-04,21-29
C03200,Customer 03200,49,Female,Bengaluru,Mass,2024-10-31,40-49
C03201,Customer 03201,65,Female,Bhubaneswar,Premium,2024-10-24,60+
C03202,Customer 03202,55,Female,Mumbai,Affluent,2025-01-28,50-59
C03203,Customer 03203,60,Female,Hyderabad,Mass,2022-06-17,60+
C03204,Customer 03204,34,Female,Ahmedabad,Mass,2023-09-13,30-39
C03205,Customer 03205,55,Male,Mumbai,Mass,2024-03-06,50-59
C03206,Customer 03206,65,Female,Hyderabad,Mass,2023-04-14,60+
C03207,Customer 03207,40,Female,Bengaluru,Mass,2021-12-29,40-49
C03208,Customer 03208,33,Male,Delhi,Premium,2024-05-24,30-39
C03209,Customer 03209,58,Female,Mumbai,Mass,2024-10-23,50-59
C03210,Customer 03210,28,Female,Delhi,Affluent,2021-04-27,21-29
C03211,Customer 03211,63,Female,Delhi,Affluent,2024-04-17,60+
C03212,Customer 03212,40,Female,Bhubaneswar,Affluent,2024-06-23,40-49
C03213,Customer 03213,53,Female,Bhubaneswar,Affluent,2021-05-08,50-59
C03214,Customer 03214,46,Male,Bengaluru,Premium,2024-10-13,40-49
C03215,Customer 03215,59,Male,Pune,Mass,2021-03-19,50-59
C03216,Customer 03216,41,Female,Bengaluru,Premium,2023-01-11,40-49
C03217,Customer 03217,62,Female,Bengaluru,Affluent,2024-08-09,60+
C03218,Customer 03218,63,Female,Bengaluru,Mass,2023-02-13,60+
C03219,Customer 03219,61,Male,Bhubaneswar,Affluent,2021-03-23,60+
C03220,Customer 03220,29,Female,Bhubaneswar,Affluent,2021-12-08,21-29
C03221,Customer 03221,44,Female,Mumbai,Premium,2024-09-23,40-49
C03222,Customer 03222,57,Male,Mumbai,Mass,2023-03-30,50-59
C03223,Customer 03223,61,Male,Mumbai,Mass,2022-08-01,60+
C03224,Customer 03224,37,Female,Hyderabad,Mass,2021-04-06,30-39
C03225,Customer 03225,44,Female,Chennai,Mass,2024-03-14,40-49
C03226,Customer 03226,41,Male,Mumbai,Mass,2022-07-31,40-49
C03227,Customer 03227,59,Male,Kolkata,Mass,2022-06-05,50-59
C03228,Customer 03228,61,Male,Delhi,Affluent,2024-11-21,60+
C03229,Customer 03229,59,Male,Jaipur,Mass,2023-09-23,50-59
C03230,Customer 03230,33,Male,Pune,Mass,2021-12-23,30-39
C03231,Customer 03231,31,Other,Hyderabad,Mass,2021-07-05,30-39
C03232,Customer 03232,39,Male,Kolkata,Mass,2022-06-27,30-39
C03233,Customer 03233,31,Female,Ahmedabad,Mass,2021-05-31,30-39
C03234,Customer 03234,33,Male,Mumbai,Mass,2024-09-04,30-39
C03235,Customer 03235,65,Female,Delhi,Mass,2023-12-19,60+
C03236,Customer 03236,21,Female,Jaipur,Mass,2021-01-10,21-29
C03237,Customer 03237,60,Male,Mumbai,Mass,2023-05-07,60+
C03238,Customer 03238,64,Female,Bengaluru,Mass,2024-02-22,60+
C03239,Customer 03239,39,Male,Hyderabad,Mass,2021-12-22,30-39
C03240,Customer 03240,32,Female,Kolkata,Mass,2024-10-01,30-39
C03241,Customer 03241,28,Male,Kolkata,Mass,2023-03-05,21-29
C03242,Customer 03242,28,Male,Jaipur,Affluent,2021-08-25,21-29
C03243,Customer 03243,65,Male,Hyderabad,Affluent,2021-11-29,60+
C03244,Customer 03244,32,Female,Bengaluru,Mass,2021-01-17,30-39
C03245,Customer 03245,53,Female,Chennai,Mass,2024-12-18,50-59
C03246,Customer 03246,65,Male,Kolkata,Affluent,2021-11-20,60+
C03247,Customer 03247,46,Female,Bengaluru,Mass,2021-01-23,40-49
C03248,Customer 03248,59,Male,Mumbai,Affluent,2023-07-20,50-59
C03249,Customer 03249,48,Male,Bengaluru,Premium,2022-04-04,40-49
C03250,Customer 03250,25,Female,Chennai,Affluent,2025-01-23,21-29
C03251,Customer 03251,28,Female,Jaipur,Affluent,2022-06-05,21-29
C03252,Customer 03252,45,Female,Pune,Affluent,2022-12-20,40-49
C03253,Customer 03253,47,Male,Bhubaneswar,Affluent,2022-07-11,40-49
C03254,Customer 03254,43,Female,Bengaluru,Affluent,2024-12-15,40-49
C03255,Customer 03255,50,Female,Jaipur,Affluent,2022-02-07,50-59
C03256,Customer 03256,65,Female,Ahmedabad,Affluent,2024-09-16,60+
C03257,Customer 03257,43,Male,Delhi,Mass,2022-04-02,40-49
C03258,Customer 03258,40,Female,Bhubaneswar,Mass,2025-02-15,40-49
C03259,Customer 03259,38,Female,Mumbai,Affluent,2025-03-02,30-39
C03260,Customer 03260,38,Male,Jaipur,Mass,2023-11-17,30-39
C03261,Customer 03261,22,Male,Jaipur,Affluent,2022-02-01,21-29
C03262,Customer 03262,24,Male,Kolkata,Premium,2024-04-26,21-29
C03263,Customer 03263,50,Female,Chennai,Affluent,2021-05-20,50-59
C03264,Customer 03264,53,Female,Bengaluru,Premium,2022-06-05,50-59
C03265,Customer 03265,56,Male,Hyderabad,Affluent,2023-01-16,50-59
C03266,Customer 03266,38,Female,Delhi,Mass,2021-04-02,30-39
C03267,Customer 03267,57,Male,Kolkata,Affluent,2021-03-18,50-59
C03268,Customer 03268,39,Male,Kolkata,Mass,2023-05-02,30-39
C03269,Customer 03269,48,Female,Jaipur,Mass,2024-06-21,40-49
C03270,Customer 03270,60,Male,Bengaluru,Mass,2023-04-25,60+
C03271,Customer 03271,40,Male,Kolkata,Mass,2022-10-29,40-49
C03272,Customer 03272,53,Female,Jaipur,Mass,2023-08-17,50-59
C03273,Customer 03273,32,Male,Kolkata,Mass,2023-09-16,30-39
C03274,Customer 03274,35,Female,Bengaluru,Affluent,2023-03-08,30-39
C03275,Customer 03275,61,Female,Bengaluru,Affluent,2021-03-29,60+
C03276,Customer 03276,59,Female,Bengaluru,Mass,2025-06-30,50-59
C03277,Customer 03277,22,Male,Chennai,Mass,2023-07-04,21-29
C03278,Customer 03278,49,Male,Chennai,Affluent,2024-08-10,40-49
C03279,Customer 03279,61,Male,Bhubaneswar,Affluent,2021-04-05,60+
C03280,Customer 03280,30,Female,Delhi,Premium,2024-06-30,30-39
C03281,Customer 03281,22,Male,Delhi,Mass,2022-07-05,21-29
C03282,Customer 03282,31,Female,Chennai,Affluent,2022-02-03,30-39
C03283,Customer 03283,33,Male,Ahmedabad,Mass,2023-02-06,30-39
C03284,Customer 03284,30,Female,Jaipur,Affluent,2023-12-14,30-39
C03285,Customer 03285,34,Female,Kolkata,Mass,2021-08-31,30-39
C03286,Customer 03286,38,Female,Delhi,Mass,2024-02-08,30-39
C03287,Customer 03287,29,Male,Chennai,Mass,2022-09-16,21-29
C03288,Customer 03288,59,Female,Ahmedabad,Mass,2022-12-02,50-59
C03289,Customer 03289,48,Male,Hyderabad,Mass,2024-05-29,40-49
C03290,Customer 03290,23,Female,Mumbai,Affluent,2022-07-18,21-29
C03291,Customer 03291,40,Female,Mumbai,Affluent,2021-06-11,40-49
C03292,Customer 03292,26,Female,Bengaluru,Mass,2021-02-04,21-29
C03293,Customer 03293,47,Male,Pune,Mass,2023-08-24,40-49
C03294,Customer 03294,22,Male,Bengaluru,Mass,2021-02-06,21-29
C03295,Customer 03295,49,Female,Mumbai,Premium,2023-04-26,40-49
C03296,Customer 03296,58,Female,Mumbai,Mass,2023-04-09,50-59
C03297,Customer 03297,23,Female,Chennai,Mass,2022-09-15,21-29
C03298,Customer 03298,36,Male,Delhi,Mass,2024-10-25,30-39
C03299,Customer 03299,50,Female,Pune,Mass,2024-04-15,50-59
C03300,Customer 03300,60,Male,Bengaluru,Mass,2022-06-05,60+
C03301,Customer 03301,22,Male,Bengaluru,Mass,2024-07-22,21-29
C03302,Customer 03302,37,Female,Hyderabad,Affluent,2021-04-15,30-39
C03303,Customer 03303,61,Male,Delhi,Affluent,2021-06-05,60+
C03304,Customer 03304,32,Male,Mumbai,Affluent,2021-12-02,30-39
C03305,Customer 03305,55,Male,Bengaluru,Mass,2023-11-16,50-59
C03306,Customer 03306,63,Female,Jaipur,Mass,2021-10-23,60+
C03307,Customer 03307,21,Female,Pune,Premium,2025-04-10,21-29
C03308,Customer 03308,65,Female,Bengaluru,Affluent,2024-10-10,60+
C03309,Customer 03309,35,Female,Bengaluru,Mass,2023-06-05,30-39
C03310,Customer 03310,46,Female,Bhubaneswar,Mass,2021-03-10,40-49
C03311,Customer 03311,57,Female,Pune,Mass,2024-09-12,50-59
C03312,Customer 03312,41,Male,Delhi,Mass,2021-05-31,40-49
C03313,Customer 03313,51,Female,Pune,Affluent,2023-05-07,50-59
C03314,Customer 03314,45,Female,Kolkata,Premium,2022-07-31,40-49
C03315,Customer 03315,43,Female,Kolkata,Mass,2022-10-24,40-49
C03316,Customer 03316,44,Male,Hyderabad,Mass,2024-09-05,40-49
C03317,Customer 03317,58,Male,Delhi,Affluent,2023-01-27,50-59
C03318,Customer 03318,48,Male,Bengaluru,Mass,2022-03-28,40-49
C03319,Customer 03319,41,Female,Jaipur,Premium,2022-07-24,40-49
C03320,Customer 03320,63,Other,Chennai,Affluent,2024-02-10,60+
C03321,Customer 03321,38,Female,Mumbai,Premium,2022-09-27,30-39
C03322,Customer 03322,56,Female,Jaipur,Mass,2025-01-25,50-59
C03323,Customer 03323,55,Female,Jaipur,Mass,2021-12-28,50-59
C03324,Customer 03324,65,Female,Bhubaneswar,Mass,2021-07-22,60+
C03325,Customer 03325,29,Female,Ahmedabad,Mass,2022-05-02,21-29
C03326,Customer 03326,58,Male,Bhubaneswar,Mass,2025-02-12,50-59
C03327,Customer 03327,50,Male,Mumbai,Premium,2021-01-04,50-59
C03328,Customer 03328,64,Female,Ahmedabad,Affluent,2024-02-27,60+
C03329,Customer 03329,54,Male,Ahmedabad,Affluent,2023-11-16,50-59
C03330,Customer 03330,52,Female,Mumbai,Mass,2023-03-12,50-59
C03331,Customer 03331,23,Female,Bengaluru,Affluent,2023-09-04,21-29
C03332,Customer 03332,23,Male,Bhubaneswar,Affluent,2021-01-27,21-29
C03333,Customer 03333,48,Male,Mumbai,Mass,2023-12-02,40-49
C03334,Customer 03334,64,Female,Ahmedabad,Premium,2023-08-23,60+
C03335,Customer 03335,35,Female,Bengaluru,Mass,2025-05-26,30-39
C03336,Customer 03336,61,Male,Bengaluru,Mass,2021-03-05,60+
C03337,Customer 03337,43,Male,Hyderabad,Mass,2023-11-15,40-49
C03338,Customer 03338,60,Male,Mumbai,Affluent,2021-03-13,60+
C03339,Customer 03339,31,Female,Pune,Affluent,2025-02-14,30-39
C03340,Customer 03340,52,Female,Chennai,Mass,2023-06-19,50-59
C03341,Customer 03341,56,Female,Bengaluru,Mass,2021-09-25,50-59
C03342,Customer 03342,53,Female,Mumbai,Mass,2021-04-05,50-59
C03343,Customer 03343,44,Male,Delhi,Mass,2022-01-30,40-49
C03344,Customer 03344,59,Male,Mumbai,Mass,2023-05-19,50-59
C03345,Customer 03345,54,Female,Kolkata,Mass,2021-12-30,50-59
C03346,Customer 03346,48,Male,Delhi,Mass,2024-08-31,40-49
C03347,Customer 03347,57,Male,Bengaluru,Affluent,2021-04-27,50-59
C03348,Customer 03348,27,Female,Hyderabad,Mass,2021-06-13,21-29
C03349,Customer 03349,24,Male,Bengaluru,Affluent,2023-05-27,21-29
C03350,Customer 03350,57,Male,Bengaluru,Mass,2023-03-01,50-59
C03351,Customer 03351,21,Male,Mumbai,Mass,2022-07-31,21-29
C03352,Customer 03352,21,Female,Ahmedabad,Mass,2021-11-02,21-29
C03353,Customer 03353,40,Male,Jaipur,Mass,2023-02-11,40-49
C03354,Customer 03354,39,Male,Ahmedabad,Mass,2021-07-19,30-39
C03355,Customer 03355,49,Female,Delhi,Affluent,2021-06-29,40-49
C03356,Customer 03356,30,Female,Mumbai,Premium,2021-12-24,30-39
C03357,Customer 03357,38,Male,Chennai,Mass,2023-01-10,30-39
C03358,Customer 03358,48,Female,Pune,Mass,2024-06-29,40-49
C03359,Customer 03359,55,Male,Bhubaneswar,Premium,2024-08-15,50-59
C03360,Customer 03360,63,Male,Bengaluru,Mass,2022-03-06,60+
C03361,Customer 03361,51,Female,Bengaluru,Affluent,2023-10-25,50-59
C03362,Customer 03362,47,Female,Pune,Premium,2022-10-15,40-49
C03363,Customer 03363,31,Male,Ahmedabad,Premium,2022-11-09,30-39
C03364,Customer 03364,58,Female,Ahmedabad,Mass,2021-09-11,50-59
C03365,Customer 03365,25,Male,Pune,Mass,2023-07-30,21-29
C03366,Customer 03366,28,Male,Bhubaneswar,Mass,2025-05-22,21-29
C03367,Customer 03367,54,Male,Hyderabad,Affluent,2025-05-10,50-59
C03368,Customer 03368,32,Male,Jaipur,Premium,2024-01-25,30-39
C03369,Customer 03369,58,Male,Bhubaneswar,Mass,2021-06-16,50-59
C03370,Customer 03370,21,Female,Ahmedabad,Affluent,2024-09-16,21-29
C03371,Customer 03371,51,Male,Delhi,Affluent,2023-08-23,50-59
C03372,Customer 03372,24,Male,Mumbai,Affluent,2023-05-04,21-29
C03373,Customer 03373,65,Female,Chennai,Affluent,2023-12-22,60+
C03374,Customer 03374,25,Female,Hyderabad,Affluent,2021-06-23,21-29
C03375,Customer 03375,50,Male,Ahmedabad,Mass,2024-06-30,50-59
C03376,Customer 03376,44,Female,Bengaluru,Mass,2025-01-24,40-49
C03377,Customer 03377,23,Male,Mumbai,Affluent,2022-09-16,21-29
C03378,Customer 03378,31,Male,Kolkata,Mass,2024-05-23,30-39
C03379,Customer 03379,65,Female,Bengaluru,Mass,2024-06-16,60+
C03380,Customer 03380,24,Male,Delhi,Affluent,2022-02-19,21-29
C03381,Customer 03381,46,Female,Delhi,Affluent,2023-01-09,40-49
C03382,Customer 03382,47,Female,Chennai,Premium,2022-11-06,40-49
C03383,Customer 03383,63,Male,Bengaluru,Mass,2021-05-06,60+
C03384,Customer 03384,47,Female,Ahmedabad,Affluent,2023-07-30,40-49
C03385,Customer 03385,62,Male,Hyderabad,Mass,2021-09-10,60+
C03386,Customer 03386,26,Male,Jaipur,Premium,2021-07-16,21-29
C03387,Customer 03387,35,Male,Hyderabad,Mass,2022-02-17,30-39
C03388,Customer 03388,50,Female,Mumbai,Affluent,2025-01-19,50-59
C03389,Customer 03389,62,Female,Bengaluru,Affluent,2023-02-15,60+
C03390,Customer 03390,57,Male,Bengaluru,Mass,2023-12-14,50-59
C03391,Customer 03391,57,Male,Hyderabad,Premium,2024-09-24,50-59
C03392,Customer 03392,62,Male,Bengaluru,Affluent,2024-10-14,60+
C03393,Customer 03393,57,Male,Delhi,Mass,2024-03-20,50-59
C03394,Customer 03394,55,Female,Chennai,Mass,2024-01-29,50-59
C03395,Customer 03395,43,Female,Mumbai,Mass,2021-08-22,40-49
C03396,Customer 03396,26,Male,Mumbai,Mass,2025-04-17,21-29
C03397,Customer 03397,24,Female,Kolkata,Affluent,2023-12-22,21-29
C03398,Customer 03398,38,Female,Bhubaneswar,Premium,2021-07-15,30-39
C03399,Customer 03399,29,Male,Bengaluru,Mass,2022-06-26,21-29
C03400,Customer 03400,49,Female,Bengaluru,Mass,2024-02-04,40-49
C03401,Customer 03401,33,Female,Bhubaneswar,Mass,2021-10-22,30-39
C03402,Customer 03402,37,Female,Bengaluru,Mass,2022-10-07,30-39
C03403,Customer 03403,65,Male,Bhubaneswar,Mass,2025-01-14,60+
C03404,Customer 03404,52,Male,Bengaluru,Mass,2025-04-07,50-59
C03405,Customer 03405,42,Male,Ahmedabad,Mass,2021-06-05,40-49
C03406,Customer 03406,24,Male,Delhi,Affluent,2022-02-10,21-29
C03407,Customer 03407,25,Female,Jaipur,Affluent,2023-06-15,21-29
C03408,Customer 03408,57,Male,Delhi,Mass,2022-12-27,50-59
C03409,Customer 03409,61,Female,Pune,Affluent,2023-01-08,60+
C03410,Customer 03410,33,Female,Bengaluru,Affluent,2023-03-08,30-39
C03411,Customer 03411,54,Male,Mumbai,Affluent,2022-07-08,50-59
C03412,Customer 03412,65,Male,Kolkata,Mass,2025-05-15,60+
C03413,Customer 03413,42,Female,Hyderabad,Affluent,2022-01-10,40-49
C03414,Customer 03414,43,Female,Jaipur,Affluent,2025-06-01,40-49
C03415,Customer 03415,23,Male,Delhi,Mass,2022-03-31,21-29
C03416,Customer 03416,62,Female,Ahmedabad,Mass,2021-07-21,60+
C03417,Customer 03417,54,Female,Hyderabad,Premium,2025-01-15,50-59
C03418,Customer 03418,52,Female,Bhubaneswar,Affluent,2024-04-25,50-59
C03419,Customer 03419,65,Female,Bhubaneswar,Premium,2025-06-20,60+
C03420,Customer 03420,41,Male,Delhi,Affluent,2023-05-04,40-49
C03421,Customer 03421,64,Female,Jaipur,Mass,2022-12-25,60+
C03422,Customer 03422,41,Female,Ahmedabad,Mass,2024-10-23,40-49
C03423,Customer 03423,64,Male,Mumbai,Mass,2021-12-06,60+
C03424,Customer 03424,31,Male,Chennai,Premium,2021-09-19,30-39
C03425,Customer 03425,59,Female,Bengaluru,Mass,2025-06-01,50-59
C03426,Customer 03426,24,Female,Ahmedabad,Mass,2022-06-27,21-29
C03427,Customer 03427,21,Female,Mumbai,Affluent,2022-07-05,21-29
C03428,Customer 03428,48,Male,Bengaluru,Affluent,2024-08-22,40-49
C03429,Customer 03429,44,Male,Delhi,Mass,2022-09-30,40-49
C03430,Customer 03430,55,Male,Chennai,Mass,2021-06-14,50-59
C03431,Customer 03431,33,Male,Ahmedabad,Mass,2023-01-28,30-39
C03432,Customer 03432,54,Male,Bhubaneswar,Mass,2022-09-13,50-59
C03433,Customer 03433,31,Male,Hyderabad,Affluent,2024-01-17,30-39
C03434,Customer 03434,56,Male,Bengaluru,Mass,2024-05-08,50-59
C03435,Customer 03435,37,Female,Kolkata,Affluent,2024-07-18,30-39
C03436,Customer 03436,55,Other,Chennai,Affluent,2021-02-20,50-59
C03437,Customer 03437,38,Female,Hyderabad,Affluent,2022-05-04,30-39
C03438,Customer 03438,60,Female,Delhi,Mass,2021-07-17,60+
C03439,Customer 03439,42,Male,Hyderabad,Mass,2023-11-13,40-49
C03440,Customer 03440,44,Female,Delhi,Mass,2022-10-27,40-49
C03441,Customer 03441,39,Male,Kolkata,Mass,2024-05-31,30-39
C03442,Customer 03442,57,Male,Chennai,Affluent,2024-05-29,50-59
C03443,Customer 03443,59,Female,Ahmedabad,Mass,2022-10-25,50-59
C03444,Customer 03444,41,Male,Chennai,Affluent,2021-09-23,40-49
C03445,Customer 03445,28,Female,Mumbai,Mass,2021-03-14,21-29
C03446,Customer 03446,48,Female,Ahmedabad,Mass,2021-03-18,40-49
C03447,Customer 03447,25,Male,Chennai,Premium,2022-06-28,21-29
C03448,Customer 03448,37,Male,Mumbai,Mass,2023-05-31,30-39
C03449,Customer 03449,57,Male,Chennai,Mass,2022-03-11,50-59
C03450,Customer 03450,56,Female,Delhi,Mass,2023-12-25,50-59
C03451,Customer 03451,39,Male,Ahmedabad,Mass,2021-12-23,30-39
C03452,Customer 03452,47,Female,Hyderabad,Affluent,2023-07-25,40-49
C03453,Customer 03453,54,Male,Pune,Mass,2021-01-18,50-59
C03454,Customer 03454,31,Female,Bengaluru,Mass,2022-11-07,30-39
C03455,Customer 03455,65,Male,Delhi,Mass,2025-05-09,60+
C03456,Customer 03456,32,Female,Bhubaneswar,Premium,2022-07-29,30-39
C03457,Customer 03457,41,Female,Kolkata,Mass,2023-01-21,40-49
C03458,Customer 03458,31,Male,Bengaluru,Mass,2024-12-30,30-39
C03459,Customer 03459,59,Male,Mumbai,Mass,2023-09-23,50-59
C03460,Customer 03460,48,Male,Delhi,Mass,2025-01-04,40-49
C03461,Customer 03461,25,Male,Pune,Mass,2023-10-30,21-29
C03462,Customer 03462,37,Male,Kolkata,Mass,2025-02-02,30-39
C03463,Customer 03463,40,Male,Kolkata,Mass,2022-09-24,40-49
C03464,Customer 03464,61,Female,Hyderabad,Mass,2024-10-03,60+
C03465,Customer 03465,32,Male,Ahmedabad,Mass,2025-06-14,30-39
C03466,Customer 03466,26,Female,Hyderabad,Premium,2022-01-07,21-29
C03467,Customer 03467,37,Male,Bengaluru,Affluent,2023-08-28,30-39
C03468,Customer 03468,39,Male,Chennai,Mass,2024-04-13,30-39
C03469,Customer 03469,46,Male,Bhubaneswar,Mass,2025-03-19,40-49
C03470,Customer 03470,64,Male,Kolkata,Affluent,2024-02-28,60+
C03471,Customer 03471,64,Male,Chennai,Affluent,2025-05-09,60+
C03472,Customer 03472,52,Male,Pune,Mass,2024-08-09,50-59
C03473,Customer 03473,26,Female,Jaipur,Affluent,2021-12-19,21-29
C03474,Customer 03474,56,Male,Delhi,Mass,2021-08-12,50-59
C03475,Customer 03475,58,Female,Delhi,Mass,2025-03-28,50-59
C03476,Customer 03476,31,Male,Bhubaneswar,Premium,2023-08-12,30-39
C03477,Customer 03477,53,Female,Ahmedabad,Affluent,2025-03-13,50-59
C03478,Customer 03478,44,Female,Delhi,Affluent,2022-01-03,40-49
C03479,Customer 03479,43,Female,Hyderabad,Mass,2025-06-02,40-49
C03480,Customer 03480,35,Female,Delhi,Mass,2025-03-04,30-39
C03481,Customer 03481,47,Male,Bengaluru,Mass,2024-01-19,40-49
C03482,Customer 03482,31,Female,Bhubaneswar,Mass,2022-10-18,30-39
C03483,Customer 03483,37,Male,Delhi,Mass,2024-01-01,30-39
C03484,Customer 03484,34,Female,Ahmedabad,Mass,2022-03-09,30-39
C03485,Customer 03485,47,Male,Mumbai,Mass,2024-10-03,40-49
C03486,Customer 03486,38,Male,Chennai,Mass,2024-07-10,30-39
C03487,Customer 03487,48,Male,Bengaluru,Affluent,2024-07-18,40-49
C03488,Customer 03488,24,Male,Kolkata,Premium,2022-05-24,21-29
C03489,Customer 03489,27,Female,Chennai,Mass,2022-05-23,21-29
C03490,Customer 03490,65,Male,Chennai,Affluent,2022-09-09,60+
C03491,Customer 03491,55,Female,Bengaluru,Mass,2022-02-24,50-59
C03492,Customer 03492,29,Male,Mumbai,Premium,2024-01-01,21-29
C03493,Customer 03493,28,Male,Bengaluru,Mass,2021-03-15,21-29
C03494,Customer 03494,65,Female,Mumbai,Affluent,2025-03-07,60+
C03495,Customer 03495,37,Male,Chennai,Affluent,2022-07-28,30-39
C03496,Customer 03496,37,Male,Chennai,Mass,2021-05-26,30-39
C03497,Customer 03497,53,Female,Chennai,Mass,2021-02-15,50-59
C03498,Customer 03498,52,Female,Chennai,Premium,2024-02-03,50-59
C03499,Customer 03499,28,Female,Mumbai,Mass,2024-02-07,21-29
C03500,Customer 03500,39,Male,Mumbai,Affluent,2024-09-02,30-39
C03501,Customer 03501,58,Male,Bengaluru,Premium,2021-05-01,50-59
C03502,Customer 03502,23,Female,Ahmedabad,Mass,2025-03-03,21-29
C03503,Customer 03503,25,Female,Chennai,Affluent,2023-12-03,21-29
C03504,Customer 03504,33,Male,Mumbai,Premium,2021-04-09,30-39
C03505,Customer 03505,51,Male,Mumbai,Affluent,2022-12-07,50-59
C03506,Customer 03506,36,Female,Ahmedabad,Mass,2021-11-07,30-39
C03507,Customer 03507,52,Female,Kolkata,Mass,2024-05-22,50-59
C03508,Customer 03508,42,Male,Pune,Mass,2025-01-26,40-49
C03509,Customer 03509,49,Female,Delhi,Affluent,2022-02-27,40-49
C03510,Customer 03510,42,Female,Mumbai,Affluent,2024-11-13,40-49
C03511,Customer 03511,63,Male,Bhubaneswar,Affluent,2024-02-10,60+
C03512,Customer 03512,23,Male,Kolkata,Mass,2021-09-29,21-29
C03513,Customer 03513,30,Female,Delhi,Mass,2023-04-05,30-39
C03514,Customer 03514,62,Female,Ahmedabad,Affluent,2024-01-31,60+
C03515,Customer 03515,41,Female,Kolkata,Affluent,2021-07-29,40-49
C03516,Customer 03516,36,Female,Mumbai,Premium,2023-01-09,30-39
C03517,Customer 03517,32,Male,Delhi,Affluent,2023-03-04,30-39
C03518,Customer 03518,22,Female,Mumbai,Affluent,2023-11-12,21-29
C03519,Customer 03519,61,Male,Bengaluru,Affluent,2023-01-30,60+
C03520,Customer 03520,44,Male,Pune,Affluent,2021-06-08,40-49
C03521,Customer 03521,55,Female,Mumbai,Mass,2023-01-11,50-59
C03522,Customer 03522,50,Female,Ahmedabad,Premium,2021-12-09,50-59
C03523,Customer 03523,50,Male,Bhubaneswar,Affluent,2024-11-24,50-59
C03524,Customer 03524,55,Male,Bengaluru,Mass,2025-01-17,50-59
C03525,Customer 03525,39,Male,Hyderabad,Mass,2022-11-30,30-39
C03526,Customer 03526,28,Female,Kolkata,Mass,2024-03-12,21-29
C03527,Customer 03527,46,Male,Kolkata,Mass,2022-02-01,40-49
C03528,Customer 03528,60,Male,Kolkata,Mass,2022-06-20,60+
C03529,Customer 03529,27,Male,Delhi,Mass,2021-05-21,21-29
C03530,Customer 03530,50,Female,Hyderabad,Mass,2023-08-19,50-59
C03531,Customer 03531,27,Male,Chennai,Mass,2021-08-28,21-29
C03532,Customer 03532,23,Male,Bhubaneswar,Affluent,2021-10-19,21-29
C03533,Customer 03533,21,Female,Delhi,Mass,2023-03-28,21-29
C03534,Customer 03534,56,Male,Jaipur,Mass,2021-03-23,50-59
C03535,Customer 03535,45,Female,Mumbai,Mass,2022-07-14,40-49
C03536,Customer 03536,57,Female,Bhubaneswar,Mass,2023-05-20,50-59
C03537,Customer 03537,21,Female,Pune,Mass,2021-06-20,21-29
C03538,Customer 03538,35,Male,Hyderabad,Affluent,2023-09-04,30-39
C03539,Customer 03539,57,Female,Chennai,Affluent,2022-08-03,50-59
C03540,Customer 03540,33,Female,Mumbai,Mass,2022-06-10,30-39
C03541,Customer 03541,60,Male,Mumbai,Mass,2022-06-26,60+
C03542,Customer 03542,28,Female,Bengaluru,Mass,2021-04-20,21-29
C03543,Customer 03543,25,Male,Bengaluru,Premium,2024-05-20,21-29
C03544,Customer 03544,29,Male,Delhi,Premium,2025-01-01,21-29
C03545,Customer 03545,21,Male,Kolkata,Mass,2021-11-18,21-29
C03546,Customer 03546,56,Male,Chennai,Affluent,2023-06-19,50-59
C03547,Customer 03547,55,Male,Bengaluru,Affluent,2022-12-15,50-59
C03548,Customer 03548,22,Female,Ahmedabad,Affluent,2021-03-25,21-29
C03549,Customer 03549,60,Male,Chennai,Affluent,2023-08-14,60+
C03550,Customer 03550,43,Female,Bhubaneswar,Premium,2022-01-11,40-49
C03551,Customer 03551,29,Male,Pune,Mass,2023-12-13,21-29
C03552,Customer 03552,54,Female,Mumbai,Affluent,2025-02-28,50-59
C03553,Customer 03553,34,Male,Hyderabad,Affluent,2024-07-03,30-39
C03554,Customer 03554,24,Male,Pune,Affluent,2022-08-09,21-29
C03555,Customer 03555,50,Male,Bengaluru,Affluent,2024-05-28,50-59
C03556,Customer 03556,51,Female,Bengaluru,Mass,2021-04-10,50-59
C03557,Customer 03557,58,Female,Bengaluru,Mass,2021-05-09,50-59
C03558,Customer 03558,31,Male,Mumbai,Mass,2023-07-07,30-39
C03559,Customer 03559,55,Male,Delhi,Mass,2021-08-07,50-59
C03560,Customer 03560,28,Female,Hyderabad,Mass,2022-04-22,21-29
C03561,Customer 03561,23,Male,Bengaluru,Premium,2025-01-21,21-29
C03562,Customer 03562,34,Male,Pune,Mass,2021-01-22,30-39
C03563,Customer 03563,33,Female,Chennai,Affluent,2022-07-14,30-39
C03564,Customer 03564,65,Male,Mumbai,Mass,2022-09-21,60+
C03565,Customer 03565,52,Male,Bengaluru,Affluent,2023-10-16,50-59
C03566,Customer 03566,54,Female,Bengaluru,Mass,2024-09-14,50-59
C03567,Customer 03567,65,Female,Delhi,Affluent,2025-02-12,60+
C03568,Customer 03568,39,Male,Bengaluru,Mass,2021-12-05,30-39
C03569,Customer 03569,58,Male,Delhi,Mass,2021-06-28,50-59
C03570,Customer 03570,36,Female,Chennai,Affluent,2022-02-25,30-39
C03571,Customer 03571,22,Male,Chennai,Mass,2025-02-14,21-29
C03572,Customer 03572,60,Male,Mumbai,Premium,2023-10-04,60+
C03573,Customer 03573,37,Male,Delhi,Affluent,2021-02-18,30-39
C03574,Customer 03574,54,Female,Chennai,Premium,2023-02-06,50-59
C03575,Customer 03575,62,Male,Ahmedabad,Affluent,2021-01-30,60+
C03576,Customer 03576,36,Female,Kolkata,Premium,2021-03-26,30-39
C03577,Customer 03577,58,Female,Chennai,Affluent,2023-02-28,50-59
C03578,Customer 03578,22,Female,Delhi,Mass,2025-03-06,21-29
C03579,Customer 03579,22,Male,Delhi,Mass,2025-04-19,21-29
C03580,Customer 03580,46,Male,Ahmedabad,Mass,2021-11-25,40-49
C03581,Customer 03581,33,Female,Bengaluru,Mass,2022-09-02,30-39
C03582,Customer 03582,51,Male,Bhubaneswar,Mass,2022-03-10,50-59
C03583,Customer 03583,54,Female,Pune,Mass,2022-08-11,50-59
C03584,Customer 03584,59,Male,Pune,Affluent,2024-06-26,50-59
C03585,Customer 03585,23,Other,Bengaluru,Mass,2024-03-03,21-29
C03586,Customer 03586,28,Male,Chennai,Mass,2022-11-21,21-29
C03587,Customer 03587,43,Female,Hyderabad,Affluent,2024-10-20,40-49
C03588,Customer 03588,34,Male,Bengaluru,Affluent,2025-05-18,30-39
C03589,Customer 03589,47,Female,Mumbai,Premium,2022-03-01,40-49
C03590,Customer 03590,49,Female,Jaipur,Affluent,2024-12-09,40-49
C03591,Customer 03591,59,Male,Chennai,Mass,2023-02-09,50-59
C03592,Customer 03592,59,Male,Delhi,Mass,2022-05-27,50-59
C03593,Customer 03593,21,Female,Bengaluru,Mass,2024-11-09,21-29
C03594,Customer 03594,37,Male,Pune,Mass,2024-11-12,30-39
C03595,Customer 03595,61,Male,Pune,Mass,2023-10-09,60+
C03596,Customer 03596,50,Female,Chennai,Premium,2025-01-12,50-59
C03597,Customer 03597,33,Male,Hyderabad,Mass,2022-07-18,30-39
C03598,Customer 03598,41,Male,Hyderabad,Mass,2021-10-30,40-49
C03599,Customer 03599,39,Male,Chennai,Mass,2021-04-09,30-39
C03600,Customer 03600,39,Male,Mumbai,Affluent,2024-08-22,30-39
C03601,Customer 03601,45,Male,Bhubaneswar,Mass,2022-07-11,40-49
C03602,Customer 03602,42,Female,Chennai,Mass,2021-02-11,40-49
C03603,Customer 03603,51,Male,Delhi,Mass,2023-09-18,50-59
C03604,Customer 03604,37,Male,Hyderabad,Mass,2022-04-13,30-39
C03605,Customer 03605,43,Female,Kolkata,Mass,2022-03-16,40-49
C03606,Customer 03606,52,Male,Mumbai,Mass,2021-11-23,50-59
C03607,Customer 03607,30,Male,Mumbai,Mass,2022-07-23,30-39
C03608,Customer 03608,30,Male,Pune,Affluent,2021-02-02,30-39
C03609,Customer 03609,56,Female,Delhi,Mass,2022-02-16,50-59
C03610,Customer 03610,28,Female,Kolkata,Affluent,2023-03-23,21-29
C03611,Customer 03611,40,Male,Bengaluru,Mass,2024-02-12,40-49
C03612,Customer 03612,52,Female,Kolkata,Mass,2022-05-23,50-59
C03613,Customer 03613,34,Male,Bengaluru,Mass,2021-02-25,30-39
C03614,Customer 03614,48,Female,Bengaluru,Mass,2025-04-29,40-49
C03615,Customer 03615,44,Female,Jaipur,Mass,2024-10-07,40-49
C03616,Customer 03616,35,Female,Chennai,Mass,2024-09-14,30-39
C03617,Customer 03617,42,Female,Delhi,Affluent,2022-06-30,40-49
C03618,Customer 03618,50,Male,Mumbai,Affluent,2024-07-17,50-59
C03619,Customer 03619,24,Female,Chennai,Affluent,2021-07-15,21-29
C03620,Customer 03620,33,Female,Hyderabad,Mass,2022-02-17,30-39
C03621,Customer 03621,43,Female,Bhubaneswar,Affluent,2022-09-29,40-49
C03622,Customer 03622,28,Male,Bhubaneswar,Mass,2024-01-08,21-29
C03623,Customer 03623,38,Female,Chennai,Affluent,2024-01-12,30-39
C03624,Customer 03624,32,Male,Hyderabad,Mass,2023-01-12,30-39
C03625,Customer 03625,51,Male,Hyderabad,Mass,2021-05-17,50-59
C03626,Customer 03626,34,Male,Pune,Affluent,2022-06-23,30-39
C03627,Customer 03627,54,Male,Bengaluru,Mass,2022-11-20,50-59
C03628,Customer 03628,38,Male,Delhi,Mass,2022-12-20,30-39
C03629,Customer 03629,54,Male,Bengaluru,Mass,2023-07-22,50-59
C03630,Customer 03630,31,Female,Bengaluru,Mass,2021-11-02,30-39
C03631,Customer 03631,61,Female,Mumbai,Premium,2024-08-27,60+
C03632,Customer 03632,32,Female,Hyderabad,Mass,2022-01-23,30-39
C03633,Customer 03633,35,Male,Kolkata,Premium,2022-12-26,30-39
C03634,Customer 03634,51,Other,Hyderabad,Mass,2023-07-04,50-59
C03635,Customer 03635,49,Male,Delhi,Mass,2022-07-03,40-49
C03636,Customer 03636,46,Female,Bengaluru,Affluent,2022-05-21,40-49
C03637,Customer 03637,38,Male,Chennai,Mass,2022-01-23,30-39
C03638,Customer 03638,52,Female,Mumbai,Mass,2021-10-20,50-59
C03639,Customer 03639,42,Female,Chennai,Mass,2021-06-28,40-49
C03640,Customer 03640,58,Female,Bhubaneswar,Mass,2022-11-03,50-59
C03641,Customer 03641,37,Female,Bengaluru,Affluent,2024-12-23,30-39
C03642,Customer 03642,43,Male,Mumbai,Affluent,2025-03-28,40-49
C03643,Customer 03643,44,Female,Hyderabad,Affluent,2024-08-28,40-49
C03644,Customer 03644,28,Male,Bhubaneswar,Affluent,2021-03-21,21-29
C03645,Customer 03645,61,Male,Kolkata,Mass,2023-11-04,60+
C03646,Customer 03646,26,Male,Jaipur,Mass,2023-12-14,21-29
C03647,Customer 03647,25,Male,Delhi,Affluent,2022-03-23,21-29
C03648,Customer 03648,64,Female,Bhubaneswar,Premium,2023-02-05,60+
C03649,Customer 03649,49,Male,Bengaluru,Mass,2023-12-25,40-49
C03650,Customer 03650,48,Male,Bengaluru,Mass,2024-10-27,40-49
C03651,Customer 03651,31,Female,Ahmedabad,Mass,2022-05-18,30-39
C03652,Customer 03652,21,Male,Jaipur,Mass,2022-07-24,21-29
C03653,Customer 03653,63,Female,Bengaluru,Mass,2021-04-06,60+
C03654,Customer 03654,39,Female,Bengaluru,Mass,2025-04-06,30-39
C03655,Customer 03655,29,Male,Bengaluru,Mass,2024-07-07,21-29
C03656,Customer 03656,47,Male,Bengaluru,Affluent,2022-08-08,40-49
C03657,Customer 03657,54,Female,Mumbai,Affluent,2021-09-05,50-59
C03658,Customer 03658,64,Male,Bhubaneswar,Premium,2021-05-07,60+
C03659,Customer 03659,24,Male,Pune,Mass,2022-05-14,21-29
C03660,Customer 03660,56,Male,Kolkata,Mass,2021-02-15,50-59
C03661,Customer 03661,38,Female,Kolkata,Mass,2023-09-09,30-39
C03662,Customer 03662,35,Male,Hyderabad,Mass,2021-09-25,30-39
C03663,Customer 03663,33,Female,Kolkata,Mass,2025-04-15,30-39
C03664,Customer 03664,39,Male,Chennai,Affluent,2021-04-04,30-39
C03665,Customer 03665,26,Female,Delhi,Mass,2023-01-06,21-29
C03666,Customer 03666,32,Female,Chennai,Premium,2024-09-01,30-39
C03667,Customer 03667,57,Male,Hyderabad,Affluent,2022-09-04,50-59
C03668,Customer 03668,37,Female,Ahmedabad,Affluent,2021-03-12,30-39
C03669,Customer 03669,43,Female,Bhubaneswar,Affluent,2022-08-16,40-49
C03670,Customer 03670,46,Female,Delhi,Mass,2022-03-25,40-49
C03671,Customer 03671,49,Male,Kolkata,Affluent,2024-10-22,40-49
C03672,Customer 03672,53,Female,Bengaluru,Mass,2022-09-12,50-59
C03673,Customer 03673,47,Male,Kolkata,Affluent,2022-09-06,40-49
C03674,Customer 03674,45,Female,Delhi,Mass,2024-12-04,40-49
C03675,Customer 03675,30,Female,Bengaluru,Mass,2021-04-01,30-39
C03676,Customer 03676,43,Female,Delhi,Mass,2025-03-13,40-49
C03677,Customer 03677,41,Male,Chennai,Mass,2023-05-27,40-49
C03678,Customer 03678,41,Female,Bengaluru,Mass,2022-06-12,40-49
C03679,Customer 03679,63,Female,Jaipur,Mass,2024-02-08,60+
C03680,Customer 03680,33,Male,Bengaluru,Affluent,2023-02-14,30-39
C03681,Customer 03681,57,Male,Jaipur,Mass,2022-11-03,50-59
C03682,Customer 03682,53,Female,Pune,Mass,2023-02-04,50-59
C03683,Customer 03683,44,Female,Delhi,Mass,2024-01-18,40-49
C03684,Customer 03684,64,Male,Delhi,Mass,2025-06-19,60+
C03685,Customer 03685,31,Female,Kolkata,Mass,2024-07-19,30-39
C03686,Customer 03686,37,Female,Chennai,Affluent,2024-06-24,30-39
C03687,Customer 03687,24,Male,Pune,Mass,2021-12-27,21-29
C03688,Customer 03688,45,Male,Delhi,Mass,2022-01-13,40-49
C03689,Customer 03689,50,Male,Hyderabad,Mass,2024-05-14,50-59
C03690,Customer 03690,29,Female,Bhubaneswar,Mass,2021-12-11,21-29
C03691,Customer 03691,41,Female,Mumbai,Mass,2023-03-09,40-49
C03692,Customer 03692,40,Male,Delhi,Affluent,2022-03-31,40-49
C03693,Customer 03693,39,Female,Mumbai,Mass,2023-06-27,30-39
C03694,Customer 03694,39,Male,Kolkata,Mass,2021-03-08,30-39
C03695,Customer 03695,32,Male,Kolkata,Affluent,2023-09-14,30-39
C03696,Customer 03696,57,Female,Mumbai,Mass,2025-05-01,50-59
C03697,Customer 03697,62,Male,Bengaluru,Affluent,2023-09-06,60+
C03698,Customer 03698,37,Male,Bengaluru,Mass,2021-02-12,30-39
C03699,Customer 03699,57,Male,Delhi,Mass,2021-08-17,50-59
C03700,Customer 03700,59,Female,Delhi,Affluent,2025-01-07,50-59
C03701,Customer 03701,48,Female,Bhubaneswar,Mass,2021-08-22,40-49
C03702,Customer 03702,61,Male,Hyderabad,Affluent,2024-05-07,60+
C03703,Customer 03703,55,Female,Mumbai,Mass,2022-05-12,50-59
C03704,Customer 03704,38,Other,Jaipur,Mass,2023-04-28,30-39
C03705,Customer 03705,34,Female,Hyderabad,Affluent,2023-11-22,30-39
C03706,Customer 03706,55,Male,Chennai,Affluent,2024-07-11,50-59
C03707,Customer 03707,64,Female,Bengaluru,Mass,2021-04-23,60+
C03708,Customer 03708,61,Male,Delhi,Affluent,2023-08-31,60+
C03709,Customer 03709,27,Female,Bhubaneswar,Mass,2022-04-04,21-29
C03710,Customer 03710,61,Female,Chennai,Mass,2024-07-23,60+
C03711,Customer 03711,33,Female,Delhi,Mass,2024-03-15,30-39
C03712,Customer 03712,38,Male,Chennai,Mass,2024-10-12,30-39
C03713,Customer 03713,57,Female,Jaipur,Affluent,2021-01-06,50-59
C03714,Customer 03714,33,Male,Mumbai,Mass,2024-09-25,30-39
C03715,Customer 03715,56,Male,Hyderabad,Mass,2023-09-19,50-59
C03716,Customer 03716,51,Female,Bhubaneswar,Affluent,2022-05-09,50-59
C03717,Customer 03717,22,Male,Mumbai,Mass,2024-02-06,21-29
C03718,Customer 03718,36,Female,Pune,Mass,2021-03-12,30-39
C03719,Customer 03719,29,Male,Chennai,Mass,2023-07-28,21-29
C03720,Customer 03720,29,Male,Pune,Mass,2024-09-25,21-29
C03721,Customer 03721,58,Female,Delhi,Affluent,2022-11-05,50-59
C03722,Customer 03722,31,Female,Delhi,Mass,2024-01-29,30-39
C03723,Customer 03723,42,Female,Pune,Mass,2024-09-12,40-49
C03724,Customer 03724,53,Other,Mumbai,Affluent,2023-11-23,50-59
C03725,Customer 03725,56,Female,Delhi,Mass,2021-05-23,50-59
C03726,Customer 03726,65,Male,Mumbai,Mass,2024-06-21,60+
C03727,Customer 03727,43,Female,Bengaluru,Affluent,2023-01-06,40-49
C03728,Customer 03728,65,Male,Bhubaneswar,Mass,2022-12-27,60+
C03729,Customer 03729,65,Female,Hyderabad,Mass,2021-08-05,60+
C03730,Customer 03730,54,Male,Bhubaneswar,Mass,2022-03-10,50-59
C03731,Customer 03731,29,Male,Bengaluru,Mass,2023-04-14,21-29
C03732,Customer 03732,44,Male,Chennai,Mass,2023-12-14,40-49
C03733,Customer 03733,28,Female,Mumbai,Mass,2022-12-21,21-29
C03734,Customer 03734,27,Female,Kolkata,Affluent,2023-07-31,21-29
C03735,Customer 03735,56,Female,Kolkata,Mass,2025-06-04,50-59
C03736,Customer 03736,38,Male,Bengaluru,Mass,2023-06-26,30-39
C03737,Customer 03737,23,Female,Jaipur,Affluent,2023-09-22,21-29
C03738,Customer 03738,48,Male,Mumbai,Mass,2024-03-20,40-49
C03739,Customer 03739,26,Female,Chennai,Affluent,2021-02-24,21-29
C03740,Customer 03740,64,Male,Bhubaneswar,Mass,2025-03-21,60+
C03741,Customer 03741,64,Male,Jaipur,Mass,2025-01-11,60+
C03742,Customer 03742,41,Male,Bhubaneswar,Premium,2023-11-25,40-49
C03743,Customer 03743,48,Female,Delhi,Mass,2023-05-11,40-49
C03744,Customer 03744,60,Female,Bengaluru,Premium,2023-10-04,60+
C03745,Customer 03745,21,Female,Mumbai,Mass,2024-02-17,21-29
C03746,Customer 03746,56,Female,Hyderabad,Mass,2024-05-05,50-59
C03747,Customer 03747,41,Male,Kolkata,Mass,2022-07-20,40-49
C03748,Customer 03748,63,Male,Bengaluru,Mass,2023-02-10,60+
C03749,Customer 03749,55,Male,Pune,Affluent,2023-05-28,50-59
C03750,Customer 03750,33,Female,Delhi,Affluent,2023-04-04,30-39
C03751,Customer 03751,30,Male,Delhi,Affluent,2022-05-29,30-39
C03752,Customer 03752,64,Male,Pune,Mass,2025-06-06,60+
C03753,Customer 03753,30,Male,Hyderabad,Mass,2023-05-12,30-39
C03754,Customer 03754,33,Female,Ahmedabad,Affluent,2022-02-26,30-39
C03755,Customer 03755,57,Female,Bengaluru,Mass,2022-06-01,50-59
C03756,Customer 03756,58,Male,Kolkata,Affluent,2024-03-08,50-59
C03757,Customer 03757,44,Male,Bengaluru,Affluent,2022-12-06,40-49
C03758,Customer 03758,22,Male,Mumbai,Mass,2023-03-20,21-29
C03759,Customer 03759,42,Female,Pune,Affluent,2021-02-13,40-49
C03760,Customer 03760,37,Female,Ahmedabad,Affluent,2023-05-08,30-39
C03761,Customer 03761,56,Male,Mumbai,Affluent,2023-03-12,50-59
C03762,Customer 03762,34,Male,Delhi,Mass,2021-08-07,30-39
C03763,Customer 03763,30,Female,Hyderabad,Mass,2022-07-22,30-39
C03764,Customer 03764,55,Male,Mumbai,Mass,2023-06-27,50-59
C03765,Customer 03765,45,Other,Ahmedabad,Mass,2021-09-15,40-49
C03766,Customer 03766,23,Male,Kolkata,Mass,2025-03-17,21-29
C03767,Customer 03767,58,Female,Bengaluru,Affluent,2023-08-19,50-59
C03768,Customer 03768,37,Male,Hyderabad,Affluent,2024-11-01,30-39
C03769,Customer 03769,32,Male,Kolkata,Mass,2023-06-12,30-39
C03770,Customer 03770,44,Female,Delhi,Mass,2021-10-16,40-49
C03771,Customer 03771,49,Male,Chennai,Premium,2025-02-02,40-49
C03772,Customer 03772,63,Male,Bengaluru,Mass,2023-08-30,60+
C03773,Customer 03773,45,Male,Chennai,Affluent,2021-04-13,40-49
C03774,Customer 03774,56,Female,Bengaluru,Premium,2023-03-15,50-59
C03775,Customer 03775,46,Male,Ahmedabad,Affluent,2024-03-18,40-49
C03776,Customer 03776,58,Male,Delhi,Premium,2024-01-13,50-59
C03777,Customer 03777,21,Female,Mumbai,Affluent,2023-11-16,21-29
C03778,Customer 03778,40,Male,Ahmedabad,Mass,2024-04-13,40-49
C03779,Customer 03779,48,Male,Bengaluru,Mass,2024-12-16,40-49
C03780,Customer 03780,36,Male,Delhi,Mass,2024-10-01,30-39
C03781,Customer 03781,37,Female,Delhi,Mass,2021-10-29,30-39
C03782,Customer 03782,60,Male,Mumbai,Affluent,2024-08-14,60+
C03783,Customer 03783,48,Female,Jaipur,Mass,2024-03-04,40-49
C03784,Customer 03784,32,Female,Kolkata,Affluent,2023-12-15,30-39
C03785,Customer 03785,47,Male,Bengaluru,Mass,2021-02-25,40-49
C03786,Customer 03786,62,Female,Pune,Mass,2023-10-12,60+
C03787,Customer 03787,50,Male,Hyderabad,Premium,2022-01-09,50-59
C03788,Customer 03788,61,Female,Jaipur,Mass,2025-05-31,60+
C03789,Customer 03789,54,Female,Delhi,Affluent,2023-04-11,50-59
C03790,Customer 03790,57,Female,Chennai,Affluent,2023-07-09,50-59
C03791,Customer 03791,26,Other,Hyderabad,Mass,2024-09-24,21-29
C03792,Customer 03792,27,Male,Hyderabad,Mass,2022-04-02,21-29
C03793,Customer 03793,52,Male,Hyderabad,Mass,2024-10-10,50-59
C03794,Customer 03794,52,Female,Mumbai,Affluent,2021-05-12,50-59
C03795,Customer 03795,45,Female,Kolkata,Affluent,2022-05-08,40-49
C03796,Customer 03796,53,Other,Hyderabad,Mass,2025-04-27,50-59
C03797,Customer 03797,27,Female,Bhubaneswar,Affluent,2021-04-20,21-29
C03798,Customer 03798,32,Female,Mumbai,Mass,2022-08-05,30-39
C03799,Customer 03799,36,Male,Pune,Affluent,2023-03-07,30-39
C03800,Customer 03800,36,Female,Bhubaneswar,Affluent,2024-02-24,30-39
C03801,Customer 03801,63,Male,Pune,Affluent,2024-08-12,60+
C03802,Customer 03802,56,Male,Ahmedabad,Affluent,2024-04-17,50-59
C03803,Customer 03803,33,Female,Ahmedabad,Mass,2023-03-21,30-39
C03804,Customer 03804,27,Female,Delhi,Premium,2023-06-05,21-29
C03805,Customer 03805,56,Female,Chennai,Mass,2024-05-05,50-59
C03806,Customer 03806,29,Male,Bengaluru,Affluent,2023-02-12,21-29
C03807,Customer 03807,52,Male,Hyderabad,Mass,2024-01-30,50-59
C03808,Customer 03808,31,Female,Mumbai,Premium,2023-07-26,30-39
C03809,Customer 03809,28,Female,Kolkata,Affluent,2022-07-27,21-29
C03810,Customer 03810,53,Male,Hyderabad,Affluent,2024-04-21,50-59
C03811,Customer 03811,43,Male,Delhi,Mass,2023-03-20,40-49
C03812,Customer 03812,45,Female,Mumbai,Affluent,2023-05-29,40-49
C03813,Customer 03813,28,Female,Bhubaneswar,Affluent,2023-10-30,21-29
C03814,Customer 03814,65,Female,Bengaluru,Affluent,2022-02-17,60+
C03815,Customer 03815,42,Male,Bengaluru,Mass,2023-04-10,40-49
C03816,Customer 03816,24,Other,Mumbai,Mass,2022-07-20,21-29
C03817,Customer 03817,60,Female,Bhubaneswar,Mass,2021-04-14,60+
C03818,Customer 03818,23,Male,Bhubaneswar,Mass,2024-02-24,21-29
C03819,Customer 03819,49,Female,Pune,Mass,2025-04-19,40-49
C03820,Customer 03820,61,Female,Jaipur,Mass,2022-11-08,60+
C03821,Customer 03821,49,Female,Mumbai,Mass,2023-08-03,40-49
C03822,Customer 03822,54,Male,Bhubaneswar,Mass,2021-09-27,50-59
C03823,Customer 03823,54,Male,Bengaluru,Mass,2022-04-11,50-59
C03824,Customer 03824,48,Male,Bengaluru,Premium,2023-03-12,40-49
C03825,Customer 03825,33,Female,Bengaluru,Mass,2024-02-16,30-39
C03826,Customer 03826,35,Female,Chennai,Mass,2024-01-21,30-39
C03827,Customer 03827,43,Female,Kolkata,Mass,2025-06-24,40-49
C03828,Customer 03828,64,Male,Delhi,Affluent,2023-10-02,60+
C03829,Customer 03829,46,Female,Bhubaneswar,Premium,2025-02-17,40-49
C03830,Customer 03830,24,Male,Hyderabad,Mass,2024-01-16,21-29
C03831,Customer 03831,46,Female,Bengaluru,Mass,2021-08-22,40-49
C03832,Customer 03832,60,Female,Hyderabad,Premium,2023-07-02,60+
C03833,Customer 03833,29,Female,Pune,Mass,2024-02-22,21-29
C03834,Customer 03834,25,Female,Ahmedabad,Mass,2024-05-11,21-29
C03835,Customer 03835,52,Female,Hyderabad,Mass,2023-11-22,50-59
C03836,Customer 03836,40,Female,Chennai,Mass,2021-12-23,40-49
C03837,Customer 03837,31,Male,Mumbai,Premium,2025-01-26,30-39
C03838,Customer 03838,35,Male,Pune,Mass,2023-08-22,30-39
C03839,Customer 03839,52,Female,Bhubaneswar,Premium,2025-04-24,50-59
C03840,Customer 03840,48,Female,Bengaluru,Premium,2021-04-04,40-49
C03841,Customer 03841,42,Female,Jaipur,Mass,2025-03-26,40-49
C03842,Customer 03842,61,Female,Chennai,Mass,2024-12-02,60+
C03843,Customer 03843,37,Female,Mumbai,Mass,2024-01-29,30-39
C03844,Customer 03844,46,Male,Bhubaneswar,Mass,2021-09-01,40-49
C03845,Customer 03845,64,Female,Hyderabad,Mass,2021-02-27,60+
C03846,Customer 03846,27,Female,Delhi,Mass,2023-08-23,21-29
C03847,Customer 03847,62,Female,Mumbai,Mass,2024-10-12,60+
C03848,Customer 03848,46,Female,Mumbai,Premium,2025-02-23,40-49
C03849,Customer 03849,45,Male,Ahmedabad,Mass,2021-11-16,40-49
C03850,Customer 03850,30,Female,Chennai,Affluent,2023-11-09,30-39
C03851,Customer 03851,65,Female,Jaipur,Affluent,2021-12-23,60+
C03852,Customer 03852,39,Male,Mumbai,Mass,2021-04-27,30-39
C03853,Customer 03853,31,Female,Bengaluru,Mass,2024-03-05,30-39
C03854,Customer 03854,33,Male,Bengaluru,Mass,2021-10-23,30-39
C03855,Customer 03855,28,Male,Hyderabad,Mass,2022-06-09,21-29
C03856,Customer 03856,60,Female,Bhubaneswar,Mass,2024-01-30,60+
C03857,Customer 03857,24,Male,Pune,Mass,2024-11-04,21-29
C03858,Customer 03858,51,Female,Delhi,Mass,2024-03-24,50-59
C03859,Customer 03859,48,Male,Ahmedabad,Premium,2025-06-06,40-49
C03860,Customer 03860,31,Female,Kolkata,Mass,2025-06-12,30-39
C03861,Customer 03861,63,Female,Bengaluru,Mass,2024-02-03,60+
C03862,Customer 03862,21,Male,Ahmedabad,Mass,2025-03-30,21-29
C03863,Customer 03863,58,Male,Delhi,Mass,2024-02-26,50-59
C03864,Customer 03864,44,Other,Bengaluru,Mass,2022-02-05,40-49
C03865,Customer 03865,51,Male,Mumbai,Premium,2025-05-15,50-59
C03866,Customer 03866,61,Female,Hyderabad,Mass,2023-01-09,60+
C03867,Customer 03867,46,Female,Delhi,Mass,2022-06-13,40-49
C03868,Customer 03868,25,Female,Mumbai,Mass,2022-07-11,21-29
C03869,Customer 03869,40,Male,Mumbai,Mass,2022-07-04,40-49
C03870,Customer 03870,61,Female,Kolkata,Mass,2024-02-22,60+
C03871,Customer 03871,31,Male,Bhubaneswar,Mass,2021-12-26,30-39
C03872,Customer 03872,53,Female,Kolkata,Mass,2021-03-05,50-59
C03873,Customer 03873,58,Female,Mumbai,Mass,2023-02-04,50-59
C03874,Customer 03874,47,Female,Mumbai,Mass,2023-02-13,40-49
C03875,Customer 03875,54,Male,Mumbai,Mass,2022-09-16,50-59
C03876,Customer 03876,35,Male,Bengaluru,Mass,2021-04-12,30-39
C03877,Customer 03877,52,Male,Chennai,Premium,2022-07-15,50-59
C03878,Customer 03878,41,Female,Chennai,Mass,2024-07-24,40-49
C03879,Customer 03879,25,Male,Pune,Affluent,2024-06-04,21-29
C03880,Customer 03880,26,Female,Pune,Mass,2023-11-13,21-29
C03881,Customer 03881,58,Male,Mumbai,Mass,2023-04-24,50-59
C03882,Customer 03882,42,Male,Delhi,Mass,2023-12-24,40-49
C03883,Customer 03883,38,Female,Pune,Mass,2024-03-26,30-39
C03884,Customer 03884,34,Male,Delhi,Mass,2024-11-14,30-39
C03885,Customer 03885,30,Male,Mumbai,Mass,2024-03-18,30-39
C03886,Customer 03886,33,Female,Delhi,Affluent,2023-04-19,30-39
C03887,Customer 03887,51,Male,Mumbai,Affluent,2024-10-18,50-59
C03888,Customer 03888,50,Female,Bengaluru,Mass,2022-11-12,50-59
C03889,Customer 03889,23,Female,Ahmedabad,Mass,2025-01-27,21-29
C03890,Customer 03890,50,Female,Ahmedabad,Affluent,2022-10-07,50-59
C03891,Customer 03891,26,Female,Mumbai,Affluent,2022-02-03,21-29
C03892,Customer 03892,49,Male,Bengaluru,Mass,2022-02-09,40-49
C03893,Customer 03893,28,Female,Kolkata,Affluent,2023-04-06,21-29
C03894,Customer 03894,64,Male,Mumbai,Mass,2024-03-01,60+
C03895,Customer 03895,65,Female,Delhi,Mass,2024-05-05,60+
C03896,Customer 03896,63,Male,Bengaluru,Mass,2022-10-09,60+
C03897,Customer 03897,64,Male,Mumbai,Affluent,2021-02-04,60+
C03898,Customer 03898,53,Male,Kolkata,Premium,2022-02-24,50-59
C03899,Customer 03899,37,Female,Kolkata,Premium,2022-01-12,30-39
C03900,Customer 03900,31,Female,Mumbai,Mass,2024-11-23,30-39
C03901,Customer 03901,33,Female,Delhi,Premium,2021-08-08,30-39
C03902,Customer 03902,31,Male,Bengaluru,Mass,2022-11-28,30-39
C03903,Customer 03903,51,Male,Bengaluru,Mass,2025-03-21,50-59
C03904,Customer 03904,48,Female,Bhubaneswar,Mass,2025-05-26,40-49
C03905,Customer 03905,64,Female,Pune,Mass,2021-12-08,60+
C03906,Customer 03906,26,Male,Chennai,Mass,2023-01-23,21-29
C03907,Customer 03907,61,Female,Kolkata,Mass,2022-02-20,60+
C03908,Customer 03908,36,Male,Ahmedabad,Premium,2025-01-19,30-39
C03909,Customer 03909,24,Male,Kolkata,Mass,2024-08-13,21-29
C03910,Customer 03910,55,Male,Bengaluru,Mass,2023-07-27,50-59
C03911,Customer 03911,46,Female,Mumbai,Premium,2024-09-16,40-49
C03912,Customer 03912,32,Female,Pune,Mass,2023-10-04,30-39
C03913,Customer 03913,31,Male,Delhi,Mass,2022-11-11,30-39
C03914,Customer 03914,57,Male,Bhubaneswar,Affluent,2024-09-24,50-59
C03915,Customer 03915,45,Female,Pune,Mass,2023-01-18,40-49
C03916,Customer 03916,38,Female,Bhubaneswar,Affluent,2023-03-17,30-39
C03917,Customer 03917,39,Male,Mumbai,Mass,2024-08-14,30-39
C03918,Customer 03918,43,Male,Ahmedabad,Affluent,2021-11-08,40-49
C03919,Customer 03919,58,Male,Delhi,Mass,2025-05-26,50-59
C03920,Customer 03920,38,Other,Bhubaneswar,Mass,2021-02-24,30-39
C03921,Customer 03921,46,Female,Bengaluru,Mass,2022-11-25,40-49
C03922,Customer 03922,26,Female,Hyderabad,Mass,2022-06-18,21-29
C03923,Customer 03923,24,Male,Kolkata,Affluent,2021-04-15,21-29
C03924,Customer 03924,64,Male,Hyderabad,Premium,2024-04-13,60+
C03925,Customer 03925,49,Female,Hyderabad,Affluent,2021-10-21,40-49
C03926,Customer 03926,54,Female,Bhubaneswar,Mass,2023-05-30,50-59
C03927,Customer 03927,37,Male,Delhi,Premium,2022-07-05,30-39
C03928,Customer 03928,63,Female,Chennai,Mass,2023-06-30,60+
C03929,Customer 03929,63,Female,Bengaluru,Mass,2022-01-10,60+
C03930,Customer 03930,36,Male,Ahmedabad,Mass,2022-03-26,30-39
C03931,Customer 03931,22,Male,Pune,Mass,2025-01-08,21-29
C03932,Customer 03932,54,Male,Delhi,Affluent,2023-12-20,50-59
C03933,Customer 03933,28,Female,Bengaluru,Mass,2024-11-16,21-29
C03934,Customer 03934,33,Male,Chennai,Mass,2023-03-23,30-39
C03935,Customer 03935,62,Male,Bengaluru,Affluent,2022-01-25,60+
C03936,Customer 03936,28,Male,Bengaluru,Premium,2024-05-20,21-29
C03937,Customer 03937,50,Male,Chennai,Affluent,2022-10-29,50-59
C03938,Customer 03938,52,Female,Mumbai,Mass,2025-04-08,50-59
C03939,Customer 03939,56,Female,Mumbai,Affluent,2024-06-17,50-59
C03940,Customer 03940,50,Female,Pune,Mass,2025-02-20,50-59
C03941,Customer 03941,21,Female,Bengaluru,Mass,2024-02-20,21-29
C03942,Customer 03942,63,Male,Delhi,Premium,2024-06-30,60+
C03943,Customer 03943,59,Male,Bengaluru,Premium,2021-05-21,50-59
C03944,Customer 03944,37,Male,Chennai,Affluent,2025-01-15,30-39
C03945,Customer 03945,40,Male,Pune,Mass,2023-05-24,40-49
C03946,Customer 03946,44,Female,Pune,Affluent,2024-03-22,40-49
C03947,Customer 03947,42,Female,Mumbai,Premium,2024-08-24,40-49
C03948,Customer 03948,49,Female,Bengaluru,Mass,2025-05-03,40-49
C03949,Customer 03949,42,Female,Bengaluru,Mass,2024-09-02,40-49
C03950,Customer 03950,64,Female,Delhi,Affluent,2025-04-02,60+
C03951,Customer 03951,29,Male,Bhubaneswar,Mass,2024-08-12,21-29
C03952,Customer 03952,57,Other,Mumbai,Premium,2023-04-23,50-59
C03953,Customer 03953,30,Female,Mumbai,Mass,2024-09-30,30-39
C03954,Customer 03954,56,Female,Bengaluru,Affluent,2025-05-24,50-59
C03955,Customer 03955,57,Male,Chennai,Affluent,2022-08-20,50-59
C03956,Customer 03956,48,Female,Pune,Mass,2024-07-29,40-49
C03957,Customer 03957,48,Male,Pune,Affluent,2024-05-16,40-49
C03958,Customer 03958,62,Male,Ahmedabad,Mass,2023-08-10,60+
C03959,Customer 03959,63,Male,Hyderabad,Mass,2022-07-06,60+
C03960,Customer 03960,41,Female,Bengaluru,Mass,2024-01-25,40-49
C03961,Customer 03961,44,Male,Mumbai,Mass,2025-01-15,40-49
C03962,Customer 03962,62,Female,Pune,Affluent,2022-01-08,60+
C03963,Customer 03963,60,Male,Chennai,Premium,2022-10-10,60+
C03964,Customer 03964,22,Female,Hyderabad,Mass,2024-01-02,21-29
C03965,Customer 03965,28,Female,Pune,Mass,2021-11-29,21-29
C03966,Customer 03966,47,Male,Chennai,Mass,2022-01-28,40-49
C03967,Customer 03967,42,Male,Jaipur,Affluent,2024-02-04,40-49
C03968,Customer 03968,57,Male,Chennai,Premium,2024-01-30,50-59
C03969,Customer 03969,47,Male,Kolkata,Affluent,2024-10-14,40-49
C03970,Customer 03970,49,Male,Mumbai,Mass,2024-09-14,40-49
C03971,Customer 03971,23,Female,Pune,Mass,2025-06-30,21-29
C03972,Customer 03972,64,Male,Jaipur,Mass,2022-01-30,60+
C03973,Customer 03973,33,Male,Delhi,Affluent,2021-02-04,30-39
C03974,Customer 03974,65,Male,Kolkata,Mass,2021-06-06,60+
C03975,Customer 03975,30,Male,Pune,Affluent,2023-06-23,30-39
C03976,Customer 03976,56,Female,Bengaluru,Affluent,2024-07-20,50-59
C03977,Customer 03977,29,Male,Chennai,Affluent,2023-08-25,21-29
C03978,Customer 03978,47,Female,Bengaluru,Affluent,2022-01-31,40-49
C03979,Customer 03979,54,Female,Bhubaneswar,Premium,2021-07-26,50-59
C03980,Customer 03980,21,Male,Ahmedabad,Premium,2025-06-17,21-29
C03981,Customer 03981,52,Female,Bengaluru,Mass,2022-09-13,50-59
C03982,Customer 03982,45,Male,Bengaluru,Mass,2024-08-22,40-49
C03983,Customer 03983,49,Female,Chennai,Mass,2025-04-09,40-49
C03984,Customer 03984,27,Female,Delhi,Affluent,2023-03-16,21-29
C03985,Customer 03985,23,Male,Bengaluru,Mass,2022-04-07,21-29
C03986,Customer 03986,40,Male,Chennai,Mass,2021-09-09,40-49
C03987,Customer 03987,40,Male,Delhi,Mass,2024-07-14,40-49
C03988,Customer 03988,50,Male,Bengaluru,Affluent,2023-05-17,50-59
C03989,Customer 03989,55,Male,Kolkata,Mass,2021-07-28,50-59
C03990,Customer 03990,55,Female,Jaipur,Mass,2023-08-13,50-59
C03991,Customer 03991,59,Female,Kolkata,Mass,2025-05-10,50-59
C03992,Customer 03992,47,Female,Ahmedabad,Affluent,2022-06-23,40-49
C03993,Customer 03993,46,Male,Mumbai,Mass,2023-04-15,40-49
C03994,Customer 03994,34,Male,Mumbai,Mass,2022-05-18,30-39
C03995,Customer 03995,37,Female,Mumbai,Affluent,2023-08-14,30-39
C03996,Customer 03996,38,Male,Kolkata,Mass,2022-05-29,30-39
C03997,Customer 03997,65,Male,Bhubaneswar,Mass,2022-08-03,60+
C03998,Customer 03998,49,Female,Pune,Affluent,2024-03-17,40-49
C03999,Customer 03999,40,Female,Jaipur,Mass,2023-04-20,40-49
C04000,Customer 04000,47,Male,Chennai,Affluent,2023-09-13,40-49
C04001,Customer 04001,38,Male,Delhi,Mass,2021-03-24,30-39
C04002,Customer 04002,24,Male,Delhi,Mass,2023-12-02,21-29
C04003,Customer 04003,21,Female,Bengaluru,Affluent,2021-06-05,21-29
C04004,Customer 04004,21,Other,Bengaluru,Affluent,2022-03-29,21-29
C04005,Customer 04005,46,Female,Pune,Mass,2024-07-31,40-49
C04006,Customer 04006,65,Female,Hyderabad,Mass,2024-04-26,60+
C04007,Customer 04007,40,Other,Chennai,Affluent,2022-09-09,40-49
C04008,Customer 04008,43,Female,Chennai,Affluent,2022-09-16,40-49
C04009,Customer 04009,30,Male,Mumbai,Mass,2025-02-06,30-39
C04010,Customer 04010,31,Female,Hyderabad,Affluent,2022-05-22,30-39
C04011,Customer 04011,61,Male,Hyderabad,Mass,2024-03-02,60+
C04012,Customer 04012,61,Male,Delhi,Mass,2024-07-18,60+
C04013,Customer 04013,25,Female,Ahmedabad,Mass,2022-09-14,21-29
C04014,Customer 04014,21,Male,Hyderabad,Mass,2024-01-02,21-29
C04015,Customer 04015,37,Female,Chennai,Mass,2024-12-30,30-39
C04016,Customer 04016,42,Male,Jaipur,Mass,2021-10-20,40-49
C04017,Customer 04017,54,Female,Ahmedabad,Mass,2022-10-17,50-59
C04018,Customer 04018,65,Female,Jaipur,Mass,2023-07-26,60+
C04019,Customer 04019,61,Female,Mumbai,Mass,2023-01-27,60+
C04020,Customer 04020,49,Female,Bengaluru,Mass,2024-12-31,40-49
C04021,Customer 04021,24,Male,Mumbai,Affluent,2023-09-23,21-29
C04022,Customer 04022,25,Female,Mumbai,Mass,2022-10-29,21-29
C04023,Customer 04023,31,Female,Jaipur,Affluent,2021-03-01,30-39
C04024,Customer 04024,41,Female,Pune,Mass,2025-06-10,40-49
C04025,Customer 04025,55,Female,Bengaluru,Mass,2021-11-23,50-59
C04026,Customer 04026,32,Male,Bengaluru,Mass,2024-04-20,30-39
C04027,Customer 04027,46,Other,Bengaluru,Premium,2023-03-10,40-49
C04028,Customer 04028,39,Female,Chennai,Mass,2023-02-24,30-39
C04029,Customer 04029,65,Male,Kolkata,Mass,2023-02-06,60+
C04030,Customer 04030,27,Male,Ahmedabad,Mass,2024-12-28,21-29
C04031,Customer 04031,27,Female,Bhubaneswar,Premium,2022-06-03,21-29
C04032,Customer 04032,46,Male,Mumbai,Premium,2022-09-30,40-49
C04033,Customer 04033,60,Male,Delhi,Mass,2021-03-24,60+
C04034,Customer 04034,25,Male,Mumbai,Mass,2021-01-28,21-29
C04035,Customer 04035,41,Male,Delhi,Affluent,2021-09-23,40-49
C04036,Customer 04036,34,Female,Jaipur,Mass,2024-07-30,30-39
C04037,Customer 04037,24,Male,Chennai,Affluent,2022-02-01,21-29
C04038,Customer 04038,43,Male,Kolkata,Affluent,2023-08-20,40-49
C04039,Customer 04039,62,Male,Hyderabad,Affluent,2023-02-02,60+
C04040,Customer 04040,40,Male,Bengaluru,Mass,2023-09-07,40-49
C04041,Customer 04041,35,Female,Bengaluru,Mass,2024-11-07,30-39
C04042,Customer 04042,65,Other,Hyderabad,Affluent,2023-03-22,60+
C04043,Customer 04043,49,Male,Pune,Mass,2022-08-04,40-49
C04044,Customer 04044,28,Female,Mumbai,Mass,2024-09-04,21-29
C04045,Customer 04045,61,Female,Pune,Mass,2022-09-03,60+
C04046,Customer 04046,39,Male,Ahmedabad,Mass,2021-07-12,30-39
C04047,Customer 04047,59,Female,Delhi,Mass,2021-08-15,50-59
C04048,Customer 04048,48,Female,Kolkata,Affluent,2022-03-27,40-49
C04049,Customer 04049,47,Female,Delhi,Mass,2024-04-20,40-49
C04050,Customer 04050,24,Female,Pune,Mass,2023-07-21,21-29
C04051,Customer 04051,35,Female,Kolkata,Mass,2024-09-12,30-39
C04052,Customer 04052,55,Female,Bhubaneswar,Mass,2025-06-17,50-59
C04053,Customer 04053,57,Female,Delhi,Premium,2022-10-17,50-59
C04054,Customer 04054,21,Male,Delhi,Affluent,2021-07-22,21-29
C04055,Customer 04055,23,Male,Mumbai,Mass,2022-02-06,21-29
C04056,Customer 04056,44,Female,Mumbai,Affluent,2022-04-17,40-49
C04057,Customer 04057,47,Female,Pune,Mass,2023-06-09,40-49
C04058,Customer 04058,60,Male,Jaipur,Premium,2021-06-28,60+
C04059,Customer 04059,56,Female,Delhi,Mass,2023-11-08,50-59
C04060,Customer 04060,54,Female,Mumbai,Mass,2022-04-08,50-59
C04061,Customer 04061,49,Female,Mumbai,Mass,2023-04-15,40-49
C04062,Customer 04062,44,Male,Hyderabad,Affluent,2022-09-01,40-49
C04063,Customer 04063,44,Male,Mumbai,Mass,2025-04-19,40-49
C04064,Customer 04064,62,Male,Mumbai,Affluent,2023-07-15,60+
C04065,Customer 04065,24,Male,Kolkata,Mass,2024-11-27,21-29
C04066,Customer 04066,23,Male,Bengaluru,Premium,2024-11-17,21-29
C04067,Customer 04067,54,Male,Hyderabad,Mass,2023-07-25,50-59
C04068,Customer 04068,43,Male,Kolkata,Premium,2021-10-27,40-49
C04069,Customer 04069,43,Female,Mumbai,Mass,2021-12-17,40-49
C04070,Customer 04070,65,Male,Chennai,Mass,2021-07-06,60+
C04071,Customer 04071,25,Male,Pune,Premium,2024-10-02,21-29
C04072,Customer 04072,51,Male,Pune,Premium,2022-09-15,50-59
C04073,Customer 04073,61,Female,Hyderabad,Affluent,2024-12-03,60+
C04074,Customer 04074,26,Female,Delhi,Mass,2021-03-12,21-29
C04075,Customer 04075,57,Male,Ahmedabad,Mass,2024-09-12,50-59
C04076,Customer 04076,30,Male,Kolkata,Mass,2024-05-20,30-39
C04077,Customer 04077,60,Male,Delhi,Mass,2021-11-05,60+
C04078,Customer 04078,27,Female,Bengaluru,Mass,2024-02-06,21-29
C04079,Customer 04079,59,Male,Bengaluru,Mass,2021-06-26,50-59
C04080,Customer 04080,58,Male,Bengaluru,Affluent,2022-03-03,50-59
C04081,Customer 04081,41,Male,Chennai,Affluent,2023-01-10,40-49
C04082,Customer 04082,40,Male,Bengaluru,Mass,2022-06-15,40-49
C04083,Customer 04083,23,Male,Delhi,Mass,2022-02-22,21-29
C04084,Customer 04084,42,Male,Kolkata,Mass,2021-09-05,40-49
C04085,Customer 04085,24,Male,Mumbai,Affluent,2021-07-28,21-29
C04086,Customer 04086,48,Male,Kolkata,Mass,2021-08-04,40-49
C04087,Customer 04087,32,Female,Kolkata,Affluent,2022-12-14,30-39
C04088,Customer 04088,58,Female,Mumbai,Mass,2022-03-14,50-59
C04089,Customer 04089,56,Male,Pune,Mass,2025-06-30,50-59
C04090,Customer 04090,61,Male,Kolkata,Affluent,2021-11-07,60+
C04091,Customer 04091,25,Male,Delhi,Affluent,2022-01-18,21-29
C04092,Customer 04092,33,Male,Mumbai,Mass,2023-09-08,30-39
C04093,Customer 04093,43,Female,Hyderabad,Mass,2024-07-18,40-49
C04094,Customer 04094,50,Male,Jaipur,Premium,2021-05-01,50-59
C04095,Customer 04095,57,Male,Chennai,Mass,2022-02-11,50-59
C04096,Customer 04096,45,Female,Mumbai,Affluent,2021-09-02,40-49
C04097,Customer 04097,47,Female,Pune,Affluent,2021-03-07,40-49
C04098,Customer 04098,34,Male,Delhi,Affluent,2023-07-31,30-39
C04099,Customer 04099,56,Female,Chennai,Mass,2021-08-16,50-59
C04100,Customer 04100,59,Male,Kolkata,Mass,2023-06-01,50-59
C04101,Customer 04101,36,Female,Hyderabad,Premium,2021-05-17,30-39
C04102,Customer 04102,42,Male,Ahmedabad,Mass,2021-07-13,40-49
C04103,Customer 04103,41,Male,Pune,Mass,2022-12-07,40-49
C04104,Customer 04104,41,Male,Chennai,Mass,2022-10-20,40-49
C04105,Customer 04105,28,Female,Bengaluru,Mass,2022-10-19,21-29
C04106,Customer 04106,36,Male,Ahmedabad,Affluent,2025-02-21,30-39
C04107,Customer 04107,51,Female,Jaipur,Affluent,2025-05-27,50-59
C04108,Customer 04108,62,Female,Bengaluru,Affluent,2024-10-09,60+
C04109,Customer 04109,30,Other,Hyderabad,Affluent,2023-07-19,30-39
C04110,Customer 04110,52,Male,Mumbai,Mass,2022-07-10,50-59
C04111,Customer 04111,54,Male,Kolkata,Mass,2024-03-26,50-59
C04112,Customer 04112,29,Female,Pune,Affluent,2023-08-16,21-29
C04113,Customer 04113,37,Female,Bengaluru,Mass,2025-02-08,30-39
C04114,Customer 04114,31,Female,Ahmedabad,Premium,2023-11-06,30-39
C04115,Customer 04115,52,Male,Mumbai,Affluent,2024-01-07,50-59
C04116,Customer 04116,30,Male,Kolkata,Mass,2021-02-21,30-39
C04117,Customer 04117,42,Male,Hyderabad,Affluent,2022-05-29,40-49
C04118,Customer 04118,37,Male,Delhi,Mass,2025-03-08,30-39
C04119,Customer 04119,24,Female,Bengaluru,Mass,2023-01-14,21-29
C04120,Customer 04120,45,Female,Mumbai,Affluent,2023-12-21,40-49
C04121,Customer 04121,41,Female,Pune,Affluent,2024-03-01,40-49
C04122,Customer 04122,57,Female,Chennai,Mass,2024-11-06,50-59
C04123,Customer 04123,58,Female,Bengaluru,Mass,2025-05-07,50-59
C04124,Customer 04124,21,Male,Bengaluru,Mass,2022-11-23,21-29
C04125,Customer 04125,45,Female,Bengaluru,Mass,2022-06-27,40-49
C04126,Customer 04126,56,Male,Kolkata,Mass,2022-02-14,50-59
C04127,Customer 04127,37,Female,Pune,Mass,2021-06-04,30-39
C04128,Customer 04128,61,Other,Bengaluru,Mass,2022-09-25,60+
C04129,Customer 04129,44,Male,Chennai,Premium,2021-02-20,40-49
C04130,Customer 04130,22,Male,Bengaluru,Mass,2023-10-21,21-29
C04131,Customer 04131,60,Female,Jaipur,Mass,2023-09-21,60+
C04132,Customer 04132,35,Male,Jaipur,Affluent,2024-01-24,30-39
C04133,Customer 04133,52,Male,Pune,Affluent,2025-03-27,50-59
C04134,Customer 04134,59,Female,Jaipur,Premium,2022-06-08,50-59
C04135,Customer 04135,26,Female,Ahmedabad,Mass,2021-12-21,21-29
C04136,Customer 04136,21,Female,Ahmedabad,Mass,2023-12-05,21-29
C04137,Customer 04137,43,Male,Chennai,Mass,2023-03-13,40-49
C04138,Customer 04138,59,Male,Delhi,Mass,2024-05-13,50-59
C04139,Customer 04139,37,Male,Mumbai,Mass,2023-04-20,30-39
C04140,Customer 04140,54,Female,Delhi,Mass,2024-12-25,50-59
C04141,Customer 04141,61,Female,Chennai,Mass,2021-09-13,60+
C04142,Customer 04142,49,Male,Mumbai,Mass,2021-09-05,40-49
C04143,Customer 04143,29,Female,Mumbai,Affluent,2022-06-17,21-29
C04144,Customer 04144,33,Male,Hyderabad,Mass,2021-02-10,30-39
C04145,Customer 04145,26,Male,Mumbai,Affluent,2025-01-22,21-29
C04146,Customer 04146,26,Female,Chennai,Mass,2023-03-01,21-29
C04147,Customer 04147,40,Male,Jaipur,Mass,2024-07-24,40-49
C04148,Customer 04148,23,Female,Kolkata,Mass,2021-07-14,21-29
C04149,Customer 04149,37,Male,Pune,Mass,2023-12-31,30-39
C04150,Customer 04150,32,Female,Chennai,Mass,2024-07-17,30-39
C04151,Customer 04151,65,Male,Hyderabad,Affluent,2024-09-20,60+
C04152,Customer 04152,21,Female,Mumbai,Affluent,2025-05-28,21-29
C04153,Customer 04153,37,Female,Jaipur,Mass,2021-11-04,30-39
C04154,Customer 04154,23,Male,Mumbai,Mass,2024-12-21,21-29
C04155,Customer 04155,46,Female,Bengaluru,Premium,2024-05-07,40-49
C04156,Customer 04156,35,Male,Kolkata,Mass,2021-03-17,30-39
C04157,Customer 04157,56,Female,Mumbai,Mass,2023-02-26,50-59
C04158,Customer 04158,52,Male,Delhi,Mass,2023-03-06,50-59
C04159,Customer 04159,52,Female,Bengaluru,Affluent,2025-03-29,50-59
C04160,Customer 04160,24,Male,Bengaluru,Mass,2021-08-18,21-29
C04161,Customer 04161,38,Female,Mumbai,Mass,2021-03-26,30-39
C04162,Customer 04162,39,Female,Bengaluru,Mass,2024-03-31,30-39
C04163,Customer 04163,63,Female,Pune,Mass,2022-02-01,60+
C04164,Customer 04164,55,Male,Ahmedabad,Mass,2024-10-26,50-59
C04165,Customer 04165,60,Female,Delhi,Affluent,2025-05-06,60+
C04166,Customer 04166,34,Male,Ahmedabad,Mass,2021-08-03,30-39
C04167,Customer 04167,53,Male,Mumbai,Mass,2023-10-22,50-59
C04168,Customer 04168,34,Female,Delhi,Mass,2022-01-12,30-39
C04169,Customer 04169,54,Male,Bengaluru,Affluent,2022-02-16,50-59
C04170,Customer 04170,24,Female,Chennai,Affluent,2023-03-11,21-29
C04171,Customer 04171,44,Female,Delhi,Mass,2024-05-08,40-49
C04172,Customer 04172,49,Male,Chennai,Mass,2024-04-21,40-49
C04173,Customer 04173,39,Male,Kolkata,Mass,2022-02-14,30-39
C04174,Customer 04174,26,Male,Chennai,Mass,2024-11-22,21-29
C04175,Customer 04175,53,Female,Chennai,Mass,2021-08-04,50-59
C04176,Customer 04176,60,Female,Jaipur,Affluent,2023-01-22,60+
C04177,Customer 04177,39,Female,Mumbai,Mass,2021-12-15,30-39
C04178,Customer 04178,21,Male,Delhi,Affluent,2025-05-23,21-29
C04179,Customer 04179,25,Male,Pune,Affluent,2023-04-11,21-29
C04180,Customer 04180,47,Male,Chennai,Affluent,2025-06-06,40-49
C04181,Customer 04181,36,Female,Mumbai,Mass,2022-10-16,30-39
C04182,Customer 04182,26,Female,Delhi,Mass,2023-10-19,21-29
C04183,Customer 04183,60,Female,Hyderabad,Premium,2023-12-01,60+
C04184,Customer 04184,33,Female,Delhi,Affluent,2021-01-03,30-39
C04185,Customer 04185,55,Female,Mumbai,Affluent,2024-01-23,50-59
C04186,Customer 04186,39,Male,Jaipur,Mass,2023-12-19,30-39
C04187,Customer 04187,32,Male,Kolkata,Mass,2023-01-10,30-39
C04188,Customer 04188,36,Male,Hyderabad,Affluent,2022-02-11,30-39
C04189,Customer 04189,63,Female,Pune,Mass,2021-01-18,60+
C04190,Customer 04190,30,Female,Jaipur,Mass,2025-02-26,30-39
C04191,Customer 04191,45,Male,Bengaluru,Mass,2023-01-21,40-49
C04192,Customer 04192,40,Female,Mumbai,Mass,2025-03-12,40-49
C04193,Customer 04193,51,Male,Chennai,Mass,2022-08-09,50-59
C04194,Customer 04194,24,Male,Kolkata,Mass,2023-06-07,21-29
C04195,Customer 04195,64,Female,Bengaluru,Mass,2021-11-28,60+
C04196,Customer 04196,43,Male,Bhubaneswar,Affluent,2023-10-10,40-49
C04197,Customer 04197,22,Female,Hyderabad,Mass,2021-06-18,21-29
C04198,Customer 04198,42,Male,Delhi,Mass,2023-02-15,40-49
C04199,Customer 04199,57,Male,Mumbai,Affluent,2023-04-29,50-59
C04200,Customer 04200,28,Female,Mumbai,Mass,2023-07-30,21-29
C04201,Customer 04201,27,Female,Kolkata,Mass,2021-07-25,21-29
C04202,Customer 04202,34,Male,Bhubaneswar,Affluent,2022-06-05,30-39
C04203,Customer 04203,23,Male,Delhi,Premium,2025-03-09,21-29
C04204,Customer 04204,36,Female,Bhubaneswar,Mass,2023-10-15,30-39
C04205,Customer 04205,39,Male,Ahmedabad,Mass,2024-10-01,30-39
C04206,Customer 04206,38,Female,Hyderabad,Mass,2021-10-31,30-39
C04207,Customer 04207,36,Female,Pune,Mass,2021-04-25,30-39
C04208,Customer 04208,28,Female,Hyderabad,Affluent,2022-10-26,21-29
C04209,Customer 04209,53,Female,Chennai,Premium,2021-03-28,50-59
C04210,Customer 04210,32,Female,Bengaluru,Premium,2024-01-24,30-39
C04211,Customer 04211,31,Other,Pune,Mass,2023-01-13,30-39
C04212,Customer 04212,25,Female,Bengaluru,Mass,2022-03-04,21-29
C04213,Customer 04213,47,Female,Ahmedabad,Premium,2022-03-26,40-49
C04214,Customer 04214,32,Female,Ahmedabad,Mass,2023-02-25,30-39
C04215,Customer 04215,37,Male,Mumbai,Mass,2025-04-14,30-39
C04216,Customer 04216,26,Male,Delhi,Affluent,2022-12-16,21-29
C04217,Customer 04217,53,Female,Hyderabad,Mass,2021-01-02,50-59
C04218,Customer 04218,25,Female,Chennai,Mass,2024-01-07,21-29
C04219,Customer 04219,48,Female,Mumbai,Affluent,2024-09-09,40-49
C04220,Customer 04220,34,Female,Chennai,Mass,2023-01-13,30-39
C04221,Customer 04221,25,Female,Mumbai,Mass,2024-01-27,21-29
C04222,Customer 04222,53,Female,Bengaluru,Mass,2021-04-20,50-59
C04223,Customer 04223,61,Female,Bengaluru,Mass,2022-11-10,60+
C04224,Customer 04224,39,Male,Bengaluru,Mass,2025-01-20,30-39
C04225,Customer 04225,42,Female,Kolkata,Mass,2025-02-20,40-49
C04226,Customer 04226,25,Male,Bhubaneswar,Affluent,2022-01-06,21-29
C04227,Customer 04227,22,Male,Delhi,Affluent,2024-09-22,21-29
C04228,Customer 04228,50,Male,Hyderabad,Mass,2023-06-09,50-59
C04229,Customer 04229,59,Female,Bengaluru,Affluent,2022-08-22,50-59
C04230,Customer 04230,24,Female,Chennai,Mass,2023-11-12,21-29
C04231,Customer 04231,53,Female,Bengaluru,Affluent,2022-12-23,50-59
C04232,Customer 04232,33,Male,Chennai,Mass,2021-11-01,30-39
C04233,Customer 04233,40,Female,Jaipur,Mass,2023-07-13,40-49
C04234,Customer 04234,27,Male,Mumbai,Affluent,2024-07-19,21-29
C04235,Customer 04235,35,Male,Kolkata,Mass,2025-02-22,30-39
C04236,Customer 04236,43,Female,Bengaluru,Mass,2023-04-16,40-49
C04237,Customer 04237,34,Male,Delhi,Mass,2022-03-22,30-39
C04238,Customer 04238,43,Female,Bengaluru,Affluent,2023-07-21,40-49
C04239,Customer 04239,39,Female,Delhi,Mass,2021-10-05,30-39
C04240,Customer 04240,49,Female,Mumbai,Mass,2022-01-12,40-49
C04241,Customer 04241,40,Female,Delhi,Mass,2021-08-20,40-49
C04242,Customer 04242,49,Male,Delhi,Mass,2022-08-15,40-49
C04243,Customer 04243,44,Female,Delhi,Mass,2022-03-02,40-49
C04244,Customer 04244,38,Female,Pune,Mass,2023-12-15,30-39
C04245,Customer 04245,30,Male,Jaipur,Mass,2022-03-17,30-39
C04246,Customer 04246,61,Male,Delhi,Mass,2021-02-03,60+
C04247,Customer 04247,28,Female,Mumbai,Affluent,2021-11-25,21-29
C04248,Customer 04248,46,Male,Mumbai,Affluent,2023-04-25,40-49
C04249,Customer 04249,49,Male,Ahmedabad,Affluent,2022-03-30,40-49
C04250,Customer 04250,30,Female,Chennai,Mass,2024-11-12,30-39
C04251,Customer 04251,37,Female,Hyderabad,Premium,2023-02-03,30-39
C04252,Customer 04252,22,Female,Bengaluru,Mass,2024-12-24,21-29
C04253,Customer 04253,26,Male,Hyderabad,Premium,2025-02-08,21-29
C04254,Customer 04254,25,Male,Mumbai,Mass,2024-02-23,21-29
C04255,Customer 04255,48,Male,Bhubaneswar,Mass,2022-06-07,40-49
C04256,Customer 04256,61,Male,Jaipur,Mass,2022-04-27,60+
C04257,Customer 04257,25,Female,Bengaluru,Mass,2021-11-13,21-29
C04258,Customer 04258,38,Female,Hyderabad,Affluent,2021-05-02,30-39
C04259,Customer 04259,46,Female,Mumbai,Affluent,2025-04-20,40-49
C04260,Customer 04260,40,Male,Delhi,Premium,2022-08-04,40-49
C04261,Customer 04261,61,Male,Ahmedabad,Mass,2024-08-29,60+
C04262,Customer 04262,47,Female,Hyderabad,Mass,2022-05-02,40-49
C04263,Customer 04263,32,Male,Delhi,Mass,2023-11-02,30-39
C04264,Customer 04264,27,Female,Mumbai,Premium,2021-05-05,21-29
C04265,Customer 04265,23,Female,Kolkata,Mass,2022-10-21,21-29
C04266,Customer 04266,30,Female,Chennai,Affluent,2024-01-06,30-39
C04267,Customer 04267,54,Female,Hyderabad,Mass,2022-08-03,50-59
C04268,Customer 04268,45,Female,Mumbai,Mass,2022-12-19,40-49
C04269,Customer 04269,55,Female,Delhi,Premium,2024-06-13,50-59
C04270,Customer 04270,36,Female,Bhubaneswar,Mass,2025-05-14,30-39
C04271,Customer 04271,22,Female,Hyderabad,Mass,2023-02-09,21-29
C04272,Customer 04272,44,Male,Delhi,Mass,2024-07-01,40-49
C04273,Customer 04273,30,Female,Hyderabad,Affluent,2023-06-23,30-39
C04274,Customer 04274,58,Other,Kolkata,Mass,2022-02-10,50-59
C04275,Customer 04275,42,Female,Delhi,Mass,2024-06-20,40-49
C04276,Customer 04276,46,Female,Mumbai,Mass,2025-01-24,40-49
C04277,Customer 04277,63,Female,Chennai,Mass,2021-10-04,60+
C04278,Customer 04278,59,Female,Pune,Mass,2025-02-01,50-59
C04279,Customer 04279,47,Male,Pune,Mass,2024-05-28,40-49
C04280,Customer 04280,49,Female,Jaipur,Premium,2024-06-02,40-49
C04281,Customer 04281,58,Male,Delhi,Premium,2023-07-14,50-59
C04282,Customer 04282,40,Male,Bengaluru,Mass,2024-01-30,40-49
C04283,Customer 04283,47,Male,Bhubaneswar,Affluent,2023-05-04,40-49
C04284,Customer 04284,61,Male,Hyderabad,Mass,2022-05-22,60+
C04285,Customer 04285,40,Male,Chennai,Mass,2025-05-30,40-49
C04286,Customer 04286,64,Female,Pune,Mass,2024-09-16,60+
C04287,Customer 04287,39,Male,Chennai,Mass,2021-08-25,30-39
C04288,Customer 04288,40,Female,Mumbai,Mass,2023-09-21,40-49
C04289,Customer 04289,55,Female,Kolkata,Mass,2024-09-24,50-59
C04290,Customer 04290,22,Female,Kolkata,Affluent,2023-01-22,21-29
C04291,Customer 04291,50,Male,Chennai,Mass,2022-05-21,50-59
C04292,Customer 04292,54,Male,Hyderabad,Affluent,2021-06-14,50-59
C04293,Customer 04293,42,Female,Bengaluru,Mass,2023-04-26,40-49
C04294,Customer 04294,23,Male,Bengaluru,Mass,2022-12-29,21-29
C04295,Customer 04295,26,Female,Delhi,Mass,2024-05-26,21-29
C04296,Customer 04296,35,Female,Delhi,Mass,2022-01-11,30-39
C04297,Customer 04297,47,Female,Bhubaneswar,Affluent,2023-11-02,40-49
C04298,Customer 04298,30,Female,Kolkata,Affluent,2024-12-26,30-39
C04299,Customer 04299,29,Female,Pune,Mass,2021-03-24,21-29
C04300,Customer 04300,53,Male,Hyderabad,Affluent,2022-03-07,50-59
C04301,Customer 04301,52,Male,Mumbai,Premium,2022-04-23,50-59
C04302,Customer 04302,26,Female,Bhubaneswar,Affluent,2023-02-22,21-29
C04303,Customer 04303,61,Male,Delhi,Mass,2022-01-04,60+
C04304,Customer 04304,56,Male,Bengaluru,Affluent,2023-08-13,50-59
C04305,Customer 04305,22,Male,Hyderabad,Mass,2021-05-21,21-29
C04306,Customer 04306,49,Male,Ahmedabad,Affluent,2022-12-21,40-49
C04307,Customer 04307,24,Female,Jaipur,Mass,2025-01-19,21-29
C04308,Customer 04308,21,Male,Bengaluru,Mass,2025-03-06,21-29
C04309,Customer 04309,39,Male,Jaipur,Mass,2024-11-27,30-39
C04310,Customer 04310,46,Female,Mumbai,Mass,2023-10-13,40-49
C04311,Customer 04311,45,Female,Bengaluru,Premium,2021-10-15,40-49
C04312,Customer 04312,30,Male,Ahmedabad,Mass,2021-12-21,30-39
C04313,Customer 04313,35,Female,Ahmedabad,Mass,2021-12-09,30-39
C04314,Customer 04314,42,Other,Chennai,Premium,2021-05-29,40-49
C04315,Customer 04315,41,Female,Chennai,Mass,2021-07-29,40-49
C04316,Customer 04316,42,Male,Ahmedabad,Mass,2024-02-10,40-49
C04317,Customer 04317,56,Female,Kolkata,Mass,2022-10-16,50-59
C04318,Customer 04318,54,Male,Jaipur,Mass,2023-09-03,50-59
C04319,Customer 04319,50,Male,Chennai,Mass,2022-06-20,50-59
C04320,Customer 04320,45,Female,Bhubaneswar,Mass,2023-12-09,40-49
C04321,Customer 04321,65,Male,Bhubaneswar,Mass,2021-11-27,60+
C04322,Customer 04322,48,Female,Bengaluru,Premium,2021-12-31,40-49
C04323,Customer 04323,21,Female,Ahmedabad,Mass,2021-01-11,21-29
C04324,Customer 04324,65,Female,Hyderabad,Mass,2024-04-26,60+
C04325,Customer 04325,24,Male,Delhi,Mass,2022-05-24,21-29
C04326,Customer 04326,27,Female,Chennai,Affluent,2022-08-03,21-29
C04327,Customer 04327,29,Female,Bengaluru,Mass,2025-01-08,21-29
C04328,Customer 04328,56,Female,Hyderabad,Affluent,2024-01-19,50-59
C04329,Customer 04329,39,Male,Ahmedabad,Mass,2022-09-14,30-39
C04330,Customer 04330,21,Male,Mumbai,Premium,2023-06-20,21-29
C04331,Customer 04331,30,Female,Delhi,Mass,2025-01-11,30-39
C04332,Customer 04332,56,Female,Jaipur,Affluent,2022-12-19,50-59
C04333,Customer 04333,29,Male,Delhi,Mass,2023-11-22,21-29
C04334,Customer 04334,65,Female,Delhi,Affluent,2021-11-23,60+
C04335,Customer 04335,62,Male,Hyderabad,Mass,2021-03-15,60+
C04336,Customer 04336,52,Male,Hyderabad,Mass,2021-09-08,50-59
C04337,Customer 04337,52,Male,Chennai,Mass,2022-03-26,50-59
C04338,Customer 04338,26,Female,Kolkata,Affluent,2023-06-25,21-29
C04339,Customer 04339,58,Male,Hyderabad,Affluent,2021-12-21,50-59
C04340,Customer 04340,37,Male,Ahmedabad,Mass,2022-06-17,30-39
C04341,Customer 04341,30,Male,Hyderabad,Mass,2021-10-23,30-39
C04342,Customer 04342,47,Female,Delhi,Mass,2021-10-25,40-49
C04343,Customer 04343,55,Female,Pune,Affluent,2024-09-13,50-59
C04344,Customer 04344,41,Female,Pune,Affluent,2021-10-29,40-49
C04345,Customer 04345,45,Male,Chennai,Affluent,2022-05-27,40-49
C04346,Customer 04346,48,Male,Bengaluru,Mass,2024-09-23,40-49
C04347,Customer 04347,35,Female,Mumbai,Premium,2022-08-08,30-39
C04348,Customer 04348,24,Male,Mumbai,Affluent,2022-01-09,21-29
C04349,Customer 04349,49,Female,Mumbai,Affluent,2025-04-26,40-49
C04350,Customer 04350,29,Male,Pune,Mass,2024-01-23,21-29
C04351,Customer 04351,47,Male,Bengaluru,Mass,2021-05-12,40-49
C04352,Customer 04352,46,Female,Kolkata,Mass,2025-06-23,40-49
C04353,Customer 04353,39,Female,Mumbai,Mass,2023-06-29,30-39
C04354,Customer 04354,48,Female,Delhi,Mass,2021-02-22,40-49
C04355,Customer 04355,37,Male,Hyderabad,Mass,2025-02-28,30-39
C04356,Customer 04356,63,Male,Mumbai,Mass,2021-08-17,60+
C04357,Customer 04357,61,Male,Jaipur,Mass,2022-10-02,60+
C04358,Customer 04358,62,Female,Bengaluru,Mass,2024-05-20,60+
C04359,Customer 04359,40,Male,Hyderabad,Affluent,2023-03-08,40-49
C04360,Customer 04360,65,Female,Ahmedabad,Mass,2023-03-02,60+
C04361,Customer 04361,60,Male,Chennai,Mass,2025-03-08,60+
C04362,Customer 04362,59,Female,Mumbai,Mass,2022-05-10,50-59
C04363,Customer 04363,43,Male,Delhi,Affluent,2023-05-03,40-49
C04364,Customer 04364,52,Male,Pune,Affluent,2022-11-02,50-59
C04365,Customer 04365,53,Male,Bhubaneswar,Mass,2024-06-10,50-59
C04366,Customer 04366,25,Male,Jaipur,Premium,2023-12-31,21-29
C04367,Customer 04367,63,Female,Delhi,Mass,2021-07-08,60+
C04368,Customer 04368,54,Female,Bhubaneswar,Premium,2022-10-25,50-59
C04369,Customer 04369,60,Male,Bengaluru,Mass,2021-01-08,60+
C04370,Customer 04370,31,Female,Bengaluru,Mass,2021-11-28,30-39
C04371,Customer 04371,23,Female,Ahmedabad,Mass,2025-06-24,21-29
C04372,Customer 04372,53,Female,Mumbai,Mass,2023-11-06,50-59
C04373,Customer 04373,31,Male,Bengaluru,Mass,2022-10-28,30-39
C04374,Customer 04374,36,Female,Mumbai,Affluent,2022-10-31,30-39
C04375,Customer 04375,38,Female,Delhi,Affluent,2024-01-22,30-39
C04376,Customer 04376,50,Female,Kolkata,Mass,2024-07-09,50-59
C04377,Customer 04377,30,Female,Chennai,Mass,2025-04-22,30-39
C04378,Customer 04378,38,Male,Mumbai,Mass,2021-06-10,30-39
C04379,Customer 04379,58,Other,Hyderabad,Mass,2021-12-17,50-59
C04380,Customer 04380,39,Male,Jaipur,Affluent,2024-04-12,30-39
C04381,Customer 04381,56,Female,Ahmedabad,Mass,2021-11-13,50-59
C04382,Customer 04382,33,Male,Delhi,Affluent,2023-07-26,30-39
C04383,Customer 04383,23,Male,Bhubaneswar,Mass,2021-01-18,21-29
C04384,Customer 04384,30,Female,Pune,Mass,2022-05-01,30-39
C04385,Customer 04385,58,Male,Bengaluru,Mass,2022-01-02,50-59
C04386,Customer 04386,21,Male,Bengaluru,Mass,2021-12-17,21-29
C04387,Customer 04387,47,Male,Mumbai,Mass,2022-06-12,40-49
C04388,Customer 04388,28,Male,Pune,Affluent,2023-05-22,21-29
C04389,Customer 04389,62,Female,Mumbai,Mass,2024-12-29,60+
C04390,Customer 04390,37,Female,Hyderabad,Mass,2023-07-22,30-39
C04391,Customer 04391,29,Male,Bengaluru,Affluent,2021-09-27,21-29
C04392,Customer 04392,26,Female,Jaipur,Mass,2023-05-21,21-29
C04393,Customer 04393,63,Female,Delhi,Affluent,2023-12-28,60+
C04394,Customer 04394,45,Male,Jaipur,Mass,2023-11-20,40-49
C04395,Customer 04395,59,Male,Bhubaneswar,Mass,2021-11-12,50-59
C04396,Customer 04396,48,Female,Bengaluru,Affluent,2023-01-07,40-49
C04397,Customer 04397,53,Male,Hyderabad,Affluent,2021-06-13,50-59
C04398,Customer 04398,57,Male,Bengaluru,Mass,2023-07-15,50-59
C04399,Customer 04399,29,Male,Jaipur,Mass,2021-11-16,21-29
C04400,Customer 04400,38,Female,Hyderabad,Affluent,2023-11-04,30-39
C04401,Customer 04401,41,Female,Bengaluru,Mass,2021-10-06,40-49
C04402,Customer 04402,22,Female,Bengaluru,Mass,2022-03-08,21-29
C04403,Customer 04403,63,Female,Delhi,Affluent,2022-10-30,60+
C04404,Customer 04404,58,Female,Bhubaneswar,Affluent,2022-09-26,50-59
C04405,Customer 04405,60,Female,Pune,Affluent,2024-07-10,60+
C04406,Customer 04406,56,Female,Ahmedabad,Affluent,2022-06-06,50-59
C04407,Customer 04407,63,Male,Delhi,Affluent,2023-08-22,60+
C04408,Customer 04408,57,Female,Bengaluru,Affluent,2024-04-10,50-59
C04409,Customer 04409,35,Male,Bhubaneswar,Affluent,2021-12-24,30-39
C04410,Customer 04410,48,Male,Bengaluru,Mass,2023-11-03,40-49
C04411,Customer 04411,38,Female,Bhubaneswar,Mass,2022-12-26,30-39
C04412,Customer 04412,54,Male,Delhi,Affluent,2022-11-04,50-59
C04413,Customer 04413,42,Male,Bengaluru,Affluent,2021-08-20,40-49
C04414,Customer 04414,31,Female,Pune,Mass,2025-02-08,30-39
C04415,Customer 04415,33,Male,Bhubaneswar,Mass,2022-04-16,30-39
C04416,Customer 04416,24,Female,Bhubaneswar,Premium,2024-03-29,21-29
C04417,Customer 04417,42,Male,Mumbai,Mass,2022-10-01,40-49
C04418,Customer 04418,27,Female,Mumbai,Mass,2022-07-14,21-29
C04419,Customer 04419,63,Male,Chennai,Affluent,2024-07-08,60+
C04420,Customer 04420,44,Female,Chennai,Premium,2022-07-27,40-49
C04421,Customer 04421,24,Male,Kolkata,Affluent,2022-08-25,21-29
C04422,Customer 04422,48,Female,Mumbai,Affluent,2024-10-14,40-49
C04423,Customer 04423,35,Male,Bhubaneswar,Mass,2021-09-12,30-39
C04424,Customer 04424,21,Male,Chennai,Affluent,2022-08-25,21-29
C04425,Customer 04425,23,Male,Ahmedabad,Mass,2025-03-19,21-29
C04426,Customer 04426,34,Male,Chennai,Affluent,2021-10-07,30-39
C04427,Customer 04427,58,Female,Delhi,Mass,2021-04-27,50-59
C04428,Customer 04428,21,Male,Bhubaneswar,Mass,2022-09-02,21-29
C04429,Customer 04429,58,Male,Chennai,Mass,2024-03-31,50-59
C04430,Customer 04430,58,Male,Ahmedabad,Mass,2023-05-02,50-59
C04431,Customer 04431,41,Male,Bhubaneswar,Affluent,2021-10-25,40-49
C04432,Customer 04432,49,Female,Pune,Premium,2023-07-05,40-49
C04433,Customer 04433,25,Female,Chennai,Affluent,2024-08-13,21-29
C04434,Customer 04434,30,Female,Bengaluru,Affluent,2025-06-06,30-39
C04435,Customer 04435,48,Male,Bengaluru,Mass,2024-10-13,40-49
C04436,Customer 04436,41,Female,Mumbai,Affluent,2022-06-02,40-49
C04437,Customer 04437,27,Male,Mumbai,Affluent,2022-01-13,21-29
C04438,Customer 04438,23,Male,Mumbai,Affluent,2022-03-02,21-29
C04439,Customer 04439,65,Female,Delhi,Mass,2022-06-21,60+
C04440,Customer 04440,40,Male,Delhi,Affluent,2022-07-07,40-49
C04441,Customer 04441,39,Female,Delhi,Affluent,2021-06-18,30-39
C04442,Customer 04442,55,Female,Bengaluru,Mass,2022-05-30,50-59
C04443,Customer 04443,24,Male,Bengaluru,Affluent,2024-10-19,21-29
C04444,Customer 04444,25,Female,Pune,Premium,2022-03-06,21-29
C04445,Customer 04445,21,Female,Hyderabad,Mass,2022-07-23,21-29
C04446,Customer 04446,24,Male,Hyderabad,Affluent,2021-03-24,21-29
C04447,Customer 04447,32,Female,Chennai,Affluent,2021-11-26,30-39
C04448,Customer 04448,47,Other,Ahmedabad,Affluent,2022-11-22,40-49
C04449,Customer 04449,62,Other,Delhi,Mass,2024-03-02,60+
C04450,Customer 04450,43,Female,Pune,Affluent,2025-06-10,40-49
C04451,Customer 04451,45,Female,Bhubaneswar,Mass,2022-04-02,40-49
C04452,Customer 04452,41,Male,Ahmedabad,Mass,2021-12-19,40-49
C04453,Customer 04453,44,Female,Delhi,Affluent,2021-12-10,40-49
C04454,Customer 04454,45,Female,Pune,Affluent,2024-01-23,40-49
C04455,Customer 04455,65,Male,Mumbai,Affluent,2024-11-06,60+
C04456,Customer 04456,52,Female,Chennai,Mass,2023-02-01,50-59
C04457,Customer 04457,52,Male,Bhubaneswar,Mass,2024-08-11,50-59
C04458,Customer 04458,25,Female,Hyderabad,Premium,2021-07-17,21-29
C04459,Customer 04459,56,Female,Jaipur,Mass,2021-03-20,50-59
C04460,Customer 04460,62,Female,Delhi,Affluent,2022-11-09,60+
C04461,Customer 04461,62,Male,Bhubaneswar,Affluent,2022-07-05,60+
C04462,Customer 04462,59,Male,Chennai,Affluent,2023-03-31,50-59
C04463,Customer 04463,36,Male,Bengaluru,Mass,2021-08-02,30-39
C04464,Customer 04464,53,Female,Chennai,Affluent,2022-10-31,50-59
C04465,Customer 04465,41,Female,Mumbai,Affluent,2023-09-16,40-49
C04466,Customer 04466,29,Female,Bengaluru,Mass,2023-06-13,21-29
C04467,Customer 04467,26,Male,Ahmedabad,Mass,2021-06-08,21-29
C04468,Customer 04468,65,Male,Mumbai,Mass,2023-01-09,60+
C04469,Customer 04469,55,Male,Kolkata,Mass,2022-07-11,50-59
C04470,Customer 04470,59,Female,Mumbai,Affluent,2021-07-20,50-59
C04471,Customer 04471,42,Male,Mumbai,Affluent,2021-01-22,40-49
C04472,Customer 04472,61,Female,Bhubaneswar,Premium,2024-09-24,60+
C04473,Customer 04473,25,Male,Delhi,Mass,2024-06-19,21-29
C04474,Customer 04474,62,Female,Chennai,Affluent,2024-06-15,60+
C04475,Customer 04475,43,Male,Chennai,Mass,2024-03-18,40-49
C04476,Customer 04476,37,Female,Chennai,Affluent,2023-02-24,30-39
C04477,Customer 04477,32,Female,Jaipur,Affluent,2025-05-22,30-39
C04478,Customer 04478,43,Male,Pune,Premium,2021-01-07,40-49
C04479,Customer 04479,36,Female,Delhi,Affluent,2024-06-10,30-39
C04480,Customer 04480,23,Female,Ahmedabad,Premium,2023-03-15,21-29
C04481,Customer 04481,50,Male,Mumbai,Affluent,2023-02-07,50-59
C04482,Customer 04482,42,Male,Chennai,Affluent,2022-08-02,40-49
C04483,Customer 04483,29,Male,Bhubaneswar,Mass,2024-01-06,21-29
C04484,Customer 04484,49,Female,Chennai,Affluent,2022-05-04,40-49
C04485,Customer 04485,57,Male,Ahmedabad,Mass,2023-07-15,50-59
C04486,Customer 04486,43,Male,Pune,Mass,2021-03-28,40-49
C04487,Customer 04487,33,Female,Ahmedabad,Mass,2021-08-10,30-39
C04488,Customer 04488,52,Male,Bhubaneswar,Affluent,2022-02-17,50-59
C04489,Customer 04489,43,Female,Mumbai,Mass,2022-08-07,40-49
C04490,Customer 04490,65,Female,Mumbai,Mass,2021-07-21,60+
C04491,Customer 04491,37,Female,Hyderabad,Affluent,2022-07-25,30-39
C04492,Customer 04492,60,Female,Pune,Premium,2024-07-23,60+
C04493,Customer 04493,41,Male,Mumbai,Affluent,2021-08-09,40-49
C04494,Customer 04494,22,Male,Bengaluru,Mass,2021-06-06,21-29
C04495,Customer 04495,57,Male,Delhi,Mass,2024-04-19,50-59
C04496,Customer 04496,26,Male,Bhubaneswar,Mass,2021-05-09,21-29
C04497,Customer 04497,64,Female,Pune,Mass,2024-06-20,60+
C04498,Customer 04498,38,Male,Delhi,Mass,2024-04-10,30-39
C04499,Customer 04499,50,Male,Mumbai,Premium,2025-03-07,50-59
C04500,Customer 04500,42,Female,Delhi,Mass,2025-02-12,40-49
C04501,Customer 04501,53,Male,Mumbai,Mass,2023-05-27,50-59
C04502,Customer 04502,50,Other,Bengaluru,Mass,2021-09-27,50-59
C04503,Customer 04503,37,Male,Jaipur,Mass,2024-12-15,30-39
C04504,Customer 04504,63,Male,Bhubaneswar,Mass,2021-06-12,60+
C04505,Customer 04505,52,Female,Mumbai,Mass,2023-08-13,50-59
C04506,Customer 04506,62,Female,Bengaluru,Premium,2021-01-24,60+
C04507,Customer 04507,34,Female,Delhi,Mass,2022-05-12,30-39
C04508,Customer 04508,30,Male,Hyderabad,Mass,2021-07-12,30-39
C04509,Customer 04509,56,Male,Mumbai,Mass,2023-05-28,50-59
C04510,Customer 04510,54,Other,Delhi,Mass,2022-01-25,50-59
C04511,Customer 04511,29,Female,Mumbai,Mass,2022-05-12,21-29
C04512,Customer 04512,62,Female,Kolkata,Mass,2023-08-22,60+
C04513,Customer 04513,48,Male,Pune,Mass,2023-03-17,40-49
C04514,Customer 04514,31,Male,Chennai,Affluent,2021-05-09,30-39
C04515,Customer 04515,34,Female,Delhi,Mass,2023-10-18,30-39
C04516,Customer 04516,59,Male,Jaipur,Mass,2022-07-07,50-59
C04517,Customer 04517,39,Male,Bhubaneswar,Mass,2025-04-16,30-39
C04518,Customer 04518,35,Male,Mumbai,Mass,2023-11-26,30-39
C04519,Customer 04519,48,Male,Mumbai,Mass,2025-01-20,40-49
C04520,Customer 04520,44,Female,Hyderabad,Mass,2021-12-27,40-49
C04521,Customer 04521,28,Other,Bengaluru,Mass,2023-02-04,21-29
C04522,Customer 04522,63,Male,Hyderabad,Mass,2024-05-23,60+
C04523,Customer 04523,29,Female,Chennai,Mass,2021-10-14,21-29
C04524,Customer 04524,53,Female,Hyderabad,Mass,2023-02-07,50-59
C04525,Customer 04525,53,Male,Delhi,Mass,2023-07-14,50-59
C04526,Customer 04526,39,Female,Chennai,Premium,2022-01-04,30-39
C04527,Customer 04527,23,Female,Bhubaneswar,Affluent,2025-02-01,21-29
C04528,Customer 04528,30,Male,Mumbai,Affluent,2023-06-18,30-39
C04529,Customer 04529,60,Female,Pune,Affluent,2024-04-24,60+
C04530,Customer 04530,62,Male,Bengaluru,Premium,2025-02-06,60+
C04531,Customer 04531,21,Female,Bengaluru,Affluent,2023-12-21,21-29
C04532,Customer 04532,49,Male,Chennai,Mass,2021-09-19,40-49
C04533,Customer 04533,54,Female,Bengaluru,Mass,2023-02-27,50-59
C04534,Customer 04534,33,Female,Bengaluru,Mass,2021-04-21,30-39
C04535,Customer 04535,21,Female,Mumbai,Affluent,2023-07-31,21-29
C04536,Customer 04536,54,Male,Chennai,Premium,2021-05-21,50-59
C04537,Customer 04537,49,Male,Pune,Mass,2023-01-15,40-49
C04538,Customer 04538,33,Female,Mumbai,Affluent,2022-06-19,30-39
C04539,Customer 04539,49,Male,Pune,Mass,2021-03-20,40-49
C04540,Customer 04540,59,Male,Mumbai,Mass,2025-02-26,50-59
C04541,Customer 04541,44,Other,Chennai,Mass,2023-11-21,40-49
C04542,Customer 04542,46,Female,Delhi,Mass,2025-03-20,40-49
C04543,Customer 04543,37,Male,Pune,Mass,2022-05-24,30-39
C04544,Customer 04544,27,Female,Bhubaneswar,Affluent,2023-08-29,21-29
C04545,Customer 04545,33,Female,Jaipur,Affluent,2021-03-07,30-39
C04546,Customer 04546,25,Male,Bengaluru,Affluent,2025-03-14,21-29
C04547,Customer 04547,46,Male,Jaipur,Mass,2024-10-26,40-49
C04548,Customer 04548,23,Female,Bengaluru,Affluent,2021-10-14,21-29
C04549,Customer 04549,27,Female,Bhubaneswar,Mass,2024-04-14,21-29
C04550,Customer 04550,59,Male,Mumbai,Mass,2021-05-03,50-59
C04551,Customer 04551,21,Male,Delhi,Affluent,2024-06-08,21-29
C04552,Customer 04552,37,Female,Bengaluru,Mass,2022-07-09,30-39
C04553,Customer 04553,63,Male,Bengaluru,Mass,2023-10-01,60+
C04554,Customer 04554,45,Female,Pune,Mass,2021-01-04,40-49
C04555,Customer 04555,23,Female,Bhubaneswar,Affluent,2022-02-16,21-29
C04556,Customer 04556,35,Male,Chennai,Mass,2021-09-07,30-39
C04557,Customer 04557,49,Female,Pune,Affluent,2025-02-19,40-49
C04558,Customer 04558,63,Female,Kolkata,Affluent,2024-09-30,60+
C04559,Customer 04559,52,Male,Mumbai,Affluent,2024-09-18,50-59
C04560,Customer 04560,46,Male,Bengaluru,Affluent,2022-03-29,40-49
C04561,Customer 04561,36,Female,Bengaluru,Mass,2021-06-07,30-39
C04562,Customer 04562,45,Male,Delhi,Mass,2025-05-20,40-49
C04563,Customer 04563,48,Male,Mumbai,Mass,2023-04-17,40-49
C04564,Customer 04564,29,Female,Bengaluru,Mass,2023-10-11,21-29
C04565,Customer 04565,21,Male,Mumbai,Affluent,2024-07-17,21-29
C04566,Customer 04566,49,Female,Bengaluru,Mass,2025-05-30,40-49
C04567,Customer 04567,42,Female,Jaipur,Mass,2024-12-12,40-49
C04568,Customer 04568,36,Male,Bengaluru,Affluent,2025-01-03,30-39
C04569,Customer 04569,61,Male,Hyderabad,Affluent,2023-11-19,60+
C04570,Customer 04570,64,Female,Chennai,Affluent,2023-09-05,60+
C04571,Customer 04571,61,Female,Chennai,Affluent,2021-12-01,60+
C04572,Customer 04572,27,Male,Bengaluru,Affluent,2024-06-15,21-29
C04573,Customer 04573,34,Female,Delhi,Affluent,2021-06-02,30-39
C04574,Customer 04574,49,Female,Bengaluru,Mass,2025-06-18,40-49
C04575,Customer 04575,39,Female,Delhi,Premium,2023-01-19,30-39
C04576,Customer 04576,39,Male,Mumbai,Mass,2023-04-14,30-39
C04577,Customer 04577,22,Female,Chennai,Mass,2024-02-13,21-29
C04578,Customer 04578,61,Female,Pune,Mass,2023-03-19,60+
C04579,Customer 04579,65,Male,Hyderabad,Affluent,2023-01-28,60+
C04580,Customer 04580,35,Male,Hyderabad,Premium,2024-11-23,30-39
C04581,Customer 04581,23,Male,Delhi,Mass,2023-11-22,21-29
C04582,Customer 04582,31,Female,Ahmedabad,Mass,2022-06-16,30-39
C04583,Customer 04583,50,Male,Mumbai,Affluent,2021-02-22,50-59
C04584,Customer 04584,60,Female,Kolkata,Premium,2022-12-19,60+
C04585,Customer 04585,38,Female,Kolkata,Mass,2024-05-03,30-39
C04586,Customer 04586,22,Male,Delhi,Mass,2024-08-21,21-29
C04587,Customer 04587,52,Female,Mumbai,Affluent,2021-12-11,50-59
C04588,Customer 04588,28,Female,Hyderabad,Mass,2024-01-11,21-29
C04589,Customer 04589,42,Female,Bengaluru,Affluent,2021-01-01,40-49
C04590,Customer 04590,26,Female,Bengaluru,Mass,2021-06-16,21-29
C04591,Customer 04591,32,Female,Bengaluru,Mass,2021-11-13,30-39
C04592,Customer 04592,60,Other,Mumbai,Mass,2024-04-21,60+
C04593,Customer 04593,56,Female,Hyderabad,Mass,2023-08-23,50-59
C04594,Customer 04594,35,Female,Ahmedabad,Mass,2023-06-17,30-39
C04595,Customer 04595,48,Female,Mumbai,Mass,2021-09-30,40-49
C04596,Customer 04596,65,Male,Jaipur,Affluent,2022-01-08,60+
C04597,Customer 04597,38,Male,Bhubaneswar,Mass,2024-10-17,30-39
C04598,Customer 04598,22,Female,Bhubaneswar,Premium,2023-06-19,21-29
C04599,Customer 04599,33,Male,Ahmedabad,Mass,2021-07-20,30-39
C04600,Customer 04600,65,Female,Delhi,Affluent,2024-04-30,60+
C04601,Customer 04601,35,Female,Bengaluru,Mass,2024-09-26,30-39
C04602,Customer 04602,40,Female,Chennai,Mass,2024-08-15,40-49
C04603,Customer 04603,49,Female,Chennai,Mass,2025-03-10,40-49
C04604,Customer 04604,62,Female,Ahmedabad,Mass,2025-05-31,60+
C04605,Customer 04605,49,Male,Bhubaneswar,Affluent,2021-05-20,40-49
C04606,Customer 04606,23,Female,Hyderabad,Affluent,2021-11-02,21-29
C04607,Customer 04607,39,Male,Delhi,Affluent,2024-05-04,30-39
C04608,Customer 04608,23,Female,Mumbai,Mass,2023-12-21,21-29
C04609,Customer 04609,34,Female,Bengaluru,Affluent,2021-12-26,30-39
C04610,Customer 04610,60,Female,Hyderabad,Affluent,2021-11-03,60+
C04611,Customer 04611,24,Male,Chennai,Premium,2025-02-12,21-29
C04612,Customer 04612,31,Female,Ahmedabad,Affluent,2021-11-29,30-39
C04613,Customer 04613,51,Male,Hyderabad,Mass,2024-01-12,50-59
C04614,Customer 04614,63,Female,Jaipur,Mass,2021-11-30,60+
C04615,Customer 04615,52,Female,Chennai,Mass,2022-06-01,50-59
C04616,Customer 04616,47,Female,Ahmedabad,Affluent,2023-01-01,40-49
C04617,Customer 04617,50,Female,Bengaluru,Mass,2023-07-13,50-59
C04618,Customer 04618,63,Female,Ahmedabad,Affluent,2023-02-05,60+
C04619,Customer 04619,22,Female,Pune,Mass,2025-02-06,21-29
C04620,Customer 04620,29,Male,Mumbai,Mass,2024-11-18,21-29
C04621,Customer 04621,48,Female,Mumbai,Mass,2025-06-12,40-49
C04622,Customer 04622,51,Male,Jaipur,Mass,2023-02-24,50-59
C04623,Customer 04623,54,Female,Bengaluru,Affluent,2025-05-20,50-59
C04624,Customer 04624,35,Male,Hyderabad,Mass,2024-11-04,30-39
C04625,Customer 04625,45,Male,Delhi,Mass,2021-01-21,40-49
C04626,Customer 04626,56,Female,Pune,Mass,2023-05-29,50-59
C04627,Customer 04627,28,Female,Ahmedabad,Mass,2021-06-26,21-29
C04628,Customer 04628,29,Male,Delhi,Affluent,2024-10-18,21-29
C04629,Customer 04629,57,Male,Delhi,Mass,2021-01-22,50-59
C04630,Customer 04630,65,Female,Bhubaneswar,Affluent,2023-04-17,60+
C04631,Customer 04631,59,Female,Kolkata,Affluent,2023-08-18,50-59
C04632,Customer 04632,52,Male,Jaipur,Affluent,2022-07-02,50-59
C04633,Customer 04633,37,Female,Hyderabad,Mass,2021-09-07,30-39
C04634,Customer 04634,55,Male,Mumbai,Mass,2022-10-23,50-59
C04635,Customer 04635,57,Female,Delhi,Affluent,2023-08-10,50-59
C04636,Customer 04636,39,Female,Pune,Affluent,2024-01-02,30-39
C04637,Customer 04637,64,Male,Bengaluru,Affluent,2024-01-20,60+
C04638,Customer 04638,49,Male,Mumbai,Mass,2024-04-14,40-49
C04639,Customer 04639,27,Female,Bengaluru,Mass,2021-05-06,21-29
C04640,Customer 04640,48,Female,Hyderabad,Mass,2024-05-12,40-49
C04641,Customer 04641,29,Male,Ahmedabad,Affluent,2024-06-23,21-29
C04642,Customer 04642,48,Male,Bengaluru,Mass,2022-09-03,40-49
C04643,Customer 04643,26,Female,Pune,Mass,2024-07-18,21-29
C04644,Customer 04644,49,Male,Jaipur,Affluent,2023-10-07,40-49
C04645,Customer 04645,37,Male,Mumbai,Mass,2021-02-13,30-39
C04646,Customer 04646,36,Male,Pune,Mass,2025-06-21,30-39
C04647,Customer 04647,43,Male,Bhubaneswar,Mass,2022-07-02,40-49
C04648,Customer 04648,51,Female,Bhubaneswar,Mass,2024-04-06,50-59
C04649,Customer 04649,23,Male,Mumbai,Mass,2022-03-11,21-29
C04650,Customer 04650,41,Male,Bengaluru,Mass,2023-11-20,40-49
C04651,Customer 04651,46,Female,Bengaluru,Mass,2023-03-05,40-49
C04652,Customer 04652,56,Female,Pune,Mass,2025-06-09,50-59
C04653,Customer 04653,62,Female,Pune,Mass,2021-12-23,60+
C04654,Customer 04654,57,Male,Pune,Affluent,2025-02-23,50-59
C04655,Customer 04655,42,Female,Delhi,Mass,2024-06-25,40-49
C04656,Customer 04656,62,Male,Mumbai,Mass,2021-09-10,60+
C04657,Customer 04657,32,Male,Chennai,Mass,2023-02-24,30-39
C04658,Customer 04658,62,Male,Hyderabad,Mass,2022-12-22,60+
C04659,Customer 04659,33,Male,Pune,Mass,2024-11-06,30-39
C04660,Customer 04660,31,Other,Hyderabad,Mass,2025-04-09,30-39
C04661,Customer 04661,36,Female,Delhi,Affluent,2023-01-07,30-39
C04662,Customer 04662,28,Male,Mumbai,Mass,2023-06-19,21-29
C04663,Customer 04663,60,Female,Mumbai,Affluent,2024-12-13,60+
C04664,Customer 04664,60,Male,Mumbai,Mass,2021-05-03,60+
C04665,Customer 04665,65,Female,Bengaluru,Mass,2024-08-10,60+
C04666,Customer 04666,22,Other,Delhi,Mass,2022-11-16,21-29
C04667,Customer 04667,50,Male,Bengaluru,Affluent,2021-05-23,50-59
C04668,Customer 04668,50,Male,Mumbai,Mass,2023-09-30,50-59
C04669,Customer 04669,32,Female,Kolkata,Mass,2023-07-27,30-39
C04670,Customer 04670,30,Female,Delhi,Mass,2022-05-26,30-39
C04671,Customer 04671,64,Male,Pune,Mass,2021-02-26,60+
C04672,Customer 04672,31,Female,Pune,Premium,2021-02-11,30-39
C04673,Customer 04673,35,Male,Chennai,Mass,2023-04-01,30-39
C04674,Customer 04674,36,Female,Bhubaneswar,Affluent,2024-02-19,30-39
C04675,Customer 04675,37,Male,Bengaluru,Affluent,2021-12-09,30-39
C04676,Customer 04676,46,Female,Kolkata,Mass,2021-11-28,40-49
C04677,Customer 04677,22,Male,Bhubaneswar,Mass,2025-01-19,21-29
C04678,Customer 04678,32,Male,Ahmedabad,Affluent,2024-12-31,30-39
C04679,Customer 04679,46,Female,Mumbai,Mass,2021-12-07,40-49
C04680,Customer 04680,43,Female,Delhi,Mass,2021-12-07,40-49
C04681,Customer 04681,38,Female,Mumbai,Affluent,2024-12-10,30-39
C04682,Customer 04682,52,Male,Chennai,Affluent,2023-04-29,50-59
C04683,Customer 04683,58,Male,Pune,Affluent,2021-07-01,50-59
C04684,Customer 04684,23,Male,Delhi,Affluent,2023-09-11,21-29
C04685,Customer 04685,58,Male,Hyderabad,Mass,2024-07-11,50-59
C04686,Customer 04686,23,Female,Pune,Mass,2024-05-18,21-29
C04687,Customer 04687,50,Female,Delhi,Mass,2022-06-07,50-59
C04688,Customer 04688,21,Female,Ahmedabad,Affluent,2021-07-01,21-29
C04689,Customer 04689,50,Female,Kolkata,Premium,2025-01-07,50-59
C04690,Customer 04690,65,Other,Bengaluru,Mass,2021-09-08,60+
C04691,Customer 04691,52,Male,Chennai,Mass,2021-05-18,50-59
C04692,Customer 04692,48,Female,Mumbai,Mass,2024-05-26,40-49
C04693,Customer 04693,41,Male,Chennai,Affluent,2023-01-21,40-49
C04694,Customer 04694,33,Male,Bhubaneswar,Mass,2022-03-30,30-39
C04695,Customer 04695,47,Female,Ahmedabad,Mass,2023-06-02,40-49
C04696,Customer 04696,56,Female,Delhi,Premium,2021-03-28,50-59
C04697,Customer 04697,27,Female,Mumbai,Affluent,2021-10-20,21-29
C04698,Customer 04698,42,Male,Mumbai,Mass,2021-04-02,40-49
C04699,Customer 04699,30,Male,Hyderabad,Premium,2021-07-27,30-39
C04700,Customer 04700,59,Male,Bengaluru,Mass,2024-05-12,50-59
C04701,Customer 04701,35,Female,Chennai,Mass,2021-07-05,30-39
C04702,Customer 04702,35,Female,Bengaluru,Mass,2024-01-14,30-39
C04703,Customer 04703,24,Male,Delhi,Affluent,2021-06-05,21-29
C04704,Customer 04704,52,Male,Mumbai,Affluent,2021-10-20,50-59
C04705,Customer 04705,43,Male,Bhubaneswar,Mass,2022-06-17,40-49
C04706,Customer 04706,26,Male,Pune,Premium,2021-06-10,21-29
C04707,Customer 04707,44,Female,Delhi,Mass,2024-11-10,40-49
C04708,Customer 04708,40,Male,Bengaluru,Affluent,2025-02-17,40-49
C04709,Customer 04709,57,Male,Hyderabad,Affluent,2025-03-07,50-59
C04710,Customer 04710,40,Female,Mumbai,Mass,2023-05-01,40-49
C04711,Customer 04711,32,Male,Hyderabad,Mass,2021-06-05,30-39
C04712,Customer 04712,53,Female,Ahmedabad,Affluent,2021-05-23,50-59
C04713,Customer 04713,48,Female,Chennai,Mass,2024-07-31,40-49
C04714,Customer 04714,28,Female,Chennai,Affluent,2022-07-16,21-29
C04715,Customer 04715,21,Female,Chennai,Mass,2021-02-04,21-29
C04716,Customer 04716,57,Female,Jaipur,Affluent,2021-08-12,50-59
C04717,Customer 04717,42,Female,Jaipur,Mass,2022-10-30,40-49
C04718,Customer 04718,26,Male,Hyderabad,Mass,2022-01-28,21-29
C04719,Customer 04719,41,Male,Delhi,Mass,2022-02-12,40-49
C04720,Customer 04720,52,Female,Hyderabad,Affluent,2024-11-12,50-59
C04721,Customer 04721,55,Female,Mumbai,Mass,2021-10-24,50-59
C04722,Customer 04722,35,Male,Chennai,Mass,2021-11-19,30-39
C04723,Customer 04723,25,Female,Hyderabad,Premium,2025-02-20,21-29
C04724,Customer 04724,26,Female,Bengaluru,Affluent,2025-05-13,21-29
C04725,Customer 04725,45,Male,Mumbai,Mass,2021-02-08,40-49
C04726,Customer 04726,60,Male,Hyderabad,Premium,2022-05-20,60+
C04727,Customer 04727,49,Male,Jaipur,Affluent,2025-03-07,40-49
C04728,Customer 04728,27,Male,Chennai,Mass,2023-01-23,21-29
C04729,Customer 04729,60,Female,Pune,Mass,2025-04-10,60+
C04730,Customer 04730,33,Male,Delhi,Affluent,2024-09-01,30-39
C04731,Customer 04731,58,Female,Chennai,Affluent,2025-02-28,50-59
C04732,Customer 04732,38,Female,Hyderabad,Mass,2024-02-15,30-39
C04733,Customer 04733,22,Female,Pune,Mass,2024-09-27,21-29
C04734,Customer 04734,28,Male,Bengaluru,Mass,2021-08-28,21-29
C04735,Customer 04735,31,Female,Hyderabad,Mass,2022-11-18,30-39
C04736,Customer 04736,53,Male,Mumbai,Mass,2025-01-08,50-59
C04737,Customer 04737,58,Male,Delhi,Mass,2023-01-10,50-59
C04738,Customer 04738,47,Female,Bhubaneswar,Affluent,2023-09-24,40-49
C04739,Customer 04739,40,Male,Mumbai,Affluent,2022-05-02,40-49
C04740,Customer 04740,32,Male,Delhi,Mass,2023-02-04,30-39
C04741,Customer 04741,63,Male,Hyderabad,Mass,2024-12-05,60+
C04742,Customer 04742,51,Female,Ahmedabad,Mass,2022-09-15,50-59
C04743,Customer 04743,47,Male,Delhi,Mass,2023-01-06,40-49
C04744,Customer 04744,52,Female,Kolkata,Premium,2021-10-25,50-59
C04745,Customer 04745,30,Male,Ahmedabad,Affluent,2023-12-12,30-39
C04746,Customer 04746,23,Male,Delhi,Mass,2023-01-03,21-29
C04747,Customer 04747,65,Female,Delhi,Mass,2023-09-28,60+
C04748,Customer 04748,47,Male,Delhi,Mass,2021-10-31,40-49
C04749,Customer 04749,55,Male,Ahmedabad,Mass,2024-08-04,50-59
C04750,Customer 04750,51,Male,Bengaluru,Mass,2022-10-26,50-59
C04751,Customer 04751,35,Female,Delhi,Affluent,2023-06-18,30-39
C04752,Customer 04752,36,Female,Pune,Affluent,2024-02-16,30-39
C04753,Customer 04753,33,Male,Chennai,Mass,2024-12-18,30-39
C04754,Customer 04754,55,Male,Hyderabad,Affluent,2023-03-02,50-59
C04755,Customer 04755,31,Male,Hyderabad,Affluent,2022-10-09,30-39
C04756,Customer 04756,41,Female,Mumbai,Affluent,2021-07-28,40-49
C04757,Customer 04757,31,Female,Hyderabad,Premium,2024-02-25,30-39
C04758,Customer 04758,50,Male,Hyderabad,Mass,2024-08-09,50-59
C04759,Customer 04759,55,Male,Jaipur,Mass,2022-06-03,50-59
C04760,Customer 04760,42,Female,Mumbai,Affluent,2024-05-30,40-49
C04761,Customer 04761,58,Male,Ahmedabad,Affluent,2021-03-18,50-59
C04762,Customer 04762,51,Male,Pune,Premium,2021-12-04,50-59
C04763,Customer 04763,34,Female,Bengaluru,Mass,2023-05-13,30-39
C04764,Customer 04764,44,Female,Pune,Affluent,2023-07-02,40-49
C04765,Customer 04765,52,Female,Bengaluru,Mass,2024-07-22,50-59
C04766,Customer 04766,56,Male,Bhubaneswar,Mass,2023-03-18,50-59
C04767,Customer 04767,52,Female,Ahmedabad,Mass,2024-02-15,50-59
C04768,Customer 04768,35,Female,Mumbai,Mass,2024-08-08,30-39
C04769,Customer 04769,63,Male,Mumbai,Mass,2024-07-18,60+
C04770,Customer 04770,55,Female,Delhi,Affluent,2025-01-10,50-59
C04771,Customer 04771,23,Female,Delhi,Mass,2024-03-26,21-29
C04772,Customer 04772,36,Female,Delhi,Mass,2022-07-26,30-39
C04773,Customer 04773,25,Male,Delhi,Mass,2024-04-22,21-29
C04774,Customer 04774,41,Male,Chennai,Mass,2022-02-28,40-49
C04775,Customer 04775,30,Female,Mumbai,Premium,2022-11-04,30-39
C04776,Customer 04776,39,Male,Ahmedabad,Mass,2025-06-13,30-39
C04777,Customer 04777,45,Male,Ahmedabad,Mass,2023-11-06,40-49
C04778,Customer 04778,24,Female,Hyderabad,Affluent,2023-07-15,21-29
C04779,Customer 04779,49,Female,Ahmedabad,Affluent,2021-04-08,40-49
C04780,Customer 04780,39,Female,Mumbai,Affluent,2025-06-28,30-39
C04781,Customer 04781,63,Female,Bengaluru,Affluent,2021-10-27,60+
C04782,Customer 04782,22,Male,Chennai,Premium,2023-01-17,21-29
C04783,Customer 04783,30,Male,Hyderabad,Mass,2024-12-16,30-39
C04784,Customer 04784,63,Female,Chennai,Premium,2024-08-23,60+
C04785,Customer 04785,45,Female,Jaipur,Affluent,2021-10-01,40-49
C04786,Customer 04786,40,Female,Bhubaneswar,Mass,2021-09-18,40-49
C04787,Customer 04787,39,Male,Chennai,Affluent,2024-06-16,30-39
C04788,Customer 04788,43,Female,Kolkata,Affluent,2023-07-25,40-49
C04789,Customer 04789,44,Male,Bengaluru,Mass,2021-11-28,40-49
C04790,Customer 04790,31,Female,Mumbai,Mass,2021-04-25,30-39
C04791,Customer 04791,54,Male,Kolkata,Premium,2021-09-25,50-59
C04792,Customer 04792,48,Male,Hyderabad,Mass,2021-01-12,40-49
C04793,Customer 04793,25,Female,Hyderabad,Mass,2021-03-14,21-29
C04794,Customer 04794,25,Male,Delhi,Affluent,2023-10-13,21-29
C04795,Customer 04795,41,Other,Chennai,Mass,2023-05-24,40-49
C04796,Customer 04796,32,Female,Mumbai,Mass,2022-02-10,30-39
C04797,Customer 04797,24,Male,Chennai,Affluent,2021-06-27,21-29
C04798,Customer 04798,62,Female,Mumbai,Affluent,2023-02-11,60+
C04799,Customer 04799,40,Male,Bengaluru,Mass,2023-08-04,40-49
C04800,Customer 04800,58,Female,Delhi,Premium,2024-07-06,50-59
C04801,Customer 04801,45,Male,Mumbai,Mass,2022-02-04,40-49
C04802,Customer 04802,34,Male,Jaipur,Mass,2021-09-27,30-39
C04803,Customer 04803,31,Male,Bengaluru,Mass,2022-05-01,30-39
C04804,Customer 04804,52,Male,Mumbai,Mass,2025-05-23,50-59
C04805,Customer 04805,31,Male,Chennai,Mass,2021-02-28,30-39
C04806,Customer 04806,38,Female,Hyderabad,Mass,2022-10-04,30-39
C04807,Customer 04807,47,Male,Bengaluru,Affluent,2023-06-06,40-49
C04808,Customer 04808,38,Male,Bengaluru,Mass,2021-09-23,30-39
C04809,Customer 04809,43,Male,Bhubaneswar,Affluent,2021-03-16,40-49
C04810,Customer 04810,31,Male,Pune,Mass,2024-01-19,30-39
C04811,Customer 04811,41,Male,Delhi,Premium,2022-05-20,40-49
C04812,Customer 04812,64,Male,Hyderabad,Mass,2021-12-23,60+
C04813,Customer 04813,25,Female,Mumbai,Mass,2021-06-03,21-29
C04814,Customer 04814,43,Female,Delhi,Mass,2024-05-26,40-49
C04815,Customer 04815,61,Female,Pune,Affluent,2022-05-01,60+
C04816,Customer 04816,45,Female,Jaipur,Affluent,2025-04-13,40-49
C04817,Customer 04817,61,Male,Mumbai,Mass,2024-02-28,60+
C04818,Customer 04818,30,Female,Ahmedabad,Mass,2021-03-07,30-39
C04819,Customer 04819,42,Female,Bengaluru,Mass,2024-03-13,40-49
C04820,Customer 04820,39,Other,Mumbai,Premium,2022-01-15,30-39
C04821,Customer 04821,21,Female,Bengaluru,Premium,2024-08-29,21-29
C04822,Customer 04822,27,Female,Bengaluru,Premium,2022-02-11,21-29
C04823,Customer 04823,24,Female,Jaipur,Affluent,2024-12-01,21-29
C04824,Customer 04824,21,Female,Hyderabad,Premium,2021-10-04,21-29
C04825,Customer 04825,35,Male,Bengaluru,Mass,2022-09-07,30-39
C04826,Customer 04826,60,Male,Bhubaneswar,Affluent,2024-12-03,60+
C04827,Customer 04827,32,Male,Ahmedabad,Affluent,2021-11-10,30-39
C04828,Customer 04828,42,Female,Kolkata,Premium,2022-07-03,40-49
C04829,Customer 04829,42,Male,Jaipur,Mass,2024-06-26,40-49
C04830,Customer 04830,37,Female,Mumbai,Mass,2022-04-06,30-39
C04831,Customer 04831,49,Female,Ahmedabad,Mass,2022-02-03,40-49
C04832,Customer 04832,34,Female,Pune,Affluent,2022-03-27,30-39
C04833,Customer 04833,40,Female,Ahmedabad,Mass,2022-04-16,40-49
C04834,Customer 04834,53,Female,Kolkata,Mass,2025-05-02,50-59
C04835,Customer 04835,63,Female,Delhi,Mass,2024-12-28,60+
C04836,Customer 04836,35,Other,Kolkata,Mass,2023-08-14,30-39
C04837,Customer 04837,32,Female,Mumbai,Mass,2025-01-09,30-39
C04838,Customer 04838,60,Female,Delhi,Mass,2022-12-08,60+
C04839,Customer 04839,40,Female,Bengaluru,Premium,2021-04-13,40-49
C04840,Customer 04840,50,Male,Jaipur,Affluent,2021-11-24,50-59
C04841,Customer 04841,58,Female,Mumbai,Mass,2022-08-24,50-59
C04842,Customer 04842,23,Male,Hyderabad,Affluent,2021-09-03,21-29
C04843,Customer 04843,48,Male,Delhi,Affluent,2023-12-18,40-49
C04844,Customer 04844,46,Female,Bhubaneswar,Mass,2021-04-15,40-49
C04845,Customer 04845,50,Female,Delhi,Mass,2022-11-23,50-59
C04846,Customer 04846,33,Female,Kolkata,Mass,2023-08-30,30-39
C04847,Customer 04847,33,Male,Ahmedabad,Mass,2023-12-29,30-39
C04848,Customer 04848,22,Female,Hyderabad,Affluent,2023-09-20,21-29
C04849,Customer 04849,57,Female,Delhi,Mass,2024-08-18,50-59
C04850,Customer 04850,58,Female,Kolkata,Mass,2021-06-02,50-59
C04851,Customer 04851,22,Male,Jaipur,Premium,2025-04-10,21-29
C04852,Customer 04852,56,Female,Kolkata,Mass,2023-11-25,50-59
C04853,Customer 04853,46,Female,Mumbai,Affluent,2023-08-15,40-49
C04854,Customer 04854,31,Male,Jaipur,Mass,2023-11-05,30-39
C04855,Customer 04855,28,Male,Delhi,Mass,2024-02-04,21-29
C04856,Customer 04856,64,Male,Chennai,Mass,2022-12-31,60+
C04857,Customer 04857,60,Female,Ahmedabad,Mass,2021-03-15,60+
C04858,Customer 04858,63,Male,Mumbai,Mass,2023-05-06,60+
C04859,Customer 04859,42,Male,Kolkata,Mass,2021-10-12,40-49
C04860,Customer 04860,40,Female,Chennai,Mass,2025-04-23,40-49
C04861,Customer 04861,28,Male,Jaipur,Affluent,2024-05-05,21-29
C04862,Customer 04862,49,Female,Mumbai,Mass,2021-10-07,40-49
C04863,Customer 04863,60,Male,Delhi,Affluent,2023-02-26,60+
C04864,Customer 04864,46,Female,Ahmedabad,Mass,2022-11-17,40-49
C04865,Customer 04865,50,Male,Bengaluru,Mass,2025-04-29,50-59
C04866,Customer 04866,37,Female,Bengaluru,Affluent,2023-08-27,30-39
C04867,Customer 04867,40,Male,Bhubaneswar,Mass,2024-03-22,40-49
C04868,Customer 04868,36,Female,Mumbai,Mass,2021-10-18,30-39
C04869,Customer 04869,63,Male,Bhubaneswar,Mass,2023-07-21,60+
C04870,Customer 04870,27,Male,Mumbai,Affluent,2024-03-11,21-29
C04871,Customer 04871,36,Female,Delhi,Mass,2023-02-07,30-39
C04872,Customer 04872,65,Male,Kolkata,Mass,2021-11-08,60+
C04873,Customer 04873,47,Other,Pune,Mass,2022-10-08,40-49
C04874,Customer 04874,43,Female,Chennai,Affluent,2023-11-22,40-49
C04875,Customer 04875,44,Female,Hyderabad,Mass,2021-01-26,40-49
C04876,Customer 04876,29,Male,Ahmedabad,Mass,2021-09-12,21-29
C04877,Customer 04877,55,Female,Mumbai,Mass,2023-12-16,50-59
C04878,Customer 04878,40,Female,Hyderabad,Mass,2021-10-20,40-49
C04879,Customer 04879,57,Female,Bengaluru,Mass,2022-09-29,50-59
C04880,Customer 04880,62,Female,Chennai,Affluent,2021-08-18,60+
C04881,Customer 04881,37,Female,Mumbai,Mass,2021-02-22,30-39
C04882,Customer 04882,51,Female,Delhi,Mass,2023-08-12,50-59
C04883,Customer 04883,28,Male,Hyderabad,Premium,2021-04-11,21-29
C04884,Customer 04884,35,Male,Bengaluru,Mass,2025-01-30,30-39
C04885,Customer 04885,51,Female,Bengaluru,Mass,2023-03-15,50-59
C04886,Customer 04886,50,Male,Pune,Mass,2023-05-19,50-59
C04887,Customer 04887,40,Male,Delhi,Mass,2021-09-24,40-49
C04888,Customer 04888,59,Male,Ahmedabad,Mass,2021-01-02,50-59
C04889,Customer 04889,32,Female,Pune,Mass,2021-01-22,30-39
C04890,Customer 04890,37,Female,Bengaluru,Premium,2022-08-01,30-39
C04891,Customer 04891,62,Male,Chennai,Affluent,2021-07-31,60+
C04892,Customer 04892,50,Male,Bengaluru,Affluent,2024-06-13,50-59
C04893,Customer 04893,49,Male,Kolkata,Mass,2022-06-13,40-49
C04894,Customer 04894,39,Male,Bhubaneswar,Mass,2022-01-23,30-39
C04895,Customer 04895,31,Female,Hyderabad,Mass,2021-01-14,30-39
C04896,Customer 04896,54,Male,Pune,Mass,2022-06-03,50-59
C04897,Customer 04897,27,Female,Mumbai,Affluent,2024-05-30,21-29
C04898,Customer 04898,64,Female,Hyderabad,Mass,2022-09-08,60+
C04899,Customer 04899,54,Male,Ahmedabad,Affluent,2023-08-20,50-59
C04900,Customer 04900,40,Female,Mumbai,Mass,2022-02-07,40-49
C04901,Customer 04901,58,Female,Mumbai,Mass,2025-03-17,50-59
C04902,Customer 04902,44,Male,Hyderabad,Affluent,2021-10-14,40-49
C04903,Customer 04903,30,Female,Pune,Mass,2022-01-19,30-39
C04904,Customer 04904,52,Other,Delhi,Affluent,2024-06-24,50-59
C04905,Customer 04905,35,Other,Jaipur,Premium,2024-01-20,30-39
C04906,Customer 04906,57,Male,Bengaluru,Mass,2023-04-06,50-59
C04907,Customer 04907,40,Female,Delhi,Mass,2021-11-08,40-49
C04908,Customer 04908,23,Female,Pune,Mass,2024-12-31,21-29
C04909,Customer 04909,57,Female,Mumbai,Affluent,2022-12-27,50-59
C04910,Customer 04910,60,Female,Pune,Mass,2021-02-12,60+
C04911,Customer 04911,28,Female,Mumbai,Affluent,2024-01-03,21-29
C04912,Customer 04912,60,Other,Bengaluru,Mass,2023-01-24,60+
C04913,Customer 04913,64,Female,Bengaluru,Affluent,2023-09-20,60+
C04914,Customer 04914,43,Male,Jaipur,Affluent,2025-05-04,40-49
C04915,Customer 04915,60,Female,Chennai,Mass,2023-05-26,60+
C04916,Customer 04916,31,Male,Kolkata,Mass,2024-09-01,30-39
C04917,Customer 04917,28,Male,Delhi,Mass,2023-01-04,21-29
C04918,Customer 04918,49,Female,Chennai,Mass,2021-05-24,40-49
C04919,Customer 04919,50,Female,Hyderabad,Mass,2024-09-14,50-59
C04920,Customer 04920,30,Male,Bhubaneswar,Mass,2021-07-28,30-39
C04921,Customer 04921,59,Male,Kolkata,Premium,2024-01-28,50-59
C04922,Customer 04922,48,Male,Kolkata,Premium,2022-12-01,40-49
C04923,Customer 04923,56,Female,Bengaluru,Affluent,2021-04-24,50-59
C04924,Customer 04924,33,Female,Chennai,Mass,2021-06-24,30-39
C04925,Customer 04925,52,Male,Hyderabad,Affluent,2021-09-28,50-59
C04926,Customer 04926,56,Male,Jaipur,Mass,2021-03-04,50-59
C04927,Customer 04927,57,Female,Mumbai,Mass,2023-10-05,50-59
C04928,Customer 04928,46,Male,Mumbai,Mass,2023-03-07,40-49
C04929,Customer 04929,42,Female,Delhi,Mass,2024-11-28,40-49
C04930,Customer 04930,24,Female,Mumbai,Mass,2021-08-13,21-29
C04931,Customer 04931,51,Female,Bengaluru,Mass,2021-06-10,50-59
C04932,Customer 04932,38,Female,Ahmedabad,Premium,2023-11-26,30-39
C04933,Customer 04933,58,Male,Chennai,Mass,2022-01-16,50-59
C04934,Customer 04934,44,Female,Ahmedabad,Premium,2021-11-14,40-49
C04935,Customer 04935,43,Female,Ahmedabad,Mass,2022-12-09,40-49
C04936,Customer 04936,42,Male,Mumbai,Mass,2022-04-01,40-49
C04937,Customer 04937,22,Male,Chennai,Mass,2024-07-16,21-29
C04938,Customer 04938,51,Male,Bengaluru,Affluent,2021-12-10,50-59
C04939,Customer 04939,31,Male,Jaipur,Mass,2023-11-30,30-39
C04940,Customer 04940,48,Female,Delhi,Mass,2022-02-18,40-49
C04941,Customer 04941,52,Male,Delhi,Mass,2024-11-04,50-59
C04942,Customer 04942,25,Male,Delhi,Mass,2024-05-30,21-29
C04943,Customer 04943,58,Male,Hyderabad,Affluent,2024-07-28,50-59
C04944,Customer 04944,30,Female,Mumbai,Mass,2021-08-13,30-39
C04945,Customer 04945,60,Female,Delhi,Mass,2025-01-20,60+
C04946,Customer 04946,44,Male,Kolkata,Affluent,2024-03-23,40-49
C04947,Customer 04947,55,Male,Ahmedabad,Mass,2021-10-07,50-59
C04948,Customer 04948,64,Male,Delhi,Affluent,2024-10-08,60+
C04949,Customer 04949,43,Male,Hyderabad,Affluent,2023-11-29,40-49
C04950,Customer 04950,37,Male,Ahmedabad,Premium,2022-12-30,30-39
C04951,Customer 04951,21,Male,Bengaluru,Mass,2022-09-13,21-29
C04952,Customer 04952,51,Male,Jaipur,Mass,2023-09-02,50-59
C04953,Customer 04953,51,Female,Mumbai,Mass,2022-07-27,50-59
C04954,Customer 04954,62,Male,Pune,Affluent,2022-05-04,60+
C04955,Customer 04955,62,Male,Chennai,Mass,2023-10-05,60+
C04956,Customer 04956,54,Female,Chennai,Mass,2023-07-26,50-59
C04957,Customer 04957,29,Female,Ahmedabad,Affluent,2024-05-06,21-29
C04958,Customer 04958,42,Female,Bengaluru,Mass,2024-07-23,40-49
C04959,Customer 04959,33,Male,Delhi,Affluent,2024-04-10,30-39
C04960,Customer 04960,45,Female,Hyderabad,Affluent,2023-02-23,40-49
C04961,Customer 04961,38,Male,Ahmedabad,Mass,2022-05-23,30-39
C04962,Customer 04962,32,Female,Mumbai,Mass,2022-02-09,30-39
C04963,Customer 04963,60,Female,Kolkata,Mass,2024-07-18,60+
C04964,Customer 04964,37,Male,Delhi,Premium,2025-04-27,30-39
C04965,Customer 04965,35,Female,Mumbai,Mass,2023-02-11,30-39
C04966,Customer 04966,62,Male,Kolkata,Mass,2022-10-26,60+
C04967,Customer 04967,35,Male,Bengaluru,Affluent,2021-05-11,30-39
C04968,Customer 04968,35,Male,Hyderabad,Premium,2024-11-09,30-39
C04969,Customer 04969,59,Female,Bengaluru,Affluent,2024-11-21,50-59
C04970,Customer 04970,33,Male,Delhi,Affluent,2025-05-09,30-39
C04971,Customer 04971,37,Male,Chennai,Mass,2024-08-12,30-39
C04972,Customer 04972,52,Male,Chennai,Mass,2024-11-07,50-59
C04973,Customer 04973,29,Male,Delhi,Mass,2025-03-16,21-29
C04974,Customer 04974,60,Male,Delhi,Affluent,2024-11-19,60+
C04975,Customer 04975,40,Male,Mumbai,Affluent,2025-04-27,40-49
C04976,Customer 04976,46,Male,Hyderabad,Affluent,2025-06-17,40-49
C04977,Customer 04977,47,Female,Bhubaneswar,Affluent,2024-07-07,40-49
C04978,Customer 04978,41,Female,Ahmedabad,Mass,2021-10-08,40-49
C04979,Customer 04979,38,Female,Bengaluru,Mass,2024-10-11,30-39
C04980,Customer 04980,33,Female,Bengaluru,Mass,2022-02-24,30-39
C04981,Customer 04981,36,Female,Jaipur,Mass,2024-04-30,30-39
C04982,Customer 04982,29,Female,Hyderabad,Affluent,2022-09-29,21-29
C04983,Customer 04983,32,Male,Hyderabad,Mass,2024-12-22,30-39
C04984,Customer 04984,64,Female,Kolkata,Affluent,2023-03-19,60+
C04985,Customer 04985,58,Male,Delhi,Affluent,2021-12-14,50-59
C04986,Customer 04986,39,Female,Hyderabad,Mass,2022-03-05,30-39
C04987,Customer 04987,27,Female,Bhubaneswar,Mass,2024-11-16,21-29
C04988,Customer 04988,55,Female,Pune,Mass,2024-09-26,50-59
C04989,Customer 04989,38,Female,Bengaluru,Mass,2022-07-01,30-39
C04990,Customer 04990,36,Male,Bengaluru,Affluent,2023-07-29,30-39
C04991,Customer 04991,59,Male,Mumbai,Mass,2022-02-06,50-59
C04992,Customer 04992,24,Female,Kolkata,Affluent,2023-12-07,21-29
C04993,Customer 04993,45,Female,Mumbai,Affluent,2022-10-27,40-49
C04994,Customer 04994,52,Male,Bengaluru,Mass,2023-01-20,50-59
C04995,Customer 04995,60,Male,Bhubaneswar,Affluent,2024-12-19,60+
C04996,Customer 04996,33,Male,Mumbai,Affluent,2025-03-21,30-39
C04997,Customer 04997,65,Male,Bengaluru,Affluent,2023-08-18,60+
C04998,Customer 04998,37,Male,Mumbai,Mass,2022-09-29,30-39
C04999,Customer 04999,57,Male,Mumbai,Mass,2023-05-29,50-59
C05000,Customer 05000,26,Female,Delhi,Mass,2024-09-13,21-29
