customer_product_id,customer_id,product_id
CP000001,C00001,P08
CP000002,C00001,P07
CP000003,C00002,P02
CP000004,C00003,P07
CP000005,C00003,P03
CP000006,C00004,P02
CP000007,C00005,P01
CP000008,C00006,P01
CP000009,C00006,P05
CP000010,C00007,P07
CP000011,C00007,P05
CP000012,C00007,P02
CP000013,C00008,P06
CP000014,C00008,P05
CP000015,C00009,P08
CP000016,C00009,P02
CP000017,C00010,P06
CP000018,C00011,P04
CP000019,C00011,P01
CP000020,C00012,P06
CP000021,C00013,P03
CP000022,C00013,P06
CP000023,C00014,P08
CP000024,C00015,P05
CP000025,C00015,P03
CP000026,C00016,P08
CP000027,C00017,P08
CP000028,C00017,P04
CP000029,C00018,P05
CP000030,C00018,P03
CP000031,C00018,P01
CP000032,C00019,P05
CP000033,C00019,P08
CP000034,C00019,P04
CP000035,C00020,P06
CP000036,C00021,P03
CP000037,C00021,P02
CP000038,C00022,P05
CP000039,C00023,P03
CP000040,C00023,P07
CP000041,C00024,P02
CP000042,C00025,P08
CP000043,C00025,P03
CP000044,C00026,P08
CP000045,C00027,P05
CP000046,C00028,P04
CP000047,C00028,P07
CP000048,C00029,P07
CP000049,C00029,P05
CP000050,C00030,P08
CP000051,C00031,P01
CP000052,C00031,P06
CP000053,C00032,P06
CP000054,C00032,P02
CP000055,C00033,P08
CP000056,C00033,P01
CP000057,C00034,P03
CP000058,C00035,P03
CP000059,C00036,P04
CP000060,C00037,P03
CP000061,C00038,P02
CP000062,C00038,P07
CP000063,C00039,P02
CP000064,C00039,P05
CP000065,C00039,P06
CP000066,C00040,P02
CP000067,C00041,P03
CP000068,C00041,P05
CP000069,C00042,P02
CP000070,C00042,P06
CP000071,C00042,P07
CP000072,C00043,P06
CP000073,C00044,P05
CP000074,C00045,P08
CP000075,C00045,P03
CP000076,C00046,P08
CP000077,C00047,P06
CP000078,C00048,P03
CP000079,C00048,P05
CP000080,C00049,P01
CP000081,C00049,P06
CP000082,C00050,P07
CP000083,C00051,P06
CP000084,C00051,P08
CP000085,C00052,P07
CP000086,C00052,P05
CP000087,C00053,P03
CP000088,C00054,P04
CP000089,C00055,P02
CP000090,C00056,P04
CP000091,C00056,P05
CP000092,C00057,P06
CP000093,C00057,P03
CP000094,C00058,P02
CP000095,C00058,P04
CP000096,C00059,P08
CP000097,C00059,P05
CP000098,C00060,P03
CP000099,C00060,P04
CP000100,C00061,P03
CP000101,C00062,P08
CP000102,C00063,P04
CP000103,C00064,P01
CP000104,C00064,P05
CP000105,C00064,P04
CP000106,C00065,P08
CP000107,C00066,P04
CP000108,C00066,P08
CP000109,C00067,P03
CP000110,C00067,P06
CP000111,C00068,P03
CP000112,C00069,P02
CP000113,C00070,P01
CP000114,C00070,P04
CP000115,C00070,P07
CP000116,C00071,P05
CP000117,C00071,P03
CP000118,C00072,P01
CP000119,C00073,P02
CP000120,C00073,P05
CP000121,C00074,P03
CP000122,C00075,P04
CP000123,C00076,P05
CP000124,C00077,P01
CP000125,C00078,P02
CP000126,C00078,P04
CP000127,C00079,P03
CP000128,C00079,P04
CP000129,C00080,P06
CP000130,C00080,P04
CP000131,C00081,P02
CP000132,C00081,P06
CP000133,C00082,P04
CP000134,C00083,P01
CP000135,C00083,P05
CP000136,C00084,P02
CP000137,C00084,P06
CP000138,C00084,P07
CP000139,C00085,P05
CP000140,C00085,P02
CP000141,C00086,P01
CP000142,C00086,P03
CP000143,C00087,P02
CP000144,C00087,P01
CP000145,C00087,P07
CP000146,C00088,P04
CP000147,C00089,P02
CP000148,C00089,P06
CP000149,C00090,P05
CP000150,C00091,P07
CP000151,C00092,P01
CP000152,C00092,P04
CP000153,C00092,P07
CP000154,C00093,P07
CP000155,C00094,P06
CP000156,C00094,P01
CP000157,C00094,P05
CP000158,C00095,P04
CP000159,C00096,P01
CP000160,C00097,P05
CP000161,C00097,P03
CP000162,C00097,P01
CP000163,C00098,P05
CP000164,C00098,P03
CP000165,C00099,P08
CP000166,C00100,P06
CP000167,C00101,P03
CP000168,C00101,P01
CP000169,C00102,P01
CP000170,C00103,P02
CP000171,C00104,P08
CP000172,C00105,P01
CP000173,C00105,P02
CP000174,C00106,P05
CP000175,C00107,P01
CP000176,C00107,P08
CP000177,C00107,P03
CP000178,C00108,P06
CP000179,C00108,P04
CP000180,C00109,P01
CP000181,C00109,P02
CP000182,C00109,P04
CP000183,C00110,P06
CP000184,C00110,P02
CP000185,C00111,P02
CP000186,C00112,P02
CP000187,C00113,P07
CP000188,C00113,P08
CP000189,C00113,P04
CP000190,C00114,P06
CP000191,C00114,P01
CP000192,C00115,P03
CP000193,C00116,P07
CP000194,C00117,P08
CP000195,C00118,P01
CP000196,C00119,P06
CP000197,C00120,P02
CP000198,C00120,P08
CP000199,C00120,P03
CP000200,C00121,P01
CP000201,C00121,P03
CP000202,C00122,P03
CP000203,C00123,P02
CP000204,C00123,P08
CP000205,C00124,P08
CP000206,C00125,P07
CP000207,C00125,P01
CP000208,C00126,P07
CP000209,C00126,P05
CP000210,C00126,P08
CP000211,C00127,P06
CP000212,C00128,P08
CP000213,C00128,P07
CP000214,C00129,P03
CP000215,C00129,P04
CP000216,C00129,P06
CP000217,C00130,P04
CP000218,C00131,P01
CP000219,C00132,P03
CP000220,C00132,P04
CP000221,C00133,P07
CP000222,C00134,P08
CP000223,C00134,P02
CP000224,C00135,P01
CP000225,C00135,P05
CP000226,C00136,P07
CP000227,C00137,P05
CP000228,C00137,P06
CP000229,C00138,P01
CP000230,C00139,P04
CP000231,C00139,P03
CP000232,C00140,P06
CP000233,C00141,P01
CP000234,C00141,P07
CP000235,C00142,P07
CP000236,C00143,P06
CP000237,C00143,P02
CP000238,C00144,P04
CP000239,C00144,P03
CP000240,C00145,P02
CP000241,C00146,P04
CP000242,C00147,P07
CP000243,C00148,P01
CP000244,C00148,P07
CP000245,C00148,P06
CP000246,C00149,P08
CP000247,C00150,P01
CP000248,C00151,P07
CP000249,C00151,P03
CP000250,C00152,P06
CP000251,C00153,P05
CP000252,C00153,P06
CP000253,C00154,P01
CP000254,C00155,P07
CP000255,C00155,P03
CP000256,C00156,P02
CP000257,C00157,P03
CP000258,C00157,P06
CP000259,C00158,P04
CP000260,C00159,P02
CP000261,C00159,P07
CP000262,C00159,P01
CP000263,C00160,P08
CP000264,C00161,P02
CP000265,C00162,P04
CP000266,C00163,P08
CP000267,C00164,P04
CP000268,C00164,P03
CP000269,C00165,P08
CP000270,C00165,P03
CP000271,C00166,P03
CP000272,C00166,P06
CP000273,C00167,P08
CP000274,C00168,P02
CP000275,C00169,P02
CP000276,C00170,P06
CP000277,C00171,P01
CP000278,C00171,P07
CP000279,C00171,P08
CP000280,C00172,P06
CP000281,C00173,P05
CP000282,C00173,P03
CP000283,C00174,P03
CP000284,C00175,P07
CP000285,C00176,P05
CP000286,C00177,P01
CP000287,C00178,P07
CP000288,C00179,P01
CP000289,C00179,P05
CP000290,C00180,P08
CP000291,C00181,P02
CP000292,C00182,P05
CP000293,C00182,P07
CP000294,C00183,P02
CP000295,C00183,P07
CP000296,C00184,P06
CP000297,C00184,P05
CP000298,C00185,P05
CP000299,C00185,P07
CP000300,C00186,P04
CP000301,C00187,P01
CP000302,C00187,P02
CP000303,C00188,P01
CP000304,C00188,P02
CP000305,C00189,P01
CP000306,C00190,P08
CP000307,C00191,P03
CP000308,C00191,P04
CP000309,C00192,P06
CP000310,C00192,P02
CP000311,C00193,P05
CP000312,C00193,P03
CP000313,C00194,P05
CP000314,C00195,P04
CP000315,C00195,P02
CP000316,C00195,P05
CP000317,C00196,P04
CP000318,C00196,P01
CP000319,C00197,P03
CP000320,C00197,P01
CP000321,C00198,P01
CP000322,C00199,P06
CP000323,C00199,P05
CP000324,C00200,P01
CP000325,C00200,P08
CP000326,C00200,P02
CP000327,C00201,P07
CP000328,C00201,P06
CP000329,C00202,P04
CP000330,C00203,P08
CP000331,C00204,P03
CP000332,C00205,P08
CP000333,C00205,P02
CP000334,C00206,P05
CP000335,C00207,P04
CP000336,C00207,P03
CP000337,C00208,P07
CP000338,C00208,P02
CP000339,C00209,P01
CP000340,C00210,P07
CP000341,C00210,P02
CP000342,C00211,P06
CP000343,C00212,P01
CP000344,C00212,P08
CP000345,C00213,P03
CP000346,C00213,P02
CP000347,C00213,P01
CP000348,C00214,P04
CP000349,C00214,P08
CP000350,C00215,P07
CP000351,C00216,P04
CP000352,C00216,P05
CP000353,C00217,P05
CP000354,C00217,P07
CP000355,C00218,P04
CP000356,C00218,P03
CP000357,C00218,P02
CP000358,C00219,P05
CP000359,C00219,P02
CP000360,C00220,P02
CP000361,C00220,P01
CP000362,C00220,P07
CP000363,C00221,P08
CP000364,C00221,P02
CP000365,C00222,P03
CP000366,C00222,P05
CP000367,C00222,P01
CP000368,C00223,P04
CP000369,C00224,P07
CP000370,C00225,P01
CP000371,C00226,P04
CP000372,C00227,P03
CP000373,C00227,P05
CP000374,C00228,P01
CP000375,C00228,P02
CP000376,C00229,P08
CP000377,C00230,P03
CP000378,C00231,P05
CP000379,C00231,P03
CP000380,C00231,P01
CP000381,C00232,P08
CP000382,C00233,P07
CP000383,C00234,P01
CP000384,C00235,P01
CP000385,C00235,P08
CP000386,C00236,P01
CP000387,C00236,P05
CP000388,C00237,P03
CP000389,C00237,P02
CP000390,C00237,P08
CP000391,C00238,P04
CP000392,C00239,P02
CP000393,C00240,P03
CP000394,C00240,P04
CP000395,C00240,P02
CP000396,C00241,P01
CP000397,C00242,P04
CP000398,C00243,P02
CP000399,C00243,P05
CP000400,C00243,P01
CP000401,C00244,P05
CP000402,C00244,P08
CP000403,C00245,P04
CP000404,C00246,P08
CP000405,C00246,P06
CP000406,C00247,P02
CP000407,C00247,P06
CP000408,C00248,P02
CP000409,C00248,P05
CP000410,C00248,P08
CP000411,C00249,P06
CP000412,C00249,P08
CP000413,C00250,P07
CP000414,C00250,P08
CP000415,C00251,P04
CP000416,C00251,P06
CP000417,C00252,P04
CP000418,C00252,P06
CP000419,C00252,P07
CP000420,C00253,P05
CP000421,C00254,P08
CP000422,C00254,P02
CP000423,C00255,P07
CP000424,C00256,P03
CP000425,C00256,P06
CP000426,C00257,P05
CP000427,C00257,P01
CP000428,C00258,P02
CP000429,C00258,P04
CP000430,C00259,P03
CP000431,C00260,P07
CP000432,C00260,P01
CP000433,C00260,P05
CP000434,C00261,P01
CP000435,C00261,P04
CP000436,C00262,P02
CP000437,C00263,P03
CP000438,C00263,P05
CP000439,C00264,P04
CP000440,C00264,P08
CP000441,C00264,P07
CP000442,C00265,P08
CP000443,C00265,P05
CP000444,C00266,P04
CP000445,C00266,P07
CP000446,C00267,P08
CP000447,C00268,P04
CP000448,C00268,P07
CP000449,C00269,P05
CP000450,C00269,P04
CP000451,C00269,P02
CP000452,C00270,P01
CP000453,C00271,P07
CP000454,C00272,P06
CP000455,C00272,P07
CP000456,C00272,P08
CP000457,C00273,P04
CP000458,C00273,P06
CP000459,C00274,P06
CP000460,C00275,P03
CP000461,C00275,P02
CP000462,C00276,P07
CP000463,C00277,P08
CP000464,C00278,P08
CP000465,C00279,P07
CP000466,C00280,P02
CP000467,C00280,P06
CP000468,C00281,P02
CP000469,C00281,P01
CP000470,C00282,P07
CP000471,C00283,P02
CP000472,C00283,P01
CP000473,C00284,P07
CP000474,C00284,P05
CP000475,C00285,P02
CP000476,C00286,P02
CP000477,C00286,P08
CP000478,C00287,P06
CP000479,C00288,P01
CP000480,C00288,P08
CP000481,C00289,P02
CP000482,C00290,P07
CP000483,C00291,P05
CP000484,C00292,P08
CP000485,C00293,P04
CP000486,C00293,P01
CP000487,C00294,P08
CP000488,C00294,P01
CP000489,C00295,P07
CP000490,C00296,P05
CP000491,C00296,P08
CP000492,C00297,P04
CP000493,C00298,P01
CP000494,C00298,P03
CP000495,C00299,P02
CP000496,C00299,P05
CP000497,C00300,P06
CP000498,C00301,P03
CP000499,C00302,P01
CP000500,C00303,P01
CP000501,C00304,P02
CP000502,C00304,P03
CP000503,C00304,P05
CP000504,C00305,P07
CP000505,C00306,P01
CP000506,C00306,P02
CP000507,C00307,P05
CP000508,C00307,P03
CP000509,C00307,P08
CP000510,C00308,P08
CP000511,C00308,P07
CP000512,C00309,P05
CP000513,C00310,P05
CP000514,C00310,P03
CP000515,C00311,P05
CP000516,C00311,P02
CP000517,C00312,P04
CP000518,C00313,P06
CP000519,C00313,P04
CP000520,C00313,P07
CP000521,C00314,P02
CP000522,C00315,P02
CP000523,C00315,P06
CP000524,C00315,P01
CP000525,C00316,P06
CP000526,C00317,P04
CP000527,C00318,P04
CP000528,C00319,P02
CP000529,C00319,P01
CP000530,C00319,P04
CP000531,C00320,P06
CP000532,C00321,P01
CP000533,C00321,P07
CP000534,C00322,P02
CP000535,C00322,P07
CP000536,C00323,P04
CP000537,C00323,P06
CP000538,C00323,P08
CP000539,C00324,P07
CP000540,C00325,P08
CP000541,C00326,P06
CP000542,C00326,P02
CP000543,C00327,P07
CP000544,C00328,P03
CP000545,C00329,P07
CP000546,C00329,P01
CP000547,C00330,P08
CP000548,C00331,P03
CP000549,C00331,P08
CP000550,C00332,P08
CP000551,C00332,P03
CP000552,C00333,P04
CP000553,C00333,P01
CP000554,C00333,P08
CP000555,C00334,P08
CP000556,C00335,P06
CP000557,C00335,P08
CP000558,C00336,P02
CP000559,C00336,P06
CP000560,C00337,P02
CP000561,C00337,P05
CP000562,C00337,P04
CP000563,C00338,P04
CP000564,C00338,P08
CP000565,C00339,P01
CP000566,C00339,P03
CP000567,C00340,P07
CP000568,C00340,P03
CP000569,C00341,P06
CP000570,C00342,P04
CP000571,C00342,P07
CP000572,C00343,P07
CP000573,C00343,P06
CP000574,C00344,P04
CP000575,C00345,P06
CP000576,C00345,P08
CP000577,C00346,P03
CP000578,C00347,P06
CP000579,C00347,P08
CP000580,C00348,P02
CP000581,C00348,P01
CP000582,C00349,P04
CP000583,C00349,P03
CP000584,C00350,P06
CP000585,C00351,P02
CP000586,C00352,P03
CP000587,C00353,P07
CP000588,C00354,P01
CP000589,C00354,P07
CP000590,C00354,P08
CP000591,C00355,P07
CP000592,C00355,P06
CP000593,C00356,P08
CP000594,C00356,P06
CP000595,C00357,P04
CP000596,C00358,P02
CP000597,C00358,P01
CP000598,C00359,P06
CP000599,C00360,P02
CP000600,C00360,P05
CP000601,C00361,P02
CP000602,C00362,P07
CP000603,C00363,P01
CP000604,C00363,P04
CP000605,C00363,P03
CP000606,C00364,P01
CP000607,C00365,P06
CP000608,C00365,P01
CP000609,C00366,P01
CP000610,C00366,P08
CP000611,C00367,P02
CP000612,C00368,P04
CP000613,C00368,P08
CP000614,C00368,P05
CP000615,C00369,P01
CP000616,C00370,P04
CP000617,C00370,P05
CP000618,C00371,P06
CP000619,C00371,P01
CP000620,C00371,P04
CP000621,C00372,P08
CP000622,C00372,P04
CP000623,C00373,P04
CP000624,C00373,P03
CP000625,C00374,P02
CP000626,C00375,P08
CP000627,C00375,P03
CP000628,C00376,P05
CP000629,C00377,P01
CP000630,C00378,P07
CP000631,C00378,P01
CP000632,C00379,P02
CP000633,C00379,P01
CP000634,C00380,P05
CP000635,C00380,P07
CP000636,C00381,P08
CP000637,C00381,P01
CP000638,C00382,P04
CP000639,C00382,P07
CP000640,C00383,P03
CP000641,C00383,P07
CP000642,C00383,P04
CP000643,C00384,P05
CP000644,C00385,P01
CP000645,C00386,P01
CP000646,C00387,P08
CP000647,C00387,P03
CP000648,C00387,P07
CP000649,C00388,P03
CP000650,C00388,P02
CP000651,C00389,P08
CP000652,C00389,P02
CP000653,C00390,P06
CP000654,C00390,P08
CP000655,C00391,P02
CP000656,C00391,P06
CP000657,C00392,P07
CP000658,C00392,P02
CP000659,C00393,P08
CP000660,C00394,P06
CP000661,C00394,P02
CP000662,C00395,P04
CP000663,C00396,P03
CP000664,C00397,P07
CP000665,C00398,P02
CP000666,C00398,P06
CP000667,C00398,P03
CP000668,C00399,P03
CP000669,C00400,P02
CP000670,C00401,P01
CP000671,C00402,P07
CP000672,C00403,P08
CP000673,C00404,P05
CP000674,C00405,P04
CP000675,C00405,P06
CP000676,C00406,P05
CP000677,C00406,P02
CP000678,C00407,P03
CP000679,C00407,P06
CP000680,C00408,P06
CP000681,C00409,P08
CP000682,C00410,P03
CP000683,C00411,P03
CP000684,C00412,P04
CP000685,C00413,P01
CP000686,C00413,P02
CP000687,C00414,P03
CP000688,C00414,P04
CP000689,C00414,P07
CP000690,C00415,P02
CP000691,C00415,P01
CP000692,C00416,P03
CP000693,C00416,P01
CP000694,C00417,P04
CP000695,C00417,P05
CP000696,C00417,P08
CP000697,C00418,P03
CP000698,C00419,P07
CP000699,C00420,P05
CP000700,C00420,P01
CP000701,C00420,P08
CP000702,C00421,P01
CP000703,C00422,P05
CP000704,C00422,P02
CP000705,C00422,P04
CP000706,C00423,P06
CP000707,C00424,P02
CP000708,C00425,P05
CP000709,C00425,P04
CP000710,C00426,P05
CP000711,C00427,P04
CP000712,C00428,P08
CP000713,C00428,P02
CP000714,C00428,P05
CP000715,C00429,P06
CP000716,C00429,P02
CP000717,C00430,P03
CP000718,C00430,P06
CP000719,C00431,P08
CP000720,C00431,P01
CP000721,C00432,P02
CP000722,C00432,P05
CP000723,C00433,P05
CP000724,C00434,P03
CP000725,C00434,P05
CP000726,C00435,P03
CP000727,C00435,P01
CP000728,C00435,P02
CP000729,C00436,P01
CP000730,C00437,P07
CP000731,C00437,P01
CP000732,C00438,P06
CP000733,C00438,P04
CP000734,C00439,P03
CP000735,C00440,P07
CP000736,C00441,P06
CP000737,C00441,P05
CP000738,C00442,P02
CP000739,C00442,P05
CP000740,C00443,P08
CP000741,C00443,P02
CP000742,C00444,P06
CP000743,C00445,P08
CP000744,C00446,P06
CP000745,C00446,P03
CP000746,C00447,P02
CP000747,C00447,P04
CP000748,C00448,P06
CP000749,C00448,P01
CP000750,C00449,P02
CP000751,C00449,P01
CP000752,C00450,P02
CP000753,C00450,P01
CP000754,C00451,P08
CP000755,C00451,P02
CP000756,C00452,P05
CP000757,C00452,P02
CP000758,C00453,P08
CP000759,C00454,P08
CP000760,C00455,P02
CP000761,C00456,P05
CP000762,C00456,P01
CP000763,C00457,P02
CP000764,C00457,P01
CP000765,C00458,P08
CP000766,C00458,P04
CP000767,C00458,P01
CP000768,C00459,P03
CP000769,C00459,P05
CP000770,C00460,P08
CP000771,C00460,P01
CP000772,C00461,P02
CP000773,C00461,P05
CP000774,C00462,P04
CP000775,C00463,P08
CP000776,C00463,P02
CP000777,C00463,P07
CP000778,C00464,P05
CP000779,C00465,P06
CP000780,C00466,P06
CP000781,C00467,P03
CP000782,C00468,P07
CP000783,C00468,P03
CP000784,C00468,P08
CP000785,C00469,P03
CP000786,C00469,P02
CP000787,C00470,P02
CP000788,C00470,P03
CP000789,C00471,P03
CP000790,C00471,P08
CP000791,C00472,P06
CP000792,C00473,P01
CP000793,C00474,P07
CP000794,C00475,P04
CP000795,C00476,P03
CP000796,C00477,P04
CP000797,C00477,P03
CP000798,C00478,P05
CP000799,C00479,P06
CP000800,C00479,P01
CP000801,C00480,P01
CP000802,C00481,P06
CP000803,C00481,P07
CP000804,C00482,P07
CP000805,C00483,P04
CP000806,C00483,P06
CP000807,C00484,P05
CP000808,C00484,P07
CP000809,C00485,P07
CP000810,C00486,P08
CP000811,C00487,P07
CP000812,C00488,P04
CP000813,C00488,P06
CP000814,C00488,P08
CP000815,C00489,P02
CP000816,C00490,P08
CP000817,C00491,P02
CP000818,C00492,P03
CP000819,C00493,P04
CP000820,C00494,P02
CP000821,C00494,P04
CP000822,C00495,P06
CP000823,C00495,P03
CP000824,C00496,P08
CP000825,C00496,P01
CP000826,C00497,P01
CP000827,C00498,P04
CP000828,C00498,P06
CP000829,C00499,P01
CP000830,C00499,P05
CP000831,C00500,P03
CP000832,C00501,P08
CP000833,C00501,P07
CP000834,C00502,P04
CP000835,C00502,P06
CP000836,C00503,P08
CP000837,C00504,P01
CP000838,C00504,P04
CP000839,C00505,P01
CP000840,C00505,P05
CP000841,C00505,P08
CP000842,C00506,P06
CP000843,C00507,P08
CP000844,C00507,P07
CP000845,C00507,P01
CP000846,C00508,P08
CP000847,C00508,P07
CP000848,C00509,P03
CP000849,C00510,P01
CP000850,C00510,P07
CP000851,C00511,P04
CP000852,C00511,P08
CP000853,C00512,P04
CP000854,C00512,P02
CP000855,C00513,P04
CP000856,C00514,P01
CP000857,C00514,P06
CP000858,C00514,P05
CP000859,C00515,P02
CP000860,C00515,P06
CP000861,C00516,P08
CP000862,C00516,P05
CP000863,C00517,P02
CP000864,C00518,P07
CP000865,C00519,P06
CP000866,C00520,P01
CP000867,C00521,P04
CP000868,C00522,P05
CP000869,C00523,P05
CP000870,C00523,P02
CP000871,C00524,P06
CP000872,C00524,P07
CP000873,C00525,P04
CP000874,C00525,P06
CP000875,C00526,P02
CP000876,C00526,P08
CP000877,C00527,P07
CP000878,C00527,P05
CP000879,C00528,P05
CP000880,C00529,P08
CP000881,C00529,P04
CP000882,C00530,P08
CP000883,C00530,P06
CP000884,C00530,P02
CP000885,C00531,P07
CP000886,C00531,P03
CP000887,C00532,P02
CP000888,C00533,P05
CP000889,C00534,P07
CP000890,C00535,P02
CP000891,C00535,P04
CP000892,C00536,P02
CP000893,C00537,P04
CP000894,C00538,P05
CP000895,C00539,P01
CP000896,C00539,P04
CP000897,C00540,P08
CP000898,C00540,P04
CP000899,C00541,P01
CP000900,C00542,P04
CP000901,C00543,P07
CP000902,C00543,P08
CP000903,C00544,P06
CP000904,C00545,P07
CP000905,C00545,P03
CP000906,C00546,P06
CP000907,C00546,P04
CP000908,C00547,P03
CP000909,C00547,P08
CP000910,C00547,P04
CP000911,C00548,P01
CP000912,C00548,P05
CP000913,C00549,P08
CP000914,C00550,P08
CP000915,C00550,P03
CP000916,C00551,P04
CP000917,C00551,P02
CP000918,C00551,P08
CP000919,C00552,P03
CP000920,C00552,P05
CP000921,C00552,P02
CP000922,C00553,P08
CP000923,C00554,P07
CP000924,C00555,P06
CP000925,C00555,P07
CP000926,C00556,P03
CP000927,C00557,P02
CP000928,C00557,P01
CP000929,C00558,P06
CP000930,C00559,P03
CP000931,C00560,P02
CP000932,C00561,P03
CP000933,C00562,P08
CP000934,C00562,P05
CP000935,C00562,P02
CP000936,C00563,P08
CP000937,C00563,P07
CP000938,C00564,P02
CP000939,C00564,P01
CP000940,C00565,P08
CP000941,C00566,P01
CP000942,C00566,P07
CP000943,C00567,P05
CP000944,C00567,P07
CP000945,C00568,P02
CP000946,C00568,P04
CP000947,C00568,P08
CP000948,C00569,P06
CP000949,C00569,P05
CP000950,C00570,P02
CP000951,C00571,P03
CP000952,C00571,P06
CP000953,C00571,P01
CP000954,C00572,P03
CP000955,C00573,P05
CP000956,C00574,P04
CP000957,C00574,P08
CP000958,C00574,P01
CP000959,C00575,P04
CP000960,C00576,P08
CP000961,C00577,P03
CP000962,C00578,P06
CP000963,C00578,P08
CP000964,C00579,P03
CP000965,C00580,P03
CP000966,C00580,P04
CP000967,C00581,P07
CP000968,C00582,P03
CP000969,C00582,P01
CP000970,C00583,P02
CP000971,C00583,P08
CP000972,C00584,P07
CP000973,C00584,P03
CP000974,C00585,P03
CP000975,C00586,P08
CP000976,C00586,P04
CP000977,C00587,P08
CP000978,C00588,P02
CP000979,C00589,P02
CP000980,C00590,P01
CP000981,C00591,P04
CP000982,C00591,P03
CP000983,C00592,P02
CP000984,C00592,P08
CP000985,C00593,P07
CP000986,C00593,P01
CP000987,C00594,P03
CP000988,C00595,P02
CP000989,C00596,P06
CP000990,C00597,P04
CP000991,C00597,P01
CP000992,C00598,P03
CP000993,C00598,P07
CP000994,C00599,P08
CP000995,C00599,P06
CP000996,C00600,P04
CP000997,C00601,P03
CP000998,C00602,P06
CP000999,C00603,P02
CP001000,C00604,P08
CP001001,C00605,P04
CP001002,C00606,P03
CP001003,C00606,P07
CP001004,C00607,P01
CP001005,C00607,P04
CP001006,C00608,P07
CP001007,C00608,P04
CP001008,C00609,P03
CP001009,C00610,P01
CP001010,C00611,P04
CP001011,C00612,P01
CP001012,C00612,P05
CP001013,C00612,P08
CP001014,C00613,P01
CP001015,C00614,P05
CP001016,C00614,P06
CP001017,C00615,P03
CP001018,C00615,P08
CP001019,C00616,P01
CP001020,C00616,P03
CP001021,C00617,P04
CP001022,C00618,P01
CP001023,C00618,P07
CP001024,C00619,P01
CP001025,C00619,P05
CP001026,C00620,P01
CP001027,C00620,P06
CP001028,C00620,P03
CP001029,C00621,P07
CP001030,C00621,P04
CP001031,C00622,P05
CP001032,C00622,P08
CP001033,C00623,P02
CP001034,C00623,P08
CP001035,C00624,P07
CP001036,C00625,P08
CP001037,C00625,P04
CP001038,C00625,P02
CP001039,C00626,P03
CP001040,C00626,P02
CP001041,C00627,P06
CP001042,C00627,P05
CP001043,C00628,P05
CP001044,C00628,P08
CP001045,C00629,P05
CP001046,C00629,P02
CP001047,C00630,P05
CP001048,C00631,P07
CP001049,C00631,P04
CP001050,C00632,P04
CP001051,C00632,P08
CP001052,C00633,P06
CP001053,C00633,P03
CP001054,C00633,P08
CP001055,C00634,P03
CP001056,C00634,P01
CP001057,C00635,P03
CP001058,C00635,P04
CP001059,C00635,P08
CP001060,C00636,P05
CP001061,C00637,P05
CP001062,C00638,P08
CP001063,C00638,P02
CP001064,C00639,P02
CP001065,C00639,P05
CP001066,C00639,P08
CP001067,C00640,P03
CP001068,C00640,P01
CP001069,C00641,P06
CP001070,C00641,P05
CP001071,C00642,P02
CP001072,C00643,P04
CP001073,C00643,P02
CP001074,C00644,P08
CP001075,C00644,P05
CP001076,C00645,P02
CP001077,C00645,P05
CP001078,C00645,P08
CP001079,C00646,P06
CP001080,C00646,P05
CP001081,C00647,P07
CP001082,C00647,P03
CP001083,C00648,P04
CP001084,C00648,P08
CP001085,C00649,P06
CP001086,C00649,P03
CP001087,C00650,P02
CP001088,C00650,P01
CP001089,C00651,P07
CP001090,C00652,P01
CP001091,C00653,P05
CP001092,C00654,P07
CP001093,C00655,P06
CP001094,C00655,P07
CP001095,C00656,P07
CP001096,C00656,P02
CP001097,C00657,P07
CP001098,C00657,P05
CP001099,C00658,P01
CP001100,C00658,P06
CP001101,C00658,P03
CP001102,C00659,P08
CP001103,C00660,P05
CP001104,C00660,P03
CP001105,C00660,P07
CP001106,C00661,P05
CP001107,C00661,P06
CP001108,C00661,P03
CP001109,C00662,P02
CP001110,C00663,P07
CP001111,C00663,P08
CP001112,C00663,P02
CP001113,C00664,P06
CP001114,C00664,P01
CP001115,C00664,P03
CP001116,C00665,P03
CP001117,C00665,P05
CP001118,C00665,P02
CP001119,C00666,P02
CP001120,C00667,P08
CP001121,C00667,P05
CP001122,C00668,P01
CP001123,C00668,P05
CP001124,C00669,P02
CP001125,C00670,P03
CP001126,C00670,P05
CP001127,C00670,P06
CP001128,C00671,P06
CP001129,C00671,P02
CP001130,C00672,P08
CP001131,C00673,P01
CP001132,C00674,P07
CP001133,C00675,P07
CP001134,C00675,P08
CP001135,C00676,P03
CP001136,C00677,P06
CP001137,C00678,P07
CP001138,C00679,P01
CP001139,C00680,P01
CP001140,C00680,P05
CP001141,C00681,P05
CP001142,C00681,P01
CP001143,C00682,P05
CP001144,C00683,P06
CP001145,C00683,P07
CP001146,C00684,P07
CP001147,C00684,P04
CP001148,C00685,P07
CP001149,C00686,P03
CP001150,C00687,P05
CP001151,C00687,P06
CP001152,C00688,P07
CP001153,C00689,P01
CP001154,C00689,P06
CP001155,C00690,P08
CP001156,C00691,P01
CP001157,C00691,P05
CP001158,C00692,P03
CP001159,C00692,P05
CP001160,C00693,P08
CP001161,C00694,P04
CP001162,C00694,P02
CP001163,C00695,P03
CP001164,C00696,P03
CP001165,C00697,P01
CP001166,C00698,P07
CP001167,C00699,P03
CP001168,C00700,P04
CP001169,C00701,P06
CP001170,C00701,P05
CP001171,C00702,P01
CP001172,C00702,P04
CP001173,C00703,P04
CP001174,C00704,P07
CP001175,C00704,P03
CP001176,C00705,P01
CP001177,C00705,P06
CP001178,C00706,P07
CP001179,C00706,P02
CP001180,C00706,P05
CP001181,C00707,P02
CP001182,C00707,P06
CP001183,C00708,P08
CP001184,C00709,P03
CP001185,C00709,P04
CP001186,C00710,P02
CP001187,C00711,P04
CP001188,C00711,P07
CP001189,C00711,P08
CP001190,C00712,P08
CP001191,C00713,P01
CP001192,C00714,P01
CP001193,C00714,P07
CP001194,C00714,P03
CP001195,C00715,P02
CP001196,C00716,P05
CP001197,C00716,P04
CP001198,C00717,P01
CP001199,C00717,P08
CP001200,C00718,P06
CP001201,C00719,P01
CP001202,C00720,P08
CP001203,C00720,P06
CP001204,C00721,P07
CP001205,C00722,P01
CP001206,C00722,P03
CP001207,C00723,P02
CP001208,C00724,P06
CP001209,C00725,P03
CP001210,C00726,P02
CP001211,C00726,P07
CP001212,C00726,P01
CP001213,C00727,P03
CP001214,C00727,P02
CP001215,C00727,P08
CP001216,C00728,P04
CP001217,C00728,P06
CP001218,C00729,P02
CP001219,C00729,P08
CP001220,C00730,P04
CP001221,C00731,P08
CP001222,C00731,P01
CP001223,C00732,P01
CP001224,C00733,P04
CP001225,C00733,P01
CP001226,C00733,P06
CP001227,C00734,P08
CP001228,C00735,P07
CP001229,C00736,P05
CP001230,C00737,P06
CP001231,C00738,P06
CP001232,C00738,P03
CP001233,C00739,P05
CP001234,C00739,P07
CP001235,C00740,P01
CP001236,C00740,P02
CP001237,C00740,P06
CP001238,C00741,P07
CP001239,C00741,P05
CP001240,C00742,P01
CP001241,C00743,P03
CP001242,C00743,P05
CP001243,C00744,P01
CP001244,C00744,P08
CP001245,C00745,P03
CP001246,C00745,P06
CP001247,C00746,P06
CP001248,C00747,P08
CP001249,C00747,P02
CP001250,C00747,P06
CP001251,C00748,P06
CP001252,C00748,P03
CP001253,C00749,P06
CP001254,C00750,P01
CP001255,C00751,P05
CP001256,C00752,P05
CP001257,C00752,P07
CP001258,C00753,P02
CP001259,C00754,P02
CP001260,C00754,P03
CP001261,C00755,P08
CP001262,C00755,P05
CP001263,C00755,P01
CP001264,C00756,P02
CP001265,C00757,P08
CP001266,C00757,P04
CP001267,C00757,P06
CP001268,C00758,P08
CP001269,C00759,P04
CP001270,C00760,P05
CP001271,C00760,P04
CP001272,C00760,P06
CP001273,C00761,P04
CP001274,C00761,P08
CP001275,C00762,P04
CP001276,C00762,P08
CP001277,C00763,P06
CP001278,C00764,P01
CP001279,C00765,P04
CP001280,C00765,P08
CP001281,C00765,P07
CP001282,C00766,P01
CP001283,C00766,P07
CP001284,C00766,P05
CP001285,C00767,P01
CP001286,C00768,P03
CP001287,C00768,P07
CP001288,C00768,P01
CP001289,C00769,P07
CP001290,C00769,P04
CP001291,C00769,P03
CP001292,C00770,P04
CP001293,C00770,P02
CP001294,C00771,P05
CP001295,C00771,P04
CP001296,C00772,P08
CP001297,C00772,P07
CP001298,C00773,P07
CP001299,C00774,P05
CP001300,C00775,P08
CP001301,C00775,P06
CP001302,C00776,P01
CP001303,C00777,P02
CP001304,C00777,P04
CP001305,C00778,P03
CP001306,C00778,P06
CP001307,C00778,P05
CP001308,C00779,P01
CP001309,C00779,P08
CP001310,C00780,P01
CP001311,C00781,P06
CP001312,C00781,P08
CP001313,C00782,P07
CP001314,C00782,P06
CP001315,C00783,P02
CP001316,C00783,P07
CP001317,C00784,P08
CP001318,C00785,P06
CP001319,C00785,P05
CP001320,C00785,P03
CP001321,C00786,P02
CP001322,C00787,P02
CP001323,C00787,P04
CP001324,C00788,P04
CP001325,C00788,P08
CP001326,C00789,P06
CP001327,C00790,P03
CP001328,C00790,P02
CP001329,C00791,P07
CP001330,C00792,P03
CP001331,C00793,P05
CP001332,C00794,P06
CP001333,C00795,P08
CP001334,C00796,P05
CP001335,C00796,P06
CP001336,C00797,P07
CP001337,C00798,P01
CP001338,C00798,P04
CP001339,C00799,P08
CP001340,C00799,P07
CP001341,C00800,P03
CP001342,C00800,P01
CP001343,C00801,P03
CP001344,C00801,P07
CP001345,C00802,P04
CP001346,C00803,P01
CP001347,C00804,P05
CP001348,C00804,P03
CP001349,C00805,P03
CP001350,C00805,P06
CP001351,C00806,P01
CP001352,C00806,P06
CP001353,C00807,P06
CP001354,C00807,P05
CP001355,C00808,P07
CP001356,C00809,P08
CP001357,C00810,P06
CP001358,C00810,P02
CP001359,C00811,P03
CP001360,C00811,P04
CP001361,C00812,P02
CP001362,C00813,P08
CP001363,C00813,P01
CP001364,C00813,P05
CP001365,C00814,P05
CP001366,C00814,P06
CP001367,C00815,P02
CP001368,C00816,P06
CP001369,C00817,P02
CP001370,C00817,P07
CP001371,C00818,P03
CP001372,C00819,P01
CP001373,C00819,P03
CP001374,C00820,P08
CP001375,C00821,P05
CP001376,C00821,P02
CP001377,C00821,P08
CP001378,C00822,P05
CP001379,C00823,P02
CP001380,C00824,P03
CP001381,C00825,P05
CP001382,C00825,P04
CP001383,C00826,P08
CP001384,C00827,P07
CP001385,C00828,P02
CP001386,C00829,P02
CP001387,C00830,P07
CP001388,C00830,P05
CP001389,C00831,P01
CP001390,C00831,P07
CP001391,C00832,P04
CP001392,C00832,P06
CP001393,C00833,P07
CP001394,C00833,P05
CP001395,C00833,P08
CP001396,C00834,P02
CP001397,C00835,P03
CP001398,C00836,P05
CP001399,C00837,P06
CP001400,C00838,P02
CP001401,C00838,P04
CP001402,C00839,P01
CP001403,C00839,P05
CP001404,C00839,P03
CP001405,C00840,P08
CP001406,C00840,P03
CP001407,C00841,P08
CP001408,C00841,P06
CP001409,C00842,P07
CP001410,C00842,P02
CP001411,C00843,P05
CP001412,C00844,P02
CP001413,C00845,P03
CP001414,C00846,P03
CP001415,C00846,P05
CP001416,C00847,P06
CP001417,C00848,P06
CP001418,C00849,P04
CP001419,C00849,P03
CP001420,C00849,P06
CP001421,C00850,P07
CP001422,C00851,P05
CP001423,C00851,P04
CP001424,C00852,P04
CP001425,C00853,P02
CP001426,C00853,P08
CP001427,C00854,P08
CP001428,C00854,P06
CP001429,C00855,P04
CP001430,C00856,P08
CP001431,C00856,P03
CP001432,C00856,P07
CP001433,C00857,P03
CP001434,C00857,P01
CP001435,C00858,P07
CP001436,C00859,P05
CP001437,C00860,P04
CP001438,C00860,P06
CP001439,C00861,P02
CP001440,C00861,P03
CP001441,C00862,P08
CP001442,C00862,P01
CP001443,C00863,P04
CP001444,C00864,P02
CP001445,C00865,P02
CP001446,C00866,P08
CP001447,C00867,P01
CP001448,C00868,P05
CP001449,C00869,P06
CP001450,C00870,P01
CP001451,C00870,P03
CP001452,C00871,P02
CP001453,C00872,P08
CP001454,C00872,P02
CP001455,C00873,P02
CP001456,C00873,P08
CP001457,C00873,P04
CP001458,C00874,P08
CP001459,C00875,P07
CP001460,C00875,P05
CP001461,C00876,P08
CP001462,C00877,P05
CP001463,C00878,P04
CP001464,C00878,P07
CP001465,C00879,P05
CP001466,C00880,P03
CP001467,C00880,P05
CP001468,C00881,P06
CP001469,C00881,P04
CP001470,C00881,P02
CP001471,C00882,P02
CP001472,C00882,P01
CP001473,C00883,P04
CP001474,C00883,P03
CP001475,C00884,P03
CP001476,C00884,P05
CP001477,C00885,P05
CP001478,C00886,P04
CP001479,C00887,P03
CP001480,C00888,P08
CP001481,C00889,P02
CP001482,C00890,P08
CP001483,C00891,P07
CP001484,C00892,P07
CP001485,C00892,P08
CP001486,C00893,P08
CP001487,C00893,P06
CP001488,C00894,P02
CP001489,C00894,P03
CP001490,C00895,P05
CP001491,C00896,P04
CP001492,C00896,P03
CP001493,C00897,P02
CP001494,C00897,P06
CP001495,C00897,P08
CP001496,C00898,P04
CP001497,C00898,P05
CP001498,C00898,P02
CP001499,C00899,P07
CP001500,C00900,P05
CP001501,C00900,P06
CP001502,C00901,P06
CP001503,C00902,P02
CP001504,C00902,P03
CP001505,C00903,P05
CP001506,C00904,P02
CP001507,C00904,P08
CP001508,C00905,P07
CP001509,C00906,P04
CP001510,C00906,P06
CP001511,C00907,P08
CP001512,C00908,P04
CP001513,C00909,P05
CP001514,C00909,P01
CP001515,C00909,P03
CP001516,C00910,P06
CP001517,C00910,P04
CP001518,C00910,P07
CP001519,C00911,P04
CP001520,C00911,P05
CP001521,C00912,P06
CP001522,C00913,P05
CP001523,C00913,P02
CP001524,C00914,P02
CP001525,C00914,P01
CP001526,C00915,P08
CP001527,C00915,P06
CP001528,C00916,P06
CP001529,C00917,P08
CP001530,C00918,P02
CP001531,C00918,P08
CP001532,C00919,P07
CP001533,C00920,P05
CP001534,C00921,P02
CP001535,C00922,P04
CP001536,C00923,P05
CP001537,C00923,P04
CP001538,C00924,P06
CP001539,C00925,P06
CP001540,C00925,P01
CP001541,C00926,P08
CP001542,C00927,P03
CP001543,C00927,P08
CP001544,C00928,P06
CP001545,C00929,P02
CP001546,C00929,P06
CP001547,C00930,P08
CP001548,C00931,P04
CP001549,C00932,P02
CP001550,C00933,P03
CP001551,C00934,P04
CP001552,C00934,P03
CP001553,C00934,P05
CP001554,C00935,P01
CP001555,C00935,P05
CP001556,C00935,P08
CP001557,C00936,P03
CP001558,C00937,P02
CP001559,C00938,P01
CP001560,C00938,P02
CP001561,C00939,P04
CP001562,C00940,P01
CP001563,C00941,P05
CP001564,C00942,P02
CP001565,C00943,P08
CP001566,C00944,P01
CP001567,C00945,P05
CP001568,C00945,P06
CP001569,C00946,P08
CP001570,C00946,P07
CP001571,C00947,P07
CP001572,C00948,P01
CP001573,C00949,P04
CP001574,C00950,P03
CP001575,C00951,P08
CP001576,C00952,P04
CP001577,C00953,P03
CP001578,C00954,P05
CP001579,C00954,P06
CP001580,C00955,P02
CP001581,C00955,P08
CP001582,C00956,P08
CP001583,C00956,P03
CP001584,C00957,P06
CP001585,C00957,P04
CP001586,C00957,P05
CP001587,C00958,P04
CP001588,C00958,P01
CP001589,C00959,P04
CP001590,C00959,P07
CP001591,C00960,P05
CP001592,C00961,P05
CP001593,C00961,P03
CP001594,C00962,P04
CP001595,C00962,P03
CP001596,C00963,P01
CP001597,C00964,P06
CP001598,C00964,P05
CP001599,C00965,P04
CP001600,C00966,P03
CP001601,C00967,P03
CP001602,C00967,P05
CP001603,C00968,P01
CP001604,C00968,P04
CP001605,C00969,P01
CP001606,C00969,P03
CP001607,C00969,P05
CP001608,C00970,P01
CP001609,C00971,P07
CP001610,C00972,P01
CP001611,C00972,P03
CP001612,C00973,P04
CP001613,C00973,P02
CP001614,C00974,P02
CP001615,C00974,P01
CP001616,C00974,P06
CP001617,C00975,P03
CP001618,C00975,P01
CP001619,C00976,P02
CP001620,C00977,P04
CP001621,C00978,P03
CP001622,C00979,P03
CP001623,C00980,P05
CP001624,C00980,P07
CP001625,C00981,P04
CP001626,C00981,P06
CP001627,C00982,P02
CP001628,C00982,P08
CP001629,C00983,P03
CP001630,C00984,P01
CP001631,C00985,P06
CP001632,C00986,P08
CP001633,C00986,P02
CP001634,C00987,P06
CP001635,C00988,P06
CP001636,C00988,P07
CP001637,C00989,P08
CP001638,C00990,P07
CP001639,C00991,P07
CP001640,C00991,P05
CP001641,C00991,P08
CP001642,C00992,P01
CP001643,C00993,P07
CP001644,C00993,P01
CP001645,C00994,P06
CP001646,C00995,P04
CP001647,C00995,P01
CP001648,C00996,P02
CP001649,C00996,P06
CP001650,C00997,P03
CP001651,C00997,P02
CP001652,C00997,P01
CP001653,C00998,P05
CP001654,C00999,P08
CP001655,C00999,P05
CP001656,C01000,P07
CP001657,C01001,P03
CP001658,C01001,P06
CP001659,C01002,P02
CP001660,C01002,P05
CP001661,C01003,P07
CP001662,C01004,P04
CP001663,C01004,P08
CP001664,C01005,P08
CP001665,C01006,P06
CP001666,C01007,P08
CP001667,C01007,P05
CP001668,C01008,P06
CP001669,C01008,P05
CP001670,C01009,P05
CP001671,C01009,P06
CP001672,C01010,P05
CP001673,C01010,P04
CP001674,C01011,P08
CP001675,C01011,P07
CP001676,C01012,P05
CP001677,C01012,P04
CP001678,C01012,P01
CP001679,C01013,P07
CP001680,C01013,P06
CP001681,C01014,P04
CP001682,C01014,P02
CP001683,C01014,P05
CP001684,C01015,P05
CP001685,C01016,P04
CP001686,C01017,P08
CP001687,C01018,P04
CP001688,C01019,P05
CP001689,C01019,P01
CP001690,C01019,P06
CP001691,C01020,P07
CP001692,C01021,P03
CP001693,C01021,P08
CP001694,C01022,P03
CP001695,C01022,P08
CP001696,C01023,P03
CP001697,C01023,P04
CP001698,C01024,P02
CP001699,C01024,P03
CP001700,C01025,P01
CP001701,C01025,P06
CP001702,C01025,P08
CP001703,C01026,P02
CP001704,C01026,P08
CP001705,C01026,P05
CP001706,C01027,P08
CP001707,C01027,P07
CP001708,C01028,P01
CP001709,C01028,P06
CP001710,C01029,P08
CP001711,C01030,P02
CP001712,C01031,P08
CP001713,C01031,P02
CP001714,C01032,P06
CP001715,C01032,P04
CP001716,C01033,P05
CP001717,C01034,P07
CP001718,C01034,P05
CP001719,C01034,P01
CP001720,C01035,P03
CP001721,C01036,P04
CP001722,C01037,P07
CP001723,C01038,P05
CP001724,C01039,P04
CP001725,C01039,P08
CP001726,C01040,P04
CP001727,C01040,P06
CP001728,C01041,P05
CP001729,C01041,P01
CP001730,C01042,P05
CP001731,C01042,P03
CP001732,C01043,P02
CP001733,C01043,P07
CP001734,C01043,P06
CP001735,C01044,P03
CP001736,C01044,P04
CP001737,C01045,P02
CP001738,C01045,P06
CP001739,C01046,P08
CP001740,C01046,P07
CP001741,C01047,P04
CP001742,C01047,P07
CP001743,C01047,P03
CP001744,C01048,P07
CP001745,C01048,P03
CP001746,C01049,P04
CP001747,C01049,P03
CP001748,C01050,P01
CP001749,C01050,P06
CP001750,C01050,P04
CP001751,C01051,P07
CP001752,C01051,P08
CP001753,C01052,P07
CP001754,C01053,P08
CP001755,C01054,P04
CP001756,C01055,P08
CP001757,C01056,P08
CP001758,C01057,P08
CP001759,C01058,P06
CP001760,C01058,P01
CP001761,C01059,P01
CP001762,C01060,P06
CP001763,C01060,P02
CP001764,C01061,P08
CP001765,C01061,P05
CP001766,C01061,P06
CP001767,C01062,P02
CP001768,C01062,P04
CP001769,C01063,P06
CP001770,C01063,P01
CP001771,C01064,P08
CP001772,C01065,P08
CP001773,C01065,P05
CP001774,C01066,P08
CP001775,C01067,P06
CP001776,C01067,P05
CP001777,C01068,P08
CP001778,C01069,P06
CP001779,C01069,P04
CP001780,C01070,P01
CP001781,C01070,P06
CP001782,C01071,P05
CP001783,C01071,P08
CP001784,C01072,P08
CP001785,C01073,P02
CP001786,C01074,P08
CP001787,C01075,P02
CP001788,C01075,P07
CP001789,C01075,P01
CP001790,C01076,P02
CP001791,C01076,P05
CP001792,C01077,P04
CP001793,C01077,P06
CP001794,C01078,P02
CP001795,C01078,P03
CP001796,C01078,P08
CP001797,C01079,P01
CP001798,C01079,P02
CP001799,C01080,P06
CP001800,C01081,P03
CP001801,C01081,P07
CP001802,C01082,P04
CP001803,C01082,P05
CP001804,C01083,P02
CP001805,C01083,P08
CP001806,C01084,P07
CP001807,C01085,P01
CP001808,C01086,P06
CP001809,C01086,P03
CP001810,C01087,P07
CP001811,C01087,P04
CP001812,C01088,P03
CP001813,C01089,P06
CP001814,C01089,P03
CP001815,C01090,P07
CP001816,C01090,P02
CP001817,C01091,P02
CP001818,C01091,P08
CP001819,C01092,P05
CP001820,C01092,P04
CP001821,C01093,P01
CP001822,C01094,P07
CP001823,C01094,P03
CP001824,C01095,P06
CP001825,C01096,P04
CP001826,C01096,P06
CP001827,C01097,P04
CP001828,C01098,P05
CP001829,C01098,P02
CP001830,C01099,P04
CP001831,C01100,P06
CP001832,C01100,P07
CP001833,C01101,P07
CP001834,C01102,P03
CP001835,C01102,P04
CP001836,C01103,P04
CP001837,C01104,P03
CP001838,C01105,P04
CP001839,C01106,P04
CP001840,C01106,P02
CP001841,C01107,P04
CP001842,C01107,P06
CP001843,C01108,P05
CP001844,C01109,P08
CP001845,C01109,P01
CP001846,C01109,P04
CP001847,C01110,P07
CP001848,C01110,P05
CP001849,C01110,P08
CP001850,C01111,P07
CP001851,C01112,P04
CP001852,C01113,P01
CP001853,C01114,P04
CP001854,C01114,P05
CP001855,C01115,P06
CP001856,C01116,P02
CP001857,C01117,P08
CP001858,C01117,P05
CP001859,C01118,P08
CP001860,C01119,P06
CP001861,C01120,P03
CP001862,C01121,P05
CP001863,C01122,P07
CP001864,C01122,P08
CP001865,C01123,P01
CP001866,C01124,P07
CP001867,C01124,P01
CP001868,C01125,P07
CP001869,C01126,P06
CP001870,C01126,P01
CP001871,C01127,P08
CP001872,C01127,P02
CP001873,C01128,P06
CP001874,C01128,P02
CP001875,C01128,P05
CP001876,C01129,P07
CP001877,C01129,P06
CP001878,C01130,P03
CP001879,C01130,P02
CP001880,C01131,P08
CP001881,C01131,P07
CP001882,C01132,P08
CP001883,C01133,P01
CP001884,C01133,P02
CP001885,C01134,P05
CP001886,C01135,P03
CP001887,C01135,P06
CP001888,C01136,P03
CP001889,C01136,P05
CP001890,C01136,P07
CP001891,C01137,P07
CP001892,C01137,P06
CP001893,C01138,P07
CP001894,C01138,P08
CP001895,C01138,P01
CP001896,C01139,P03
CP001897,C01140,P04
CP001898,C01141,P01
CP001899,C01142,P03
CP001900,C01143,P07
CP001901,C01144,P06
CP001902,C01144,P03
CP001903,C01145,P07
CP001904,C01146,P06
CP001905,C01147,P01
CP001906,C01147,P05
CP001907,C01148,P05
CP001908,C01148,P04
CP001909,C01149,P08
CP001910,C01149,P04
CP001911,C01150,P02
CP001912,C01151,P05
CP001913,C01151,P07
CP001914,C01152,P08
CP001915,C01152,P03
CP001916,C01153,P03
CP001917,C01153,P08
CP001918,C01154,P07
CP001919,C01154,P06
CP001920,C01154,P04
CP001921,C01155,P04
CP001922,C01156,P06
CP001923,C01156,P03
CP001924,C01157,P01
CP001925,C01157,P05
CP001926,C01158,P04
CP001927,C01159,P07
CP001928,C01159,P02
CP001929,C01159,P04
CP001930,C01160,P05
CP001931,C01161,P07
CP001932,C01161,P03
CP001933,C01162,P04
CP001934,C01162,P01
CP001935,C01163,P01
CP001936,C01163,P04
CP001937,C01164,P05
CP001938,C01165,P06
CP001939,C01166,P05
CP001940,C01167,P01
CP001941,C01168,P04
CP001942,C01169,P02
CP001943,C01169,P08
CP001944,C01170,P04
CP001945,C01171,P07
CP001946,C01171,P06
CP001947,C01172,P07
CP001948,C01173,P07
CP001949,C01173,P08
CP001950,C01174,P04
CP001951,C01174,P05
CP001952,C01175,P01
CP001953,C01176,P04
CP001954,C01177,P06
CP001955,C01178,P05
CP001956,C01178,P08
CP001957,C01179,P02
CP001958,C01179,P07
CP001959,C01180,P07
CP001960,C01181,P04
CP001961,C01182,P05
CP001962,C01183,P06
CP001963,C01184,P05
CP001964,C01184,P01
CP001965,C01185,P02
CP001966,C01185,P04
CP001967,C01185,P08
CP001968,C01186,P05
CP001969,C01186,P08
CP001970,C01186,P01
CP001971,C01187,P07
CP001972,C01188,P03
CP001973,C01189,P06
CP001974,C01189,P02
CP001975,C01189,P07
CP001976,C01190,P03
CP001977,C01190,P08
CP001978,C01190,P04
CP001979,C01191,P03
CP001980,C01191,P04
CP001981,C01191,P06
CP001982,C01192,P03
CP001983,C01192,P05
CP001984,C01193,P04
CP001985,C01193,P02
CP001986,C01194,P05
CP001987,C01194,P01
CP001988,C01195,P05
CP001989,C01196,P07
CP001990,C01197,P08
CP001991,C01197,P04
CP001992,C01197,P02
CP001993,C01198,P01
CP001994,C01198,P08
CP001995,C01199,P02
CP001996,C01200,P02
CP001997,C01200,P05
CP001998,C01201,P06
CP001999,C01202,P06
CP002000,C01203,P06
CP002001,C01203,P08
CP002002,C01204,P08
CP002003,C01204,P01
CP002004,C01205,P03
CP002005,C01205,P08
CP002006,C01206,P08
CP002007,C01206,P03
CP002008,C01207,P06
CP002009,C01207,P08
CP002010,C01208,P02
CP002011,C01208,P05
CP002012,C01209,P03
CP002013,C01209,P02
CP002014,C01209,P06
CP002015,C01210,P07
CP002016,C01210,P08
CP002017,C01211,P01
CP002018,C01211,P08
CP002019,C01212,P08
CP002020,C01212,P06
CP002021,C01213,P07
CP002022,C01213,P02
CP002023,C01213,P01
CP002024,C01214,P06
CP002025,C01214,P03
CP002026,C01215,P08
CP002027,C01216,P03
CP002028,C01216,P06
CP002029,C01216,P07
CP002030,C01217,P08
CP002031,C01218,P05
CP002032,C01219,P05
CP002033,C01220,P01
CP002034,C01221,P08
CP002035,C01222,P08
CP002036,C01223,P02
CP002037,C01224,P06
CP002038,C01224,P07
CP002039,C01225,P03
CP002040,C01225,P07
CP002041,C01226,P01
CP002042,C01226,P07
CP002043,C01227,P07
CP002044,C01227,P08
CP002045,C01228,P02
CP002046,C01229,P03
CP002047,C01229,P07
CP002048,C01230,P06
CP002049,C01230,P02
CP002050,C01231,P02
CP002051,C01231,P04
CP002052,C01231,P07
CP002053,C01232,P07
CP002054,C01233,P04
CP002055,C01233,P07
CP002056,C01234,P01
CP002057,C01234,P03
CP002058,C01235,P05
CP002059,C01235,P01
CP002060,C01236,P04
CP002061,C01237,P06
CP002062,C01237,P02
CP002063,C01237,P08
CP002064,C01238,P04
CP002065,C01239,P08
CP002066,C01240,P02
CP002067,C01241,P06
CP002068,C01242,P03
CP002069,C01243,P08
CP002070,C01243,P05
CP002071,C01243,P02
CP002072,C01244,P05
CP002073,C01245,P07
CP002074,C01245,P03
CP002075,C01246,P01
CP002076,C01246,P03
CP002077,C01247,P05
CP002078,C01247,P08
CP002079,C01248,P06
CP002080,C01248,P01
CP002081,C01248,P08
CP002082,C01249,P06
CP002083,C01250,P03
CP002084,C01251,P08
CP002085,C01251,P04
CP002086,C01252,P02
CP002087,C01252,P05
CP002088,C01253,P03
CP002089,C01253,P02
CP002090,C01254,P02
CP002091,C01255,P07
CP002092,C01256,P03
CP002093,C01257,P01
CP002094,C01257,P07
CP002095,C01258,P04
CP002096,C01258,P05
CP002097,C01259,P04
CP002098,C01260,P03
CP002099,C01260,P08
CP002100,C01260,P07
CP002101,C01261,P07
CP002102,C01262,P02
CP002103,C01262,P06
CP002104,C01263,P01
CP002105,C01264,P08
CP002106,C01264,P07
CP002107,C01264,P01
CP002108,C01265,P06
CP002109,C01266,P08
CP002110,C01266,P03
CP002111,C01266,P02
CP002112,C01267,P01
CP002113,C01268,P04
CP002114,C01269,P01
CP002115,C01269,P07
CP002116,C01270,P01
CP002117,C01270,P02
CP002118,C01271,P05
CP002119,C01272,P02
CP002120,C01272,P05
CP002121,C01273,P07
CP002122,C01274,P07
CP002123,C01275,P07
CP002124,C01275,P06
CP002125,C01276,P04
CP002126,C01276,P01
CP002127,C01277,P02
CP002128,C01277,P07
CP002129,C01277,P04
CP002130,C01278,P05
CP002131,C01278,P07
CP002132,C01278,P01
CP002133,C01279,P04
CP002134,C01279,P06
CP002135,C01280,P03
CP002136,C01281,P07
CP002137,C01281,P03
CP002138,C01281,P08
CP002139,C01282,P07
CP002140,C01283,P04
CP002141,C01283,P02
CP002142,C01284,P08
CP002143,C01284,P03
CP002144,C01285,P04
CP002145,C01286,P06
CP002146,C01287,P01
CP002147,C01288,P08
CP002148,C01289,P04
CP002149,C01289,P08
CP002150,C01290,P04
CP002151,C01290,P03
CP002152,C01291,P08
CP002153,C01291,P04
CP002154,C01292,P04
CP002155,C01292,P02
CP002156,C01292,P08
CP002157,C01293,P07
CP002158,C01293,P05
CP002159,C01294,P03
CP002160,C01294,P07
CP002161,C01295,P02
CP002162,C01296,P02
CP002163,C01296,P08
CP002164,C01296,P07
CP002165,C01297,P06
CP002166,C01298,P07
CP002167,C01299,P06
CP002168,C01300,P07
CP002169,C01300,P04
CP002170,C01301,P06
CP002171,C01302,P07
CP002172,C01302,P03
CP002173,C01303,P05
CP002174,C01304,P01
CP002175,C01305,P01
CP002176,C01305,P05
CP002177,C01306,P01
CP002178,C01307,P05
CP002179,C01307,P01
CP002180,C01308,P05
CP002181,C01308,P02
CP002182,C01309,P08
CP002183,C01309,P07
CP002184,C01309,P06
CP002185,C01310,P05
CP002186,C01311,P02
CP002187,C01311,P03
CP002188,C01312,P05
CP002189,C01313,P07
CP002190,C01314,P02
CP002191,C01314,P04
CP002192,C01314,P07
CP002193,C01315,P07
CP002194,C01315,P01
CP002195,C01315,P04
CP002196,C01316,P04
CP002197,C01317,P08
CP002198,C01318,P04
CP002199,C01318,P03
CP002200,C01318,P02
CP002201,C01319,P04
CP002202,C01320,P06
CP002203,C01320,P03
CP002204,C01321,P03
CP002205,C01322,P02
CP002206,C01322,P06
CP002207,C01322,P08
CP002208,C01323,P04
CP002209,C01323,P08
CP002210,C01324,P05
CP002211,C01324,P03
CP002212,C01325,P06
CP002213,C01325,P03
CP002214,C01326,P05
CP002215,C01327,P01
CP002216,C01327,P05
CP002217,C01328,P04
CP002218,C01329,P03
CP002219,C01329,P07
CP002220,C01330,P02
CP002221,C01330,P07
CP002222,C01331,P05
CP002223,C01332,P02
CP002224,C01333,P02
CP002225,C01334,P03
CP002226,C01334,P08
CP002227,C01335,P01
CP002228,C01336,P04
CP002229,C01337,P01
CP002230,C01337,P04
CP002231,C01337,P05
CP002232,C01338,P02
CP002233,C01338,P07
CP002234,C01339,P05
CP002235,C01340,P07
CP002236,C01340,P03
CP002237,C01341,P08
CP002238,C01341,P01
CP002239,C01341,P03
CP002240,C01342,P01
CP002241,C01342,P05
CP002242,C01342,P06
CP002243,C01343,P01
CP002244,C01343,P04
CP002245,C01344,P03
CP002246,C01344,P05
CP002247,C01344,P04
CP002248,C01345,P01
CP002249,C01346,P08
CP002250,C01346,P03
CP002251,C01346,P04
CP002252,C01347,P01
CP002253,C01348,P05
CP002254,C01349,P02
CP002255,C01349,P01
CP002256,C01350,P05
CP002257,C01351,P06
CP002258,C01351,P05
CP002259,C01351,P01
CP002260,C01352,P03
CP002261,C01353,P02
CP002262,C01353,P08
CP002263,C01354,P05
CP002264,C01355,P03
CP002265,C01356,P04
CP002266,C01356,P02
CP002267,C01357,P07
CP002268,C01357,P05
CP002269,C01358,P04
CP002270,C01359,P05
CP002271,C01360,P02
CP002272,C01361,P04
CP002273,C01362,P06
CP002274,C01363,P02
CP002275,C01364,P06
CP002276,C01365,P06
CP002277,C01365,P08
CP002278,C01366,P03
CP002279,C01367,P07
CP002280,C01367,P06
CP002281,C01368,P06
CP002282,C01368,P04
CP002283,C01369,P08
CP002284,C01369,P07
CP002285,C01370,P03
CP002286,C01371,P03
CP002287,C01372,P08
CP002288,C01372,P06
CP002289,C01373,P03
CP002290,C01374,P06
CP002291,C01375,P08
CP002292,C01376,P05
CP002293,C01377,P01
CP002294,C01378,P06
CP002295,C01378,P07
CP002296,C01379,P05
CP002297,C01380,P04
CP002298,C01380,P02
CP002299,C01380,P01
CP002300,C01381,P03
CP002301,C01382,P06
CP002302,C01382,P02
CP002303,C01382,P07
CP002304,C01383,P04
CP002305,C01383,P08
CP002306,C01384,P03
CP002307,C01384,P06
CP002308,C01385,P04
CP002309,C01385,P06
CP002310,C01386,P03
CP002311,C01387,P07
CP002312,C01388,P01
CP002313,C01389,P04
CP002314,C01389,P08
CP002315,C01390,P01
CP002316,C01391,P03
CP002317,C01392,P05
CP002318,C01393,P01
CP002319,C01393,P08
CP002320,C01393,P02
CP002321,C01394,P08
CP002322,C01395,P05
CP002323,C01395,P03
CP002324,C01396,P04
CP002325,C01396,P08
CP002326,C01397,P07
CP002327,C01398,P04
CP002328,C01398,P03
CP002329,C01399,P03
CP002330,C01399,P01
CP002331,C01400,P03
CP002332,C01401,P05
CP002333,C01402,P04
CP002334,C01403,P04
CP002335,C01403,P02
CP002336,C01404,P06
CP002337,C01405,P06
CP002338,C01405,P04
CP002339,C01406,P08
CP002340,C01406,P02
CP002341,C01406,P05
CP002342,C01407,P06
CP002343,C01408,P04
CP002344,C01409,P08
CP002345,C01410,P04
CP002346,C01410,P03
CP002347,C01411,P04
CP002348,C01411,P02
CP002349,C01412,P06
CP002350,C01412,P03
CP002351,C01413,P02
CP002352,C01413,P06
CP002353,C01413,P01
CP002354,C01414,P08
CP002355,C01415,P06
CP002356,C01415,P05
CP002357,C01416,P05
CP002358,C01417,P04
CP002359,C01417,P03
CP002360,C01418,P03
CP002361,C01419,P03
CP002362,C01420,P01
CP002363,C01420,P08
CP002364,C01421,P08
CP002365,C01421,P07
CP002366,C01422,P01
CP002367,C01423,P06
CP002368,C01423,P05
CP002369,C01424,P04
CP002370,C01424,P03
CP002371,C01425,P06
CP002372,C01426,P08
CP002373,C01427,P08
CP002374,C01428,P02
CP002375,C01428,P01
CP002376,C01429,P06
CP002377,C01430,P02
CP002378,C01430,P01
CP002379,C01431,P01
CP002380,C01431,P05
CP002381,C01432,P02
CP002382,C01432,P01
CP002383,C01433,P07
CP002384,C01434,P04
CP002385,C01434,P05
CP002386,C01435,P04
CP002387,C01435,P08
CP002388,C01436,P04
CP002389,C01437,P05
CP002390,C01438,P08
CP002391,C01439,P01
CP002392,C01439,P03
CP002393,C01440,P04
CP002394,C01440,P08
CP002395,C01440,P05
CP002396,C01441,P01
CP002397,C01441,P05
CP002398,C01442,P02
CP002399,C01442,P01
CP002400,C01443,P01
CP002401,C01443,P04
CP002402,C01443,P07
CP002403,C01444,P02
CP002404,C01445,P04
CP002405,C01446,P01
CP002406,C01446,P08
CP002407,C01447,P07
CP002408,C01448,P06
CP002409,C01448,P07
CP002410,C01449,P05
CP002411,C01449,P07
CP002412,C01450,P04
CP002413,C01451,P04
CP002414,C01451,P01
CP002415,C01452,P02
CP002416,C01452,P01
CP002417,C01453,P08
CP002418,C01453,P04
CP002419,C01454,P06
CP002420,C01454,P08
CP002421,C01454,P03
CP002422,C01455,P02
CP002423,C01455,P04
CP002424,C01455,P01
CP002425,C01456,P05
CP002426,C01457,P06
CP002427,C01458,P04
CP002428,C01458,P05
CP002429,C01459,P01
CP002430,C01459,P03
CP002431,C01459,P06
CP002432,C01460,P04
CP002433,C01460,P03
CP002434,C01461,P01
CP002435,C01462,P05
CP002436,C01463,P02
CP002437,C01464,P04
CP002438,C01465,P08
CP002439,C01465,P04
CP002440,C01466,P04
CP002441,C01466,P08
CP002442,C01466,P05
CP002443,C01467,P05
CP002444,C01468,P04
CP002445,C01468,P02
CP002446,C01469,P08
CP002447,C01470,P07
CP002448,C01470,P08
CP002449,C01471,P05
CP002450,C01472,P01
CP002451,C01473,P01
CP002452,C01473,P07
CP002453,C01473,P02
CP002454,C01474,P06
CP002455,C01475,P07
CP002456,C01475,P01
CP002457,C01476,P07
CP002458,C01476,P03
CP002459,C01477,P01
CP002460,C01477,P04
CP002461,C01478,P08
CP002462,C01478,P07
CP002463,C01479,P02
CP002464,C01479,P06
CP002465,C01480,P06
CP002466,C01480,P03
CP002467,C01481,P05
CP002468,C01482,P01
CP002469,C01483,P04
CP002470,C01484,P04
CP002471,C01484,P08
CP002472,C01485,P05
CP002473,C01486,P04
CP002474,C01486,P05
CP002475,C01487,P01
CP002476,C01487,P05
CP002477,C01487,P03
CP002478,C01488,P02
CP002479,C01489,P06
CP002480,C01490,P05
CP002481,C01491,P01
CP002482,C01492,P05
CP002483,C01492,P03
CP002484,C01493,P03
CP002485,C01493,P04
CP002486,C01493,P07
CP002487,C01494,P01
CP002488,C01495,P02
CP002489,C01495,P01
CP002490,C01496,P05
CP002491,C01497,P07
CP002492,C01497,P08
CP002493,C01498,P01
CP002494,C01499,P07
CP002495,C01499,P01
CP002496,C01500,P03
CP002497,C01500,P01
CP002498,C01500,P06
CP002499,C01501,P08
CP002500,C01501,P01
CP002501,C01502,P05
CP002502,C01502,P02
CP002503,C01503,P02
CP002504,C01504,P05
CP002505,C01504,P07
CP002506,C01505,P07
CP002507,C01506,P08
CP002508,C01507,P01
CP002509,C01507,P07
CP002510,C01507,P06
CP002511,C01508,P04
CP002512,C01508,P01
CP002513,C01509,P05
CP002514,C01509,P03
CP002515,C01510,P06
CP002516,C01510,P08
CP002517,C01511,P01
CP002518,C01512,P01
CP002519,C01512,P05
CP002520,C01512,P07
CP002521,C01513,P08
CP002522,C01514,P05
CP002523,C01514,P04
CP002524,C01515,P03
CP002525,C01516,P04
CP002526,C01516,P03
CP002527,C01517,P05
CP002528,C01517,P02
CP002529,C01517,P08
CP002530,C01518,P03
CP002531,C01519,P04
CP002532,C01520,P03
CP002533,C01520,P02
CP002534,C01521,P03
CP002535,C01522,P05
CP002536,C01522,P04
CP002537,C01523,P07
CP002538,C01523,P02
CP002539,C01524,P08
CP002540,C01525,P08
CP002541,C01526,P02
CP002542,C01527,P02
CP002543,C01528,P06
CP002544,C01528,P05
CP002545,C01529,P04
CP002546,C01529,P03
CP002547,C01530,P06
CP002548,C01531,P04
CP002549,C01531,P01
CP002550,C01532,P08
CP002551,C01533,P04
CP002552,C01534,P02
CP002553,C01535,P02
CP002554,C01535,P07
CP002555,C01536,P06
CP002556,C01536,P01
CP002557,C01537,P08
CP002558,C01537,P04
CP002559,C01538,P01
CP002560,C01538,P06
CP002561,C01539,P08
CP002562,C01539,P07
CP002563,C01540,P03
CP002564,C01541,P08
CP002565,C01542,P04
CP002566,C01542,P06
CP002567,C01543,P08
CP002568,C01544,P08
CP002569,C01544,P07
CP002570,C01545,P03
CP002571,C01545,P07
CP002572,C01545,P08
CP002573,C01546,P05
CP002574,C01547,P06
CP002575,C01548,P05
CP002576,C01548,P02
CP002577,C01549,P04
CP002578,C01549,P02
CP002579,C01550,P02
CP002580,C01550,P06
CP002581,C01550,P08
CP002582,C01551,P05
CP002583,C01552,P05
CP002584,C01553,P02
CP002585,C01553,P04
CP002586,C01554,P02
CP002587,C01554,P03
CP002588,C01555,P05
CP002589,C01556,P01
CP002590,C01557,P06
CP002591,C01557,P04
CP002592,C01558,P02
CP002593,C01559,P06
CP002594,C01559,P01
CP002595,C01559,P05
CP002596,C01560,P08
CP002597,C01560,P07
CP002598,C01560,P05
CP002599,C01561,P06
CP002600,C01562,P02
CP002601,C01562,P08
CP002602,C01563,P03
CP002603,C01563,P08
CP002604,C01563,P01
CP002605,C01564,P06
CP002606,C01564,P04
CP002607,C01565,P06
CP002608,C01565,P02
CP002609,C01566,P08
CP002610,C01567,P07
CP002611,C01568,P01
CP002612,C01569,P05
CP002613,C01570,P05
CP002614,C01570,P03
CP002615,C01571,P08
CP002616,C01571,P03
CP002617,C01572,P04
CP002618,C01572,P06
CP002619,C01573,P04
CP002620,C01573,P02
CP002621,C01574,P01
CP002622,C01574,P06
CP002623,C01575,P07
CP002624,C01575,P04
CP002625,C01576,P05
CP002626,C01577,P08
CP002627,C01578,P04
CP002628,C01579,P01
CP002629,C01579,P04
CP002630,C01579,P03
CP002631,C01580,P08
CP002632,C01580,P04
CP002633,C01580,P02
CP002634,C01581,P04
CP002635,C01582,P02
CP002636,C01582,P08
CP002637,C01582,P04
CP002638,C01583,P08
CP002639,C01583,P07
CP002640,C01584,P04
CP002641,C01585,P05
CP002642,C01585,P03
CP002643,C01586,P02
CP002644,C01587,P08
CP002645,C01587,P05
CP002646,C01588,P03
CP002647,C01588,P04
CP002648,C01589,P05
CP002649,C01589,P04
CP002650,C01590,P07
CP002651,C01590,P04
CP002652,C01591,P07
CP002653,C01591,P03
CP002654,C01591,P06
CP002655,C01592,P04
CP002656,C01592,P03
CP002657,C01593,P02
CP002658,C01594,P05
CP002659,C01594,P06
CP002660,C01595,P07
CP002661,C01595,P01
CP002662,C01596,P05
CP002663,C01596,P04
CP002664,C01597,P06
CP002665,C01597,P05
CP002666,C01598,P08
CP002667,C01598,P01
CP002668,C01599,P06
CP002669,C01600,P08
CP002670,C01601,P02
CP002671,C01602,P07
CP002672,C01603,P06
CP002673,C01603,P03
CP002674,C01604,P05
CP002675,C01604,P08
CP002676,C01604,P02
CP002677,C01605,P06
CP002678,C01605,P04
CP002679,C01606,P01
CP002680,C01606,P04
CP002681,C01606,P07
CP002682,C01607,P05
CP002683,C01608,P02
CP002684,C01609,P03
CP002685,C01610,P02
CP002686,C01611,P07
CP002687,C01612,P07
CP002688,C01612,P05
CP002689,C01613,P04
CP002690,C01614,P06
CP002691,C01615,P02
CP002692,C01615,P07
CP002693,C01615,P06
CP002694,C01616,P01
CP002695,C01616,P02
CP002696,C01617,P07
CP002697,C01617,P08
CP002698,C01618,P01
CP002699,C01618,P08
CP002700,C01619,P05
CP002701,C01619,P07
CP002702,C01620,P02
CP002703,C01621,P03
CP002704,C01621,P04
CP002705,C01622,P08
CP002706,C01623,P05
CP002707,C01624,P03
CP002708,C01624,P06
CP002709,C01625,P01
CP002710,C01625,P03
CP002711,C01626,P06
CP002712,C01627,P03
CP002713,C01628,P04
CP002714,C01628,P07
CP002715,C01629,P07
CP002716,C01629,P01
CP002717,C01630,P08
CP002718,C01631,P01
CP002719,C01632,P05
CP002720,C01632,P04
CP002721,C01632,P01
CP002722,C01633,P08
CP002723,C01633,P06
CP002724,C01634,P06
CP002725,C01634,P05
CP002726,C01635,P05
CP002727,C01635,P04
CP002728,C01636,P06
CP002729,C01636,P02
CP002730,C01636,P01
CP002731,C01637,P02
CP002732,C01637,P01
CP002733,C01638,P02
CP002734,C01638,P05
CP002735,C01638,P06
CP002736,C01639,P07
CP002737,C01640,P07
CP002738,C01641,P04
CP002739,C01642,P04
CP002740,C01643,P08
CP002741,C01644,P06
CP002742,C01645,P02
CP002743,C01645,P03
CP002744,C01646,P08
CP002745,C01647,P07
CP002746,C01648,P07
CP002747,C01649,P03
CP002748,C01649,P01
CP002749,C01650,P07
CP002750,C01651,P01
CP002751,C01651,P06
CP002752,C01652,P06
CP002753,C01653,P05
CP002754,C01654,P03
CP002755,C01655,P03
CP002756,C01656,P07
CP002757,C01656,P03
CP002758,C01656,P05
CP002759,C01657,P06
CP002760,C01658,P01
CP002761,C01659,P03
CP002762,C01660,P07
CP002763,C01661,P03
CP002764,C01662,P06
CP002765,C01663,P03
CP002766,C01664,P04
CP002767,C01664,P05
CP002768,C01664,P01
CP002769,C01665,P01
CP002770,C01666,P08
CP002771,C01667,P05
CP002772,C01668,P02
CP002773,C01669,P06
CP002774,C01670,P04
CP002775,C01670,P07
CP002776,C01671,P01
CP002777,C01672,P08
CP002778,C01673,P02
CP002779,C01674,P06
CP002780,C01674,P01
CP002781,C01675,P06
CP002782,C01675,P05
CP002783,C01676,P06
CP002784,C01677,P05
CP002785,C01677,P07
CP002786,C01677,P06
CP002787,C01678,P06
CP002788,C01679,P07
CP002789,C01680,P08
CP002790,C01681,P05
CP002791,C01681,P01
CP002792,C01682,P06
CP002793,C01682,P02
CP002794,C01683,P03
CP002795,C01684,P03
CP002796,C01684,P02
CP002797,C01685,P06
CP002798,C01685,P05
CP002799,C01686,P05
CP002800,C01686,P06
CP002801,C01687,P08
CP002802,C01687,P06
CP002803,C01687,P03
CP002804,C01688,P05
CP002805,C01688,P04
CP002806,C01689,P01
CP002807,C01690,P02
CP002808,C01691,P03
CP002809,C01691,P05
CP002810,C01692,P01
CP002811,C01693,P03
CP002812,C01694,P03
CP002813,C01694,P07
CP002814,C01695,P08
CP002815,C01695,P07
CP002816,C01695,P04
CP002817,C01696,P01
CP002818,C01696,P06
CP002819,C01697,P01
CP002820,C01698,P02
CP002821,C01699,P05
CP002822,C01700,P02
CP002823,C01701,P01
CP002824,C01701,P05
CP002825,C01702,P01
CP002826,C01702,P03
CP002827,C01703,P05
CP002828,C01704,P02
CP002829,C01705,P07
CP002830,C01706,P06
CP002831,C01706,P03
CP002832,C01707,P04
CP002833,C01708,P02
CP002834,C01708,P08
CP002835,C01709,P03
CP002836,C01710,P05
CP002837,C01711,P02
CP002838,C01712,P03
CP002839,C01713,P01
CP002840,C01713,P03
CP002841,C01713,P06
CP002842,C01714,P01
CP002843,C01715,P04
CP002844,C01716,P01
CP002845,C01716,P06
CP002846,C01716,P08
CP002847,C01717,P02
CP002848,C01718,P01
CP002849,C01719,P03
CP002850,C01719,P07
CP002851,C01720,P07
CP002852,C01721,P01
CP002853,C01722,P01
CP002854,C01723,P02
CP002855,C01724,P03
CP002856,C01724,P04
CP002857,C01725,P01
CP002858,C01725,P05
CP002859,C01726,P03
CP002860,C01727,P05
CP002861,C01727,P06
CP002862,C01727,P04
CP002863,C01728,P05
CP002864,C01728,P07
CP002865,C01728,P04
CP002866,C01729,P07
CP002867,C01729,P04
CP002868,C01730,P08
CP002869,C01730,P07
CP002870,C01730,P02
CP002871,C01731,P07
CP002872,C01732,P02
CP002873,C01733,P03
CP002874,C01733,P01
CP002875,C01734,P06
CP002876,C01735,P06
CP002877,C01735,P01
CP002878,C01736,P06
CP002879,C01737,P02
CP002880,C01738,P03
CP002881,C01738,P01
CP002882,C01739,P02
CP002883,C01739,P04
CP002884,C01740,P03
CP002885,C01741,P04
CP002886,C01742,P03
CP002887,C01743,P04
CP002888,C01743,P02
CP002889,C01744,P05
CP002890,C01745,P07
CP002891,C01746,P01
CP002892,C01746,P07
CP002893,C01746,P06
CP002894,C01747,P04
CP002895,C01748,P02
CP002896,C01748,P07
CP002897,C01749,P07
CP002898,C01750,P08
CP002899,C01751,P04
CP002900,C01752,P01
CP002901,C01752,P03
CP002902,C01753,P04
CP002903,C01753,P01
CP002904,C01754,P08
CP002905,C01754,P04
CP002906,C01755,P06
CP002907,C01755,P07
CP002908,C01756,P06
CP002909,C01756,P03
CP002910,C01757,P05
CP002911,C01757,P06
CP002912,C01758,P08
CP002913,C01759,P02
CP002914,C01760,P05
CP002915,C01760,P08
CP002916,C01761,P02
CP002917,C01762,P08
CP002918,C01763,P08
CP002919,C01763,P07
CP002920,C01764,P03
CP002921,C01764,P06
CP002922,C01765,P04
CP002923,C01765,P02
CP002924,C01766,P02
CP002925,C01766,P08
CP002926,C01766,P07
CP002927,C01767,P03
CP002928,C01767,P07
CP002929,C01768,P06
CP002930,C01768,P08
CP002931,C01769,P02
CP002932,C01770,P06
CP002933,C01771,P04
CP002934,C01771,P01
CP002935,C01772,P04
CP002936,C01773,P06
CP002937,C01773,P08
CP002938,C01774,P08
CP002939,C01774,P06
CP002940,C01775,P06
CP002941,C01775,P03
CP002942,C01776,P04
CP002943,C01777,P05
CP002944,C01777,P07
CP002945,C01778,P02
CP002946,C01779,P04
CP002947,C01780,P06
CP002948,C01780,P04
CP002949,C01780,P01
CP002950,C01781,P04
CP002951,C01782,P02
CP002952,C01783,P07
CP002953,C01783,P03
CP002954,C01784,P07
CP002955,C01784,P03
CP002956,C01785,P05
CP002957,C01786,P03
CP002958,C01787,P05
CP002959,C01787,P08
CP002960,C01787,P07
CP002961,C01788,P08
CP002962,C01788,P01
CP002963,C01789,P01
CP002964,C01789,P02
CP002965,C01790,P08
CP002966,C01790,P03
CP002967,C01791,P05
CP002968,C01791,P03
CP002969,C01792,P01
CP002970,C01792,P04
CP002971,C01793,P04
CP002972,C01793,P01
CP002973,C01793,P05
CP002974,C01794,P01
CP002975,C01795,P05
CP002976,C01795,P03
CP002977,C01796,P01
CP002978,C01796,P04
CP002979,C01797,P03
CP002980,C01798,P05
CP002981,C01798,P01
CP002982,C01799,P01
CP002983,C01799,P06
CP002984,C01800,P01
CP002985,C01801,P02
CP002986,C01801,P04
CP002987,C01802,P02
CP002988,C01803,P06
CP002989,C01804,P08
CP002990,C01805,P07
CP002991,C01805,P06
CP002992,C01806,P04
CP002993,C01807,P03
CP002994,C01808,P03
CP002995,C01809,P04
CP002996,C01810,P05
CP002997,C01811,P01
CP002998,C01811,P08
CP002999,C01811,P02
CP003000,C01812,P01
CP003001,C01813,P07
CP003002,C01813,P02
CP003003,C01814,P08
CP003004,C01815,P04
CP003005,C01816,P07
CP003006,C01816,P05
CP003007,C01817,P05
CP003008,C01817,P08
CP003009,C01818,P05
CP003010,C01818,P06
CP003011,C01819,P06
CP003012,C01819,P02
CP003013,C01820,P06
CP003014,C01820,P07
CP003015,C01821,P05
CP003016,C01822,P01
CP003017,C01823,P06
CP003018,C01823,P07
CP003019,C01824,P05
CP003020,C01824,P08
CP003021,C01824,P06
CP003022,C01825,P03
CP003023,C01825,P04
CP003024,C01826,P05
CP003025,C01826,P04
CP003026,C01827,P07
CP003027,C01828,P04
CP003028,C01828,P02
CP003029,C01829,P07
CP003030,C01829,P01
CP003031,C01830,P08
CP003032,C01830,P07
CP003033,C01830,P02
CP003034,C01831,P07
CP003035,C01831,P04
CP003036,C01831,P06
CP003037,C01832,P06
CP003038,C01833,P08
CP003039,C01834,P02
CP003040,C01835,P04
CP003041,C01836,P06
CP003042,C01837,P03
CP003043,C01837,P02
CP003044,C01838,P01
CP003045,C01838,P04
CP003046,C01838,P03
CP003047,C01839,P02
CP003048,C01839,P06
CP003049,C01840,P08
CP003050,C01840,P04
CP003051,C01841,P03
CP003052,C01842,P05
CP003053,C01842,P03
CP003054,C01842,P06
CP003055,C01843,P06
CP003056,C01844,P04
CP003057,C01844,P06
CP003058,C01844,P08
CP003059,C01845,P05
CP003060,C01846,P05
CP003061,C01847,P01
CP003062,C01847,P07
CP003063,C01848,P06
CP003064,C01848,P03
CP003065,C01848,P04
CP003066,C01849,P08
CP003067,C01850,P01
CP003068,C01851,P08
CP003069,C01851,P01
CP003070,C01851,P04
CP003071,C01852,P02
CP003072,C01852,P05
CP003073,C01853,P02
CP003074,C01854,P03
CP003075,C01854,P01
CP003076,C01855,P04
CP003077,C01856,P08
CP003078,C01857,P01
CP003079,C01858,P04
CP003080,C01858,P06
CP003081,C01859,P06
CP003082,C01860,P05
CP003083,C01861,P02
CP003084,C01861,P01
CP003085,C01862,P03
CP003086,C01862,P06
CP003087,C01863,P03
CP003088,C01864,P03
CP003089,C01864,P06
CP003090,C01865,P01
CP003091,C01865,P06
CP003092,C01865,P04
CP003093,C01866,P05
CP003094,C01866,P01
CP003095,C01867,P02
CP003096,C01868,P06
CP003097,C01869,P05
CP003098,C01870,P08
CP003099,C01870,P05
CP003100,C01871,P06
CP003101,C01871,P02
CP003102,C01872,P08
CP003103,C01872,P02
CP003104,C01873,P02
CP003105,C01873,P06
CP003106,C01873,P04
CP003107,C01874,P06
CP003108,C01875,P06
CP003109,C01876,P06
CP003110,C01876,P05
CP003111,C01877,P08
CP003112,C01877,P05
CP003113,C01878,P05
CP003114,C01879,P03
CP003115,C01880,P05
CP003116,C01880,P04
CP003117,C01881,P06
CP003118,C01881,P02
CP003119,C01882,P04
CP003120,C01883,P07
CP003121,C01884,P02
CP003122,C01884,P08
CP003123,C01884,P07
CP003124,C01885,P01
CP003125,C01885,P06
CP003126,C01886,P05
CP003127,C01886,P02
CP003128,C01887,P08
CP003129,C01887,P02
CP003130,C01888,P04
CP003131,C01888,P08
CP003132,C01888,P02
CP003133,C01889,P08
CP003134,C01889,P07
CP003135,C01890,P03
CP003136,C01890,P07
CP003137,C01891,P03
CP003138,C01892,P03
CP003139,C01892,P07
CP003140,C01893,P06
CP003141,C01893,P08
CP003142,C01894,P03
CP003143,C01895,P06
CP003144,C01895,P03
CP003145,C01896,P08
CP003146,C01896,P03
CP003147,C01897,P07
CP003148,C01898,P03
CP003149,C01899,P04
CP003150,C01899,P03
CP003151,C01900,P03
CP003152,C01900,P08
CP003153,C01901,P04
CP003154,C01901,P06
CP003155,C01902,P07
CP003156,C01903,P03
CP003157,C01903,P07
CP003158,C01903,P02
CP003159,C01904,P04
CP003160,C01905,P02
CP003161,C01906,P08
CP003162,C01906,P06
CP003163,C01907,P06
CP003164,C01908,P06
CP003165,C01908,P07
CP003166,C01909,P03
CP003167,C01909,P04
CP003168,C01910,P04
CP003169,C01911,P02
CP003170,C01912,P04
CP003171,C01913,P06
CP003172,C01914,P01
CP003173,C01914,P06
CP003174,C01915,P01
CP003175,C01915,P07
CP003176,C01915,P02
CP003177,C01916,P04
CP003178,C01917,P02
CP003179,C01917,P05
CP003180,C01918,P08
CP003181,C01918,P05
CP003182,C01919,P05
CP003183,C01920,P08
CP003184,C01921,P06
CP003185,C01921,P05
CP003186,C01922,P08
CP003187,C01922,P01
CP003188,C01922,P06
CP003189,C01923,P05
CP003190,C01923,P04
CP003191,C01924,P06
CP003192,C01925,P05
CP003193,C01926,P06
CP003194,C01927,P08
CP003195,C01928,P05
CP003196,C01929,P06
CP003197,C01929,P08
CP003198,C01930,P07
CP003199,C01930,P08
CP003200,C01930,P06
CP003201,C01931,P07
CP003202,C01931,P01
CP003203,C01932,P05
CP003204,C01932,P02
CP003205,C01933,P04
CP003206,C01933,P02
CP003207,C01934,P02
CP003208,C01934,P07
CP003209,C01935,P03
CP003210,C01935,P08
CP003211,C01936,P04
CP003212,C01937,P03
CP003213,C01938,P02
CP003214,C01938,P04
CP003215,C01939,P02
CP003216,C01939,P08
CP003217,C01940,P07
CP003218,C01940,P03
CP003219,C01941,P07
CP003220,C01941,P05
CP003221,C01942,P08
CP003222,C01943,P08
CP003223,C01944,P06
CP003224,C01944,P02
CP003225,C01945,P06
CP003226,C01946,P04
CP003227,C01946,P08
CP003228,C01947,P06
CP003229,C01948,P05
CP003230,C01948,P06
CP003231,C01949,P02
CP003232,C01949,P08
CP003233,C01950,P07
CP003234,C01951,P08
CP003235,C01951,P05
CP003236,C01952,P05
CP003237,C01953,P02
CP003238,C01954,P01
CP003239,C01954,P04
CP003240,C01955,P07
CP003241,C01955,P02
CP003242,C01956,P08
CP003243,C01956,P01
CP003244,C01957,P06
CP003245,C01957,P03
CP003246,C01958,P07
CP003247,C01958,P03
CP003248,C01958,P04
CP003249,C01959,P07
CP003250,C01959,P03
CP003251,C01960,P02
CP003252,C01961,P07
CP003253,C01961,P06
CP003254,C01962,P01
CP003255,C01962,P04
CP003256,C01962,P08
CP003257,C01963,P05
CP003258,C01963,P08
CP003259,C01963,P01
CP003260,C01964,P03
CP003261,C01965,P05
CP003262,C01966,P02
CP003263,C01967,P06
CP003264,C01968,P01
CP003265,C01968,P03
CP003266,C01969,P06
CP003267,C01970,P07
CP003268,C01970,P02
CP003269,C01970,P01
CP003270,C01971,P06
CP003271,C01971,P01
CP003272,C01972,P07
CP003273,C01973,P01
CP003274,C01973,P05
CP003275,C01974,P05
CP003276,C01975,P07
CP003277,C01976,P05
CP003278,C01977,P03
CP003279,C01978,P06
CP003280,C01978,P01
CP003281,C01979,P07
CP003282,C01979,P05
CP003283,C01979,P01
CP003284,C01980,P06
CP003285,C01981,P06
CP003286,C01982,P04
CP003287,C01983,P02
CP003288,C01983,P06
CP003289,C01984,P03
CP003290,C01984,P02
CP003291,C01985,P06
CP003292,C01986,P03
CP003293,C01987,P08
CP003294,C01988,P07
CP003295,C01988,P02
CP003296,C01989,P01
CP003297,C01990,P02
CP003298,C01991,P05
CP003299,C01992,P01
CP003300,C01992,P05
CP003301,C01993,P05
CP003302,C01994,P05
CP003303,C01994,P07
CP003304,C01995,P04
CP003305,C01996,P06
CP003306,C01996,P04
CP003307,C01997,P05
CP003308,C01997,P01
CP003309,C01998,P06
CP003310,C01999,P05
CP003311,C02000,P07
CP003312,C02000,P01
CP003313,C02001,P01
CP003314,C02001,P08
CP003315,C02002,P02
CP003316,C02002,P04
CP003317,C02002,P03
CP003318,C02003,P05
CP003319,C02004,P03
CP003320,C02005,P04
CP003321,C02005,P01
CP003322,C02006,P01
CP003323,C02006,P02
CP003324,C02007,P04
CP003325,C02008,P04
CP003326,C02009,P02
CP003327,C02009,P08
CP003328,C02010,P05
CP003329,C02011,P05
CP003330,C02011,P02
CP003331,C02012,P08
CP003332,C02013,P07
CP003333,C02014,P02
CP003334,C02015,P05
CP003335,C02015,P01
CP003336,C02016,P02
CP003337,C02016,P01
CP003338,C02017,P01
CP003339,C02018,P03
CP003340,C02018,P05
CP003341,C02019,P07
CP003342,C02019,P06
CP003343,C02020,P04
CP003344,C02021,P06
CP003345,C02021,P08
CP003346,C02022,P06
CP003347,C02022,P08
CP003348,C02023,P06
CP003349,C02023,P01
CP003350,C02024,P01
CP003351,C02025,P08
CP003352,C02026,P02
CP003353,C02026,P04
CP003354,C02026,P08
CP003355,C02027,P07
CP003356,C02027,P06
CP003357,C02028,P06
CP003358,C02028,P01
CP003359,C02029,P05
CP003360,C02030,P06
CP003361,C02030,P01
CP003362,C02030,P02
CP003363,C02031,P02
CP003364,C02031,P07
CP003365,C02032,P01
CP003366,C02032,P05
CP003367,C02033,P08
CP003368,C02033,P06
CP003369,C02034,P06
CP003370,C02035,P01
CP003371,C02036,P06
CP003372,C02036,P02
CP003373,C02037,P03
CP003374,C02038,P06
CP003375,C02039,P05
CP003376,C02040,P02
CP003377,C02041,P01
CP003378,C02041,P04
CP003379,C02042,P03
CP003380,C02043,P02
CP003381,C02044,P05
CP003382,C02044,P02
CP003383,C02045,P02
CP003384,C02046,P05
CP003385,C02047,P08
CP003386,C02048,P05
CP003387,C02048,P02
CP003388,C02048,P04
CP003389,C02049,P05
CP003390,C02050,P04
CP003391,C02050,P08
CP003392,C02051,P03
CP003393,C02051,P08
CP003394,C02052,P03
CP003395,C02053,P03
CP003396,C02053,P05
CP003397,C02053,P04
CP003398,C02054,P03
CP003399,C02054,P02
CP003400,C02055,P07
CP003401,C02055,P05
CP003402,C02055,P01
CP003403,C02056,P03
CP003404,C02056,P01
CP003405,C02056,P04
CP003406,C02057,P06
CP003407,C02057,P01
CP003408,C02058,P03
CP003409,C02058,P02
CP003410,C02059,P06
CP003411,C02059,P08
CP003412,C02059,P01
CP003413,C02060,P04
CP003414,C02060,P05
CP003415,C02061,P02
CP003416,C02061,P08
CP003417,C02062,P03
CP003418,C02063,P05
CP003419,C02063,P07
CP003420,C02064,P08
CP003421,C02065,P08
CP003422,C02066,P06
CP003423,C02066,P04
CP003424,C02067,P02
CP003425,C02067,P04
CP003426,C02067,P07
CP003427,C02068,P02
CP003428,C02068,P07
CP003429,C02069,P08
CP003430,C02070,P07
CP003431,C02070,P01
CP003432,C02071,P08
CP003433,C02071,P07
CP003434,C02072,P08
CP003435,C02072,P07
CP003436,C02073,P05
CP003437,C02073,P04
CP003438,C02073,P03
CP003439,C02074,P02
CP003440,C02074,P05
CP003441,C02074,P03
CP003442,C02075,P02
CP003443,C02076,P02
CP003444,C02076,P06
CP003445,C02077,P02
CP003446,C02077,P07
CP003447,C02077,P04
CP003448,C02078,P08
CP003449,C02079,P02
CP003450,C02079,P07
CP003451,C02080,P04
CP003452,C02081,P03
CP003453,C02082,P02
CP003454,C02082,P06
CP003455,C02083,P03
CP003456,C02083,P02
CP003457,C02084,P05
CP003458,C02084,P08
CP003459,C02084,P06
CP003460,C02085,P04
CP003461,C02085,P03
CP003462,C02086,P08
CP003463,C02086,P03
CP003464,C02086,P05
CP003465,C02087,P04
CP003466,C02087,P01
CP003467,C02088,P06
CP003468,C02089,P04
CP003469,C02090,P07
CP003470,C02090,P03
CP003471,C02091,P08
CP003472,C02091,P05
CP003473,C02091,P07
CP003474,C02092,P05
CP003475,C02093,P05
CP003476,C02094,P07
CP003477,C02094,P03
CP003478,C02095,P06
CP003479,C02095,P04
CP003480,C02096,P07
CP003481,C02096,P08
CP003482,C02097,P03
CP003483,C02098,P03
CP003484,C02098,P04
CP003485,C02099,P04
CP003486,C02100,P07
CP003487,C02101,P02
CP003488,C02101,P07
CP003489,C02102,P01
CP003490,C02102,P06
CP003491,C02103,P05
CP003492,C02103,P08
CP003493,C02104,P03
CP003494,C02104,P08
CP003495,C02105,P07
CP003496,C02106,P04
CP003497,C02106,P08
CP003498,C02107,P05
CP003499,C02108,P07
CP003500,C02109,P07
CP003501,C02110,P07
CP003502,C02111,P03
CP003503,C02112,P05
CP003504,C02112,P01
CP003505,C02113,P07
CP003506,C02114,P06
CP003507,C02115,P03
CP003508,C02116,P07
CP003509,C02116,P03
CP003510,C02117,P05
CP003511,C02117,P01
CP003512,C02118,P08
CP003513,C02119,P01
CP003514,C02120,P05
CP003515,C02121,P02
CP003516,C02121,P08
CP003517,C02121,P06
CP003518,C02122,P02
CP003519,C02122,P07
CP003520,C02122,P05
CP003521,C02123,P02
CP003522,C02124,P02
CP003523,C02125,P07
CP003524,C02126,P06
CP003525,C02126,P08
CP003526,C02127,P02
CP003527,C02127,P07
CP003528,C02128,P02
CP003529,C02129,P04
CP003530,C02130,P05
CP003531,C02130,P06
CP003532,C02131,P01
CP003533,C02131,P02
CP003534,C02131,P03
CP003535,C02132,P05
CP003536,C02132,P06
CP003537,C02133,P08
CP003538,C02134,P07
CP003539,C02134,P01
CP003540,C02134,P08
CP003541,C02135,P07
CP003542,C02135,P06
CP003543,C02135,P02
CP003544,C02136,P02
CP003545,C02136,P07
CP003546,C02137,P01
CP003547,C02137,P07
CP003548,C02138,P08
CP003549,C02138,P01
CP003550,C02139,P07
CP003551,C02140,P03
CP003552,C02141,P01
CP003553,C02142,P07
CP003554,C02143,P05
CP003555,C02144,P03
CP003556,C02145,P04
CP003557,C02145,P03
CP003558,C02146,P06
CP003559,C02146,P07
CP003560,C02147,P04
CP003561,C02147,P02
CP003562,C02148,P06
CP003563,C02148,P02
CP003564,C02148,P08
CP003565,C02149,P06
CP003566,C02150,P02
CP003567,C02150,P04
CP003568,C02150,P05
CP003569,C02151,P08
CP003570,C02152,P08
CP003571,C02153,P03
CP003572,C02153,P07
CP003573,C02154,P06
CP003574,C02155,P06
CP003575,C02156,P02
CP003576,C02156,P06
CP003577,C02157,P02
CP003578,C02157,P05
CP003579,C02158,P03
CP003580,C02158,P08
CP003581,C02159,P01
CP003582,C02159,P02
CP003583,C02159,P07
CP003584,C02160,P05
CP003585,C02161,P03
CP003586,C02161,P08
CP003587,C02162,P08
CP003588,C02163,P05
CP003589,C02163,P04
CP003590,C02163,P01
CP003591,C02164,P01
CP003592,C02164,P03
CP003593,C02165,P02
CP003594,C02166,P01
CP003595,C02167,P08
CP003596,C02168,P02
CP003597,C02168,P07
CP003598,C02169,P04
CP003599,C02170,P06
CP003600,C02170,P01
CP003601,C02170,P04
CP003602,C02171,P03
CP003603,C02172,P02
CP003604,C02173,P05
CP003605,C02174,P01
CP003606,C02174,P06
CP003607,C02175,P01
CP003608,C02175,P04
CP003609,C02175,P02
CP003610,C02176,P08
CP003611,C02176,P06
CP003612,C02177,P03
CP003613,C02178,P02
CP003614,C02178,P06
CP003615,C02178,P05
CP003616,C02179,P07
CP003617,C02179,P05
CP003618,C02180,P08
CP003619,C02181,P03
CP003620,C02181,P08
CP003621,C02182,P01
CP003622,C02182,P04
CP003623,C02183,P05
CP003624,C02183,P02
CP003625,C02184,P06
CP003626,C02185,P08
CP003627,C02185,P01
CP003628,C02186,P02
CP003629,C02187,P08
CP003630,C02187,P02
CP003631,C02187,P04
CP003632,C02188,P07
CP003633,C02188,P03
CP003634,C02189,P02
CP003635,C02190,P07
CP003636,C02191,P01
CP003637,C02191,P08
CP003638,C02192,P01
CP003639,C02193,P06
CP003640,C02193,P08
CP003641,C02194,P06
CP003642,C02195,P05
CP003643,C02195,P02
CP003644,C02196,P06
CP003645,C02196,P01
CP003646,C02197,P08
CP003647,C02198,P02
CP003648,C02199,P08
CP003649,C02200,P05
CP003650,C02200,P01
CP003651,C02201,P06
CP003652,C02201,P07
CP003653,C02202,P02
CP003654,C02203,P07
CP003655,C02203,P02
CP003656,C02203,P06
CP003657,C02204,P05
CP003658,C02204,P02
CP003659,C02205,P05
CP003660,C02206,P04
CP003661,C02207,P08
CP003662,C02208,P04
CP003663,C02208,P07
CP003664,C02208,P03
CP003665,C02209,P08
CP003666,C02209,P04
CP003667,C02210,P01
CP003668,C02211,P01
CP003669,C02211,P07
CP003670,C02212,P01
CP003671,C02212,P07
CP003672,C02213,P07
CP003673,C02214,P02
CP003674,C02215,P04
CP003675,C02216,P03
CP003676,C02216,P05
CP003677,C02216,P06
CP003678,C02217,P04
CP003679,C02217,P07
CP003680,C02218,P07
CP003681,C02218,P08
CP003682,C02218,P03
CP003683,C02219,P07
CP003684,C02219,P06
CP003685,C02220,P04
CP003686,C02220,P03
CP003687,C02221,P05
CP003688,C02222,P03
CP003689,C02223,P07
CP003690,C02224,P02
CP003691,C02225,P01
CP003692,C02225,P05
CP003693,C02226,P06
CP003694,C02226,P02
CP003695,C02227,P05
CP003696,C02228,P05
CP003697,C02228,P06
CP003698,C02228,P01
CP003699,C02229,P07
CP003700,C02229,P06
CP003701,C02230,P02
CP003702,C02230,P01
CP003703,C02231,P03
CP003704,C02232,P04
CP003705,C02232,P06
CP003706,C02233,P02
CP003707,C02234,P05
CP003708,C02234,P02
CP003709,C02235,P05
CP003710,C02236,P02
CP003711,C02237,P05
CP003712,C02238,P08
CP003713,C02239,P02
CP003714,C02239,P03
CP003715,C02240,P06
CP003716,C02241,P04
CP003717,C02241,P03
CP003718,C02241,P06
CP003719,C02242,P08
CP003720,C02243,P07
CP003721,C02244,P08
CP003722,C02244,P07
CP003723,C02245,P05
CP003724,C02245,P03
CP003725,C02245,P08
CP003726,C02246,P02
CP003727,C02246,P08
CP003728,C02247,P04
CP003729,C02248,P03
CP003730,C02248,P07
CP003731,C02249,P01
CP003732,C02250,P03
CP003733,C02251,P06
CP003734,C02252,P03
CP003735,C02252,P04
CP003736,C02253,P04
CP003737,C02253,P08
CP003738,C02253,P07
CP003739,C02254,P07
CP003740,C02255,P07
CP003741,C02256,P05
CP003742,C02257,P06
CP003743,C02258,P06
CP003744,C02258,P04
CP003745,C02258,P05
CP003746,C02259,P04
CP003747,C02260,P06
CP003748,C02260,P01
CP003749,C02261,P01
CP003750,C02261,P04
CP003751,C02262,P04
CP003752,C02262,P07
CP003753,C02262,P03
CP003754,C02263,P04
CP003755,C02264,P04
CP003756,C02264,P03
CP003757,C02265,P05
CP003758,C02266,P07
CP003759,C02267,P08
CP003760,C02268,P04
CP003761,C02268,P06
CP003762,C02269,P01
CP003763,C02269,P03
CP003764,C02270,P04
CP003765,C02270,P08
CP003766,C02270,P06
CP003767,C02271,P01
CP003768,C02271,P05
CP003769,C02271,P02
CP003770,C02272,P03
CP003771,C02273,P05
CP003772,C02273,P01
CP003773,C02273,P02
CP003774,C02274,P05
CP003775,C02275,P06
CP003776,C02276,P01
CP003777,C02277,P02
CP003778,C02278,P06
CP003779,C02278,P05
CP003780,C02279,P04
CP003781,C02280,P02
CP003782,C02281,P04
CP003783,C02282,P04
CP003784,C02283,P04
CP003785,C02284,P04
CP003786,C02284,P03
CP003787,C02284,P07
CP003788,C02285,P04
CP003789,C02286,P02
CP003790,C02287,P05
CP003791,C02288,P02
CP003792,C02289,P08
CP003793,C02289,P03
CP003794,C02289,P06
CP003795,C02290,P06
CP003796,C02290,P07
CP003797,C02291,P06
CP003798,C02291,P05
CP003799,C02292,P02
CP003800,C02292,P04
CP003801,C02293,P07
CP003802,C02293,P05
CP003803,C02294,P06
CP003804,C02295,P01
CP003805,C02296,P03
CP003806,C02296,P01
CP003807,C02297,P06
CP003808,C02298,P07
CP003809,C02299,P06
CP003810,C02299,P04
CP003811,C02300,P05
CP003812,C02300,P07
CP003813,C02301,P05
CP003814,C02301,P07
CP003815,C02301,P03
CP003816,C02302,P07
CP003817,C02302,P02
CP003818,C02302,P05
CP003819,C02303,P03
CP003820,C02303,P05
CP003821,C02304,P08
CP003822,C02305,P01
CP003823,C02306,P01
CP003824,C02306,P04
CP003825,C02307,P01
CP003826,C02308,P07
CP003827,C02308,P02
CP003828,C02308,P03
CP003829,C02309,P07
CP003830,C02309,P01
CP003831,C02309,P03
CP003832,C02310,P05
CP003833,C02311,P02
CP003834,C02312,P01
CP003835,C02313,P01
CP003836,C02313,P04
CP003837,C02314,P06
CP003838,C02314,P07
CP003839,C02315,P06
CP003840,C02316,P02
CP003841,C02317,P01
CP003842,C02318,P07
CP003843,C02319,P08
CP003844,C02319,P04
CP003845,C02320,P06
CP003846,C02321,P02
CP003847,C02322,P06
CP003848,C02322,P03
CP003849,C02323,P02
CP003850,C02324,P05
CP003851,C02325,P08
CP003852,C02326,P08
CP003853,C02327,P03
CP003854,C02327,P04
CP003855,C02328,P02
CP003856,C02328,P08
CP003857,C02329,P01
CP003858,C02329,P07
CP003859,C02330,P06
CP003860,C02330,P02
CP003861,C02331,P05
CP003862,C02332,P02
CP003863,C02332,P07
CP003864,C02333,P03
CP003865,C02334,P06
CP003866,C02335,P03
CP003867,C02336,P07
CP003868,C02337,P06
CP003869,C02337,P02
CP003870,C02338,P07
CP003871,C02338,P02
CP003872,C02339,P03
CP003873,C02339,P08
CP003874,C02340,P04
CP003875,C02340,P05
CP003876,C02341,P03
CP003877,C02342,P07
CP003878,C02342,P06
CP003879,C02343,P03
CP003880,C02343,P04
CP003881,C02343,P06
CP003882,C02344,P07
CP003883,C02345,P08
CP003884,C02346,P08
CP003885,C02346,P03
CP003886,C02347,P03
CP003887,C02347,P01
CP003888,C02348,P07
CP003889,C02349,P08
CP003890,C02350,P07
CP003891,C02350,P03
CP003892,C02351,P08
CP003893,C02352,P01
CP003894,C02352,P07
CP003895,C02353,P08
CP003896,C02354,P04
CP003897,C02355,P03
CP003898,C02356,P02
CP003899,C02357,P07
CP003900,C02357,P02
CP003901,C02358,P02
CP003902,C02358,P01
CP003903,C02359,P05
CP003904,C02359,P01
CP003905,C02359,P04
CP003906,C02360,P04
CP003907,C02361,P02
CP003908,C02361,P03
CP003909,C02362,P06
CP003910,C02363,P01
CP003911,C02363,P06
CP003912,C02364,P07
CP003913,C02364,P05
CP003914,C02365,P05
CP003915,C02365,P01
CP003916,C02366,P08
CP003917,C02367,P01
CP003918,C02367,P08
CP003919,C02368,P04
CP003920,C02369,P05
CP003921,C02370,P04
CP003922,C02370,P08
CP003923,C02370,P06
CP003924,C02371,P07
CP003925,C02372,P05
CP003926,C02373,P05
CP003927,C02374,P01
CP003928,C02375,P08
CP003929,C02376,P05
CP003930,C02376,P02
CP003931,C02377,P08
CP003932,C02378,P01
CP003933,C02379,P01
CP003934,C02380,P08
CP003935,C02380,P02
CP003936,C02381,P05
CP003937,C02382,P01
CP003938,C02382,P07
CP003939,C02382,P03
CP003940,C02383,P03
CP003941,C02384,P04
CP003942,C02384,P06
CP003943,C02385,P05
CP003944,C02386,P01
CP003945,C02387,P01
CP003946,C02387,P06
CP003947,C02388,P02
CP003948,C02388,P08
CP003949,C02389,P07
CP003950,C02390,P03
CP003951,C02391,P08
CP003952,C02391,P03
CP003953,C02391,P01
CP003954,C02392,P04
CP003955,C02393,P06
CP003956,C02394,P05
CP003957,C02395,P04
CP003958,C02396,P01
CP003959,C02397,P03
CP003960,C02397,P02
CP003961,C02397,P04
CP003962,C02398,P04
CP003963,C02399,P01
CP003964,C02400,P06
CP003965,C02400,P04
CP003966,C02401,P08
CP003967,C02402,P05
CP003968,C02403,P07
CP003969,C02403,P05
CP003970,C02404,P05
CP003971,C02404,P03
CP003972,C02404,P04
CP003973,C02405,P07
CP003974,C02405,P08
CP003975,C02406,P04
CP003976,C02406,P06
CP003977,C02406,P05
CP003978,C02407,P06
CP003979,C02407,P08
CP003980,C02407,P05
CP003981,C02408,P01
CP003982,C02408,P07
CP003983,C02409,P04
CP003984,C02410,P08
CP003985,C02411,P04
CP003986,C02411,P02
CP003987,C02412,P08
CP003988,C02413,P02
CP003989,C02413,P04
CP003990,C02414,P04
CP003991,C02414,P08
CP003992,C02415,P02
CP003993,C02415,P03
CP003994,C02416,P08
CP003995,C02417,P02
CP003996,C02418,P05
CP003997,C02419,P02
CP003998,C02419,P04
CP003999,C02419,P05
CP004000,C02420,P01
CP004001,C02421,P07
CP004002,C02422,P03
CP004003,C02423,P02
CP004004,C02423,P01
CP004005,C02424,P03
CP004006,C02424,P02
CP004007,C02425,P07
CP004008,C02425,P02
CP004009,C02426,P02
CP004010,C02426,P04
CP004011,C02426,P06
CP004012,C02427,P05
CP004013,C02428,P07
CP004014,C02428,P08
CP004015,C02429,P04
CP004016,C02429,P02
CP004017,C02430,P08
CP004018,C02431,P07
CP004019,C02432,P07
CP004020,C02432,P02
CP004021,C02433,P04
CP004022,C02434,P04
CP004023,C02435,P02
CP004024,C02435,P03
CP004025,C02435,P05
CP004026,C02436,P04
CP004027,C02437,P08
CP004028,C02438,P08
CP004029,C02439,P04
CP004030,C02439,P07
CP004031,C02440,P04
CP004032,C02440,P08
CP004033,C02441,P06
CP004034,C02441,P02
CP004035,C02442,P04
CP004036,C02443,P01
CP004037,C02444,P06
CP004038,C02445,P07
CP004039,C02445,P06
CP004040,C02446,P06
CP004041,C02447,P05
CP004042,C02448,P06
CP004043,C02449,P07
CP004044,C02449,P04
CP004045,C02449,P06
CP004046,C02450,P05
CP004047,C02451,P06
CP004048,C02452,P01
CP004049,C02452,P05
CP004050,C02453,P06
CP004051,C02454,P06
CP004052,C02455,P03
CP004053,C02455,P06
CP004054,C02456,P06
CP004055,C02457,P07
CP004056,C02457,P04
CP004057,C02458,P04
CP004058,C02458,P08
CP004059,C02458,P06
CP004060,C02459,P03
CP004061,C02459,P04
CP004062,C02460,P01
CP004063,C02460,P04
CP004064,C02461,P04
CP004065,C02462,P03
CP004066,C02463,P01
CP004067,C02464,P01
CP004068,C02464,P04
CP004069,C02465,P01
CP004070,C02465,P06
CP004071,C02465,P07
CP004072,C02466,P06
CP004073,C02467,P02
CP004074,C02467,P01
CP004075,C02468,P07
CP004076,C02468,P01
CP004077,C02469,P05
CP004078,C02470,P02
CP004079,C02471,P07
CP004080,C02472,P01
CP004081,C02473,P01
CP004082,C02473,P08
CP004083,C02473,P04
CP004084,C02474,P07
CP004085,C02475,P01
CP004086,C02476,P07
CP004087,C02477,P06
CP004088,C02477,P07
CP004089,C02478,P08
CP004090,C02478,P06
CP004091,C02479,P03
CP004092,C02479,P06
CP004093,C02480,P05
CP004094,C02481,P02
CP004095,C02481,P05
CP004096,C02482,P02
CP004097,C02482,P04
CP004098,C02483,P04
CP004099,C02483,P07
CP004100,C02484,P05
CP004101,C02485,P07
CP004102,C02486,P03
CP004103,C02487,P05
CP004104,C02487,P03
CP004105,C02488,P05
CP004106,C02489,P07
CP004107,C02490,P08
CP004108,C02490,P07
CP004109,C02491,P07
CP004110,C02492,P04
CP004111,C02492,P05
CP004112,C02493,P05
CP004113,C02494,P06
CP004114,C02494,P07
CP004115,C02494,P03
CP004116,C02495,P01
CP004117,C02495,P04
CP004118,C02496,P05
CP004119,C02496,P07
CP004120,C02497,P05
CP004121,C02497,P01
CP004122,C02498,P05
CP004123,C02498,P07
CP004124,C02499,P01
CP004125,C02500,P08
CP004126,C02500,P01
CP004127,C02501,P05
CP004128,C02501,P08
CP004129,C02502,P01
CP004130,C02502,P06
CP004131,C02503,P06
CP004132,C02503,P04
CP004133,C02504,P07
CP004134,C02505,P06
CP004135,C02506,P07
CP004136,C02507,P02
CP004137,C02507,P07
CP004138,C02508,P04
CP004139,C02509,P05
CP004140,C02510,P02
CP004141,C02510,P08
CP004142,C02510,P01
CP004143,C02511,P08
CP004144,C02511,P01
CP004145,C02511,P06
CP004146,C02512,P04
CP004147,C02513,P02
CP004148,C02513,P07
CP004149,C02514,P06
CP004150,C02514,P03
CP004151,C02514,P07
CP004152,C02515,P01
CP004153,C02515,P03
CP004154,C02516,P06
CP004155,C02517,P02
CP004156,C02517,P01
CP004157,C02518,P04
CP004158,C02519,P03
CP004159,C02519,P04
CP004160,C02520,P05
CP004161,C02521,P02
CP004162,C02522,P06
CP004163,C02522,P07
CP004164,C02522,P08
CP004165,C02523,P07
CP004166,C02523,P04
CP004167,C02524,P07
CP004168,C02524,P05
CP004169,C02525,P06
CP004170,C02526,P05
CP004171,C02526,P08
CP004172,C02526,P01
CP004173,C02527,P08
CP004174,C02527,P04
CP004175,C02527,P02
CP004176,C02528,P04
CP004177,C02528,P06
CP004178,C02529,P03
CP004179,C02529,P02
CP004180,C02530,P03
CP004181,C02531,P07
CP004182,C02532,P04
CP004183,C02533,P03
CP004184,C02534,P08
CP004185,C02535,P07
CP004186,C02536,P07
CP004187,C02537,P07
CP004188,C02537,P08
CP004189,C02537,P01
CP004190,C02538,P07
CP004191,C02539,P07
CP004192,C02539,P04
CP004193,C02540,P05
CP004194,C02540,P04
CP004195,C02540,P02
CP004196,C02541,P04
CP004197,C02541,P03
CP004198,C02541,P01
CP004199,C02542,P06
CP004200,C02542,P07
CP004201,C02542,P02
CP004202,C02543,P08
CP004203,C02543,P01
CP004204,C02544,P02
CP004205,C02544,P03
CP004206,C02545,P08
CP004207,C02546,P06
CP004208,C02547,P07
CP004209,C02547,P02
CP004210,C02548,P07
CP004211,C02548,P01
CP004212,C02549,P03
CP004213,C02549,P01
CP004214,C02550,P03
CP004215,C02551,P05
CP004216,C02552,P07
CP004217,C02553,P01
CP004218,C02554,P04
CP004219,C02555,P03
CP004220,C02556,P06
CP004221,C02556,P03
CP004222,C02557,P08
CP004223,C02557,P06
CP004224,C02558,P05
CP004225,C02558,P01
CP004226,C02559,P04
CP004227,C02559,P05
CP004228,C02560,P01
CP004229,C02560,P03
CP004230,C02560,P07
CP004231,C02561,P02
CP004232,C02561,P01
CP004233,C02562,P05
CP004234,C02563,P06
CP004235,C02564,P02
CP004236,C02565,P03
CP004237,C02565,P07
CP004238,C02565,P02
CP004239,C02566,P03
CP004240,C02567,P08
CP004241,C02568,P03
CP004242,C02568,P07
CP004243,C02569,P04
CP004244,C02569,P02
CP004245,C02570,P07
CP004246,C02571,P07
CP004247,C02571,P03
CP004248,C02572,P04
CP004249,C02573,P07
CP004250,C02574,P01
CP004251,C02575,P02
CP004252,C02576,P05
CP004253,C02576,P03
CP004254,C02576,P06
CP004255,C02577,P04
CP004256,C02578,P02
CP004257,C02578,P01
CP004258,C02579,P01
CP004259,C02580,P07
CP004260,C02581,P03
CP004261,C02581,P02
CP004262,C02582,P01
CP004263,C02582,P05
CP004264,C02583,P08
CP004265,C02584,P07
CP004266,C02584,P03
CP004267,C02585,P04
CP004268,C02585,P02
CP004269,C02586,P07
CP004270,C02587,P02
CP004271,C02587,P06
CP004272,C02588,P07
CP004273,C02588,P04
CP004274,C02589,P05
CP004275,C02589,P06
CP004276,C02590,P07
CP004277,C02591,P04
CP004278,C02591,P07
CP004279,C02592,P07
CP004280,C02593,P07
CP004281,C02593,P05
CP004282,C02594,P04
CP004283,C02595,P04
CP004284,C02595,P07
CP004285,C02596,P06
CP004286,C02597,P08
CP004287,C02598,P05
CP004288,C02598,P06
CP004289,C02599,P05
CP004290,C02600,P06
CP004291,C02601,P06
CP004292,C02601,P04
CP004293,C02602,P08
CP004294,C02603,P01
CP004295,C02604,P03
CP004296,C02605,P02
CP004297,C02605,P04
CP004298,C02605,P01
CP004299,C02606,P07
CP004300,C02606,P02
CP004301,C02607,P04
CP004302,C02607,P06
CP004303,C02608,P04
CP004304,C02608,P06
CP004305,C02609,P05
CP004306,C02609,P07
CP004307,C02610,P02
CP004308,C02610,P05
CP004309,C02611,P06
CP004310,C02612,P06
CP004311,C02613,P03
CP004312,C02613,P06
CP004313,C02614,P01
CP004314,C02615,P03
CP004315,C02616,P03
CP004316,C02617,P07
CP004317,C02617,P05
CP004318,C02618,P05
CP004319,C02618,P04
CP004320,C02618,P06
CP004321,C02619,P05
CP004322,C02619,P07
CP004323,C02620,P08
CP004324,C02621,P07
CP004325,C02622,P02
CP004326,C02622,P04
CP004327,C02623,P08
CP004328,C02623,P02
CP004329,C02623,P03
CP004330,C02624,P01
CP004331,C02624,P06
CP004332,C02625,P06
CP004333,C02625,P01
CP004334,C02625,P02
CP004335,C02626,P07
CP004336,C02627,P08
CP004337,C02627,P01
CP004338,C02628,P08
CP004339,C02628,P05
CP004340,C02629,P02
CP004341,C02630,P04
CP004342,C02630,P08
CP004343,C02630,P01
CP004344,C02631,P04
CP004345,C02631,P05
CP004346,C02632,P02
CP004347,C02632,P06
CP004348,C02633,P04
CP004349,C02634,P04
CP004350,C02634,P05
CP004351,C02635,P08
CP004352,C02636,P06
CP004353,C02636,P02
CP004354,C02637,P02
CP004355,C02637,P07
CP004356,C02638,P07
CP004357,C02638,P04
CP004358,C02638,P03
CP004359,C02639,P03
CP004360,C02640,P05
CP004361,C02641,P04
CP004362,C02642,P04
CP004363,C02643,P05
CP004364,C02644,P06
CP004365,C02644,P03
CP004366,C02645,P03
CP004367,C02646,P03
CP004368,C02646,P02
CP004369,C02646,P07
CP004370,C02647,P04
CP004371,C02648,P08
CP004372,C02649,P01
CP004373,C02649,P08
CP004374,C02649,P05
CP004375,C02650,P06
CP004376,C02650,P03
CP004377,C02650,P01
CP004378,C02651,P02
CP004379,C02652,P02
CP004380,C02652,P05
CP004381,C02653,P01
CP004382,C02654,P06
CP004383,C02655,P05
CP004384,C02655,P07
CP004385,C02656,P04
CP004386,C02657,P08
CP004387,C02658,P03
CP004388,C02659,P02
CP004389,C02659,P03
CP004390,C02660,P01
CP004391,C02660,P08
CP004392,C02661,P02
CP004393,C02662,P08
CP004394,C02662,P07
CP004395,C02663,P02
CP004396,C02663,P06
CP004397,C02664,P02
CP004398,C02664,P05
CP004399,C02665,P08
CP004400,C02666,P02
CP004401,C02667,P06
CP004402,C02668,P01
CP004403,C02669,P07
CP004404,C02669,P05
CP004405,C02670,P03
CP004406,C02670,P05
CP004407,C02671,P05
CP004408,C02671,P08
CP004409,C02672,P02
CP004410,C02672,P05
CP004411,C02673,P05
CP004412,C02674,P04
CP004413,C02675,P05
CP004414,C02676,P08
CP004415,C02676,P07
CP004416,C02677,P06
CP004417,C02677,P02
CP004418,C02678,P01
CP004419,C02679,P03
CP004420,C02680,P04
CP004421,C02681,P06
CP004422,C02682,P05
CP004423,C02683,P05
CP004424,C02683,P01
CP004425,C02684,P06
CP004426,C02685,P08
CP004427,C02685,P01
CP004428,C02686,P01
CP004429,C02686,P04
CP004430,C02686,P07
CP004431,C02687,P06
CP004432,C02688,P01
CP004433,C02689,P08
CP004434,C02690,P08
CP004435,C02690,P01
CP004436,C02691,P04
CP004437,C02691,P02
CP004438,C02692,P07
CP004439,C02692,P01
CP004440,C02693,P04
CP004441,C02694,P06
CP004442,C02695,P03
CP004443,C02695,P06
CP004444,C02695,P01
CP004445,C02696,P04
CP004446,C02696,P06
CP004447,C02697,P04
CP004448,C02697,P08
CP004449,C02698,P01
CP004450,C02698,P08
CP004451,C02699,P05
CP004452,C02699,P07
CP004453,C02699,P03
CP004454,C02700,P08
CP004455,C02700,P05
CP004456,C02701,P03
CP004457,C02702,P04
CP004458,C02703,P03
CP004459,C02703,P01
CP004460,C02704,P01
CP004461,C02705,P02
CP004462,C02705,P05
CP004463,C02706,P06
CP004464,C02707,P07
CP004465,C02708,P02
CP004466,C02709,P05
CP004467,C02709,P06
CP004468,C02710,P06
CP004469,C02710,P07
CP004470,C02710,P03
CP004471,C02711,P02
CP004472,C02711,P08
CP004473,C02712,P04
CP004474,C02712,P08
CP004475,C02712,P05
CP004476,C02713,P06
CP004477,C02713,P04
CP004478,C02714,P04
CP004479,C02715,P07
CP004480,C02715,P04
CP004481,C02715,P01
CP004482,C02716,P01
CP004483,C02717,P02
CP004484,C02718,P03
CP004485,C02719,P08
CP004486,C02719,P05
CP004487,C02720,P08
CP004488,C02721,P04
CP004489,C02722,P03
CP004490,C02723,P07
CP004491,C02723,P02
CP004492,C02724,P01
CP004493,C02724,P08
CP004494,C02725,P08
CP004495,C02726,P02
CP004496,C02727,P06
CP004497,C02727,P02
CP004498,C02727,P04
CP004499,C02728,P08
CP004500,C02729,P04
CP004501,C02730,P05
CP004502,C02731,P07
CP004503,C02732,P01
CP004504,C02732,P04
CP004505,C02733,P03
CP004506,C02733,P04
CP004507,C02734,P06
CP004508,C02735,P04
CP004509,C02735,P02
CP004510,C02736,P02
CP004511,C02736,P06
CP004512,C02737,P08
CP004513,C02738,P06
CP004514,C02738,P03
CP004515,C02739,P06
CP004516,C02740,P04
CP004517,C02741,P02
CP004518,C02742,P06
CP004519,C02743,P02
CP004520,C02743,P07
CP004521,C02744,P03
CP004522,C02745,P01
CP004523,C02746,P04
CP004524,C02747,P04
CP004525,C02748,P04
CP004526,C02749,P05
CP004527,C02750,P07
CP004528,C02751,P07
CP004529,C02751,P01
CP004530,C02752,P08
CP004531,C02752,P07
CP004532,C02752,P04
CP004533,C02753,P03
CP004534,C02753,P01
CP004535,C02753,P05
CP004536,C02754,P05
CP004537,C02754,P06
CP004538,C02755,P05
CP004539,C02755,P08
CP004540,C02756,P03
CP004541,C02757,P02
CP004542,C02757,P06
CP004543,C02757,P01
CP004544,C02758,P02
CP004545,C02758,P04
CP004546,C02759,P01
CP004547,C02760,P04
CP004548,C02761,P05
CP004549,C02762,P02
CP004550,C02762,P08
CP004551,C02763,P05
CP004552,C02763,P06
CP004553,C02764,P02
CP004554,C02764,P06
CP004555,C02765,P08
CP004556,C02766,P07
CP004557,C02767,P02
CP004558,C02767,P04
CP004559,C02768,P02
CP004560,C02769,P05
CP004561,C02770,P02
CP004562,C02771,P06
CP004563,C02771,P04
CP004564,C02772,P06
CP004565,C02773,P05
CP004566,C02773,P02
CP004567,C02774,P01
CP004568,C02774,P07
CP004569,C02775,P02
CP004570,C02775,P07
CP004571,C02776,P07
CP004572,C02776,P08
CP004573,C02777,P01
CP004574,C02777,P06
CP004575,C02778,P04
CP004576,C02779,P04
CP004577,C02779,P02
CP004578,C02780,P06
CP004579,C02780,P05
CP004580,C02781,P03
CP004581,C02782,P06
CP004582,C02782,P02
CP004583,C02783,P04
CP004584,C02784,P07
CP004585,C02784,P03
CP004586,C02785,P03
CP004587,C02786,P01
CP004588,C02786,P02
CP004589,C02786,P07
CP004590,C02787,P02
CP004591,C02788,P03
CP004592,C02788,P07
CP004593,C02789,P08
CP004594,C02790,P04
CP004595,C02790,P01
CP004596,C02791,P07
CP004597,C02791,P03
CP004598,C02792,P01
CP004599,C02792,P05
CP004600,C02793,P06
CP004601,C02794,P08
CP004602,C02795,P04
CP004603,C02796,P01
CP004604,C02797,P04
CP004605,C02798,P04
CP004606,C02799,P03
CP004607,C02800,P03
CP004608,C02800,P04
CP004609,C02800,P02
CP004610,C02801,P02
CP004611,C02801,P08
CP004612,C02802,P01
CP004613,C02803,P02
CP004614,C02804,P06
CP004615,C02805,P04
CP004616,C02805,P01
CP004617,C02806,P07
CP004618,C02806,P06
CP004619,C02806,P05
CP004620,C02807,P01
CP004621,C02807,P04
CP004622,C02808,P07
CP004623,C02808,P02
CP004624,C02809,P06
CP004625,C02810,P05
CP004626,C02811,P06
CP004627,C02812,P08
CP004628,C02812,P06
CP004629,C02813,P03
CP004630,C02814,P07
CP004631,C02814,P06
CP004632,C02814,P05
CP004633,C02815,P05
CP004634,C02816,P08
CP004635,C02817,P01
CP004636,C02817,P04
CP004637,C02818,P06
CP004638,C02819,P07
CP004639,C02820,P03
CP004640,C02820,P05
CP004641,C02821,P05
CP004642,C02821,P01
CP004643,C02822,P05
CP004644,C02823,P01
CP004645,C02824,P04
CP004646,C02824,P06
CP004647,C02825,P01
CP004648,C02825,P07
CP004649,C02826,P04
CP004650,C02827,P02
CP004651,C02827,P03
CP004652,C02827,P07
CP004653,C02828,P08
CP004654,C02829,P06
CP004655,C02829,P07
CP004656,C02830,P02
CP004657,C02831,P08
CP004658,C02831,P03
CP004659,C02832,P07
CP004660,C02832,P05
CP004661,C02833,P05
CP004662,C02834,P04
CP004663,C02835,P01
CP004664,C02836,P05
CP004665,C02836,P01
CP004666,C02836,P06
CP004667,C02837,P07
CP004668,C02837,P05
CP004669,C02838,P08
CP004670,C02839,P08
CP004671,C02839,P05
CP004672,C02840,P08
CP004673,C02841,P06
CP004674,C02842,P03
CP004675,C02842,P05
CP004676,C02842,P01
CP004677,C02843,P08
CP004678,C02843,P07
CP004679,C02843,P02
CP004680,C02844,P03
CP004681,C02844,P08
CP004682,C02844,P07
CP004683,C02845,P08
CP004684,C02845,P02
CP004685,C02846,P02
CP004686,C02847,P06
CP004687,C02848,P02
CP004688,C02848,P04
CP004689,C02848,P08
CP004690,C02849,P03
CP004691,C02850,P01
CP004692,C02850,P06
CP004693,C02851,P02
CP004694,C02852,P01
CP004695,C02852,P06
CP004696,C02853,P05
CP004697,C02853,P08
CP004698,C02854,P04
CP004699,C02854,P03
CP004700,C02855,P07
CP004701,C02855,P04
CP004702,C02855,P08
CP004703,C02856,P06
CP004704,C02857,P01
CP004705,C02857,P03
CP004706,C02857,P05
CP004707,C02858,P04
CP004708,C02859,P01
CP004709,C02859,P06
CP004710,C02860,P02
CP004711,C02860,P04
CP004712,C02860,P08
CP004713,C02861,P05
CP004714,C02862,P05
CP004715,C02863,P08
CP004716,C02863,P07
CP004717,C02863,P03
CP004718,C02864,P05
CP004719,C02864,P04
CP004720,C02865,P05
CP004721,C02866,P04
CP004722,C02867,P05
CP004723,C02868,P06
CP004724,C02868,P01
CP004725,C02869,P08
CP004726,C02869,P05
CP004727,C02869,P07
CP004728,C02870,P07
CP004729,C02871,P05
CP004730,C02871,P07
CP004731,C02872,P01
CP004732,C02872,P08
CP004733,C02873,P08
CP004734,C02873,P05
CP004735,C02874,P08
CP004736,C02875,P03
CP004737,C02875,P07
CP004738,C02875,P01
CP004739,C02876,P03
CP004740,C02877,P04
CP004741,C02878,P03
CP004742,C02878,P06
CP004743,C02879,P06
CP004744,C02880,P02
CP004745,C02880,P01
CP004746,C02880,P06
CP004747,C02881,P07
CP004748,C02881,P06
CP004749,C02882,P02
CP004750,C02882,P08
CP004751,C02882,P03
CP004752,C02883,P06
CP004753,C02884,P03
CP004754,C02885,P06
CP004755,C02885,P05
CP004756,C02885,P01
CP004757,C02886,P07
CP004758,C02886,P01
CP004759,C02887,P08
CP004760,C02888,P04
CP004761,C02889,P06
CP004762,C02890,P03
CP004763,C02890,P02
CP004764,C02891,P06
CP004765,C02891,P02
CP004766,C02892,P01
CP004767,C02892,P03
CP004768,C02893,P05
CP004769,C02894,P08
CP004770,C02894,P03
CP004771,C02895,P07
CP004772,C02896,P07
CP004773,C02896,P02
CP004774,C02897,P04
CP004775,C02898,P05
CP004776,C02899,P03
CP004777,C02899,P07
CP004778,C02899,P05
CP004779,C02900,P08
CP004780,C02900,P05
CP004781,C02901,P01
CP004782,C02902,P07
CP004783,C02902,P05
CP004784,C02903,P07
CP004785,C02904,P07
CP004786,C02905,P04
CP004787,C02906,P03
CP004788,C02907,P08
CP004789,C02907,P02
CP004790,C02907,P03
CP004791,C02908,P05
CP004792,C02908,P06
CP004793,C02909,P05
CP004794,C02910,P08
CP004795,C02911,P01
CP004796,C02912,P03
CP004797,C02912,P01
CP004798,C02913,P05
CP004799,C02913,P02
CP004800,C02914,P07
CP004801,C02915,P08
CP004802,C02916,P01
CP004803,C02917,P03
CP004804,C02917,P07
CP004805,C02918,P02
CP004806,C02919,P06
CP004807,C02919,P01
CP004808,C02919,P08
CP004809,C02920,P01
CP004810,C02921,P03
CP004811,C02922,P06
CP004812,C02922,P08
CP004813,C02923,P08
CP004814,C02924,P07
CP004815,C02924,P04
CP004816,C02925,P02
CP004817,C02925,P08
CP004818,C02926,P03
CP004819,C02926,P04
CP004820,C02927,P03
CP004821,C02928,P07
CP004822,C02928,P02
CP004823,C02929,P03
CP004824,C02930,P03
CP004825,C02930,P04
CP004826,C02931,P03
CP004827,C02932,P06
CP004828,C02932,P05
CP004829,C02933,P07
CP004830,C02933,P04
CP004831,C02934,P02
CP004832,C02935,P03
CP004833,C02936,P05
CP004834,C02937,P08
CP004835,C02938,P02
CP004836,C02938,P05
CP004837,C02939,P01
CP004838,C02939,P06
CP004839,C02939,P07
CP004840,C02940,P02
CP004841,C02941,P06
CP004842,C02942,P03
CP004843,C02942,P08
CP004844,C02942,P06
CP004845,C02943,P03
CP004846,C02944,P03
CP004847,C02944,P08
CP004848,C02945,P04
CP004849,C02946,P08
CP004850,C02947,P03
CP004851,C02948,P02
CP004852,C02949,P08
CP004853,C02949,P06
CP004854,C02950,P05
CP004855,C02951,P02
CP004856,C02952,P04
CP004857,C02952,P07
CP004858,C02953,P08
CP004859,C02954,P06
CP004860,C02954,P03
CP004861,C02954,P05
CP004862,C02955,P04
CP004863,C02955,P03
CP004864,C02956,P01
CP004865,C02957,P05
CP004866,C02958,P08
CP004867,C02958,P07
CP004868,C02959,P03
CP004869,C02960,P08
CP004870,C02961,P08
CP004871,C02961,P01
CP004872,C02961,P06
CP004873,C02962,P04
CP004874,C02962,P07
CP004875,C02963,P02
CP004876,C02963,P07
CP004877,C02964,P04
CP004878,C02965,P04
CP004879,C02965,P08
CP004880,C02966,P02
CP004881,C02967,P01
CP004882,C02967,P05
CP004883,C02968,P07
CP004884,C02968,P01
CP004885,C02969,P02
CP004886,C02969,P05
CP004887,C02970,P05
CP004888,C02970,P04
CP004889,C02970,P03
CP004890,C02971,P07
CP004891,C02972,P08
CP004892,C02973,P08
CP004893,C02974,P01
CP004894,C02974,P07
CP004895,C02975,P03
CP004896,C02975,P07
CP004897,C02976,P08
CP004898,C02976,P06
CP004899,C02977,P04
CP004900,C02977,P07
CP004901,C02978,P07
CP004902,C02978,P08
CP004903,C02979,P01
CP004904,C02980,P01
CP004905,C02980,P04
CP004906,C02981,P01
CP004907,C02982,P05
CP004908,C02983,P01
CP004909,C02983,P02
CP004910,C02984,P05
CP004911,C02984,P06
CP004912,C02985,P08
CP004913,C02986,P06
CP004914,C02987,P02
CP004915,C02988,P08
CP004916,C02988,P05
CP004917,C02989,P01
CP004918,C02990,P08
CP004919,C02991,P08
CP004920,C02992,P04
CP004921,C02993,P04
CP004922,C02994,P04
CP004923,C02994,P03
CP004924,C02995,P05
CP004925,C02996,P08
CP004926,C02996,P07
CP004927,C02997,P06
CP004928,C02997,P03
CP004929,C02997,P04
CP004930,C02998,P08
CP004931,C02998,P03
CP004932,C02999,P02
CP004933,C02999,P01
CP004934,C02999,P07
CP004935,C03000,P04
CP004936,C03000,P07
CP004937,C03001,P03
CP004938,C03001,P07
CP004939,C03002,P07
CP004940,C03003,P08
CP004941,C03003,P06
CP004942,C03004,P05
CP004943,C03004,P03
CP004944,C03004,P08
CP004945,C03005,P05
CP004946,C03006,P04
CP004947,C03006,P01
CP004948,C03007,P08
CP004949,C03008,P08
CP004950,C03008,P02
CP004951,C03008,P03
CP004952,C03009,P03
CP004953,C03010,P06
CP004954,C03011,P01
CP004955,C03012,P02
CP004956,C03013,P08
CP004957,C03014,P08
CP004958,C03015,P07
CP004959,C03015,P03
CP004960,C03016,P02
CP004961,C03017,P06
CP004962,C03017,P07
CP004963,C03018,P01
CP004964,C03018,P08
CP004965,C03019,P08
CP004966,C03020,P01
CP004967,C03020,P08
CP004968,C03021,P08
CP004969,C03022,P05
CP004970,C03023,P08
CP004971,C03024,P05
CP004972,C03024,P01
CP004973,C03025,P05
CP004974,C03026,P01
CP004975,C03026,P05
CP004976,C03027,P01
CP004977,C03028,P01
CP004978,C03028,P03
CP004979,C03029,P03
CP004980,C03030,P02
CP004981,C03030,P05
CP004982,C03031,P03
CP004983,C03032,P02
CP004984,C03033,P07
CP004985,C03034,P03
CP004986,C03035,P05
CP004987,C03035,P07
CP004988,C03036,P05
CP004989,C03036,P06
CP004990,C03037,P05
CP004991,C03038,P03
CP004992,C03039,P04
CP004993,C03040,P02
CP004994,C03041,P08
CP004995,C03042,P08
CP004996,C03043,P02
CP004997,C03044,P02
CP004998,C03044,P06
CP004999,C03045,P08
CP005000,C03046,P06
CP005001,C03047,P01
CP005002,C03048,P03
CP005003,C03048,P07
CP005004,C03049,P08
CP005005,C03050,P01
CP005006,C03051,P02
CP005007,C03051,P05
CP005008,C03052,P01
CP005009,C03053,P01
CP005010,C03054,P06
CP005011,C03054,P03
CP005012,C03054,P08
CP005013,C03055,P04
CP005014,C03056,P06
CP005015,C03057,P01
CP005016,C03058,P07
CP005017,C03058,P02
CP005018,C03059,P08
CP005019,C03060,P04
CP005020,C03060,P05
CP005021,C03060,P07
CP005022,C03061,P08
CP005023,C03062,P07
CP005024,C03062,P03
CP005025,C03063,P03
CP005026,C03064,P06
CP005027,C03064,P01
CP005028,C03065,P02
CP005029,C03066,P01
CP005030,C03066,P08
CP005031,C03067,P03
CP005032,C03067,P06
CP005033,C03068,P03
CP005034,C03068,P06
CP005035,C03069,P05
CP005036,C03070,P02
CP005037,C03070,P04
CP005038,C03071,P06
CP005039,C03072,P03
CP005040,C03072,P05
CP005041,C03073,P06
CP005042,C03073,P04
CP005043,C03074,P06
CP005044,C03074,P05
CP005045,C03075,P06
CP005046,C03075,P03
CP005047,C03076,P06
CP005048,C03077,P04
CP005049,C03078,P04
CP005050,C03078,P05
CP005051,C03079,P01
CP005052,C03079,P08
CP005053,C03079,P04
CP005054,C03080,P01
CP005055,C03081,P01
CP005056,C03082,P04
CP005057,C03082,P08
CP005058,C03083,P01
CP005059,C03083,P07
CP005060,C03084,P01
CP005061,C03085,P07
CP005062,C03086,P08
CP005063,C03086,P03
CP005064,C03087,P05
CP005065,C03087,P03
CP005066,C03088,P07
CP005067,C03088,P05
CP005068,C03088,P06
CP005069,C03089,P07
CP005070,C03090,P06
CP005071,C03090,P04
CP005072,C03091,P04
CP005073,C03092,P04
CP005074,C03092,P05
CP005075,C03093,P02
CP005076,C03094,P07
CP005077,C03095,P02
CP005078,C03096,P08
CP005079,C03097,P08
CP005080,C03097,P06
CP005081,C03098,P08
CP005082,C03098,P03
CP005083,C03098,P04
CP005084,C03099,P04
CP005085,C03100,P06
CP005086,C03100,P04
CP005087,C03101,P03
CP005088,C03101,P06
CP005089,C03102,P01
CP005090,C03102,P02
CP005091,C03102,P07
CP005092,C03103,P04
CP005093,C03104,P05
CP005094,C03104,P02
CP005095,C03105,P03
CP005096,C03105,P05
CP005097,C03105,P04
CP005098,C03106,P07
CP005099,C03106,P03
CP005100,C03106,P05
CP005101,C03107,P07
CP005102,C03108,P02
CP005103,C03109,P02
CP005104,C03110,P04
CP005105,C03111,P02
CP005106,C03111,P08
CP005107,C03112,P04
CP005108,C03112,P07
CP005109,C03113,P06
CP005110,C03113,P01
CP005111,C03114,P06
CP005112,C03114,P04
CP005113,C03115,P06
CP005114,C03116,P08
CP005115,C03117,P07
CP005116,C03118,P07
CP005117,C03119,P02
CP005118,C03120,P04
CP005119,C03120,P01
CP005120,C03120,P05
CP005121,C03121,P08
CP005122,C03121,P06
CP005123,C03122,P06
CP005124,C03122,P07
CP005125,C03123,P01
CP005126,C03124,P06
CP005127,C03124,P01
CP005128,C03125,P02
CP005129,C03125,P07
CP005130,C03126,P05
CP005131,C03127,P07
CP005132,C03128,P01
CP005133,C03129,P02
CP005134,C03130,P04
CP005135,C03130,P08
CP005136,C03131,P02
CP005137,C03131,P07
CP005138,C03132,P02
CP005139,C03132,P03
CP005140,C03133,P06
CP005141,C03134,P02
CP005142,C03134,P03
CP005143,C03135,P07
CP005144,C03135,P04
CP005145,C03136,P03
CP005146,C03137,P03
CP005147,C03138,P04
CP005148,C03138,P08
CP005149,C03139,P06
CP005150,C03139,P05
CP005151,C03140,P08
CP005152,C03141,P03
CP005153,C03142,P06
CP005154,C03142,P05
CP005155,C03143,P08
CP005156,C03144,P06
CP005157,C03145,P04
CP005158,C03146,P04
CP005159,C03147,P01
CP005160,C03147,P05
CP005161,C03148,P06
CP005162,C03149,P03
CP005163,C03149,P08
CP005164,C03150,P04
CP005165,C03151,P08
CP005166,C03151,P05
CP005167,C03152,P08
CP005168,C03152,P05
CP005169,C03153,P06
CP005170,C03154,P02
CP005171,C03154,P04
CP005172,C03155,P03
CP005173,C03155,P07
CP005174,C03156,P07
CP005175,C03156,P06
CP005176,C03157,P03
CP005177,C03158,P07
CP005178,C03159,P06
CP005179,C03160,P08
CP005180,C03161,P01
CP005181,C03162,P02
CP005182,C03162,P07
CP005183,C03163,P04
CP005184,C03163,P01
CP005185,C03164,P03
CP005186,C03165,P06
CP005187,C03166,P05
CP005188,C03167,P02
CP005189,C03168,P06
CP005190,C03169,P04
CP005191,C03169,P06
CP005192,C03170,P02
CP005193,C03171,P04
CP005194,C03172,P08
CP005195,C03172,P04
CP005196,C03173,P05
CP005197,C03174,P04
CP005198,C03175,P07
CP005199,C03175,P08
CP005200,C03176,P01
CP005201,C03176,P03
CP005202,C03177,P04
CP005203,C03178,P03
CP005204,C03179,P07
CP005205,C03180,P03
CP005206,C03181,P08
CP005207,C03182,P05
CP005208,C03183,P02
CP005209,C03183,P01
CP005210,C03184,P06
CP005211,C03185,P05
CP005212,C03186,P01
CP005213,C03186,P03
CP005214,C03187,P04
CP005215,C03188,P07
CP005216,C03188,P03
CP005217,C03188,P02
CP005218,C03189,P08
CP005219,C03189,P03
CP005220,C03190,P07
CP005221,C03190,P02
CP005222,C03191,P08
CP005223,C03191,P02
CP005224,C03192,P07
CP005225,C03193,P01
CP005226,C03194,P01
CP005227,C03195,P01
CP005228,C03195,P03
CP005229,C03196,P06
CP005230,C03196,P02
CP005231,C03197,P05
CP005232,C03197,P02
CP005233,C03198,P01
CP005234,C03198,P07
CP005235,C03199,P08
CP005236,C03199,P01
CP005237,C03200,P08
CP005238,C03200,P02
CP005239,C03200,P07
CP005240,C03201,P06
CP005241,C03202,P04
CP005242,C03202,P03
CP005243,C03203,P03
CP005244,C03203,P04
CP005245,C03203,P02
CP005246,C03204,P07
CP005247,C03204,P02
CP005248,C03205,P07
CP005249,C03205,P08
CP005250,C03206,P04
CP005251,C03206,P06
CP005252,C03207,P02
CP005253,C03207,P04
CP005254,C03207,P05
CP005255,C03208,P03
CP005256,C03208,P04
CP005257,C03209,P05
CP005258,C03209,P08
CP005259,C03209,P02
CP005260,C03210,P08
CP005261,C03210,P02
CP005262,C03210,P07
CP005263,C03211,P05
CP005264,C03211,P07
CP005265,C03211,P01
CP005266,C03212,P04
CP005267,C03213,P03
CP005268,C03213,P04
CP005269,C03214,P03
CP005270,C03215,P03
CP005271,C03215,P05
CP005272,C03216,P01
CP005273,C03216,P06
CP005274,C03216,P03
CP005275,C03217,P02
CP005276,C03218,P07
CP005277,C03218,P04
CP005278,C03219,P07
CP005279,C03220,P08
CP005280,C03220,P02
CP005281,C03220,P07
CP005282,C03221,P06
CP005283,C03222,P01
CP005284,C03223,P01
CP005285,C03223,P03
CP005286,C03223,P08
CP005287,C03224,P01
CP005288,C03224,P08
CP005289,C03225,P03
CP005290,C03226,P08
CP005291,C03227,P04
CP005292,C03228,P03
CP005293,C03229,P05
CP005294,C03230,P07
CP005295,C03230,P08
CP005296,C03231,P07
CP005297,C03232,P08
CP005298,C03233,P03
CP005299,C03233,P07
CP005300,C03234,P07
CP005301,C03235,P05
CP005302,C03236,P01
CP005303,C03236,P05
CP005304,C03237,P07
CP005305,C03237,P06
CP005306,C03238,P06
CP005307,C03238,P01
CP005308,C03238,P03
CP005309,C03239,P05
CP005310,C03239,P01
CP005311,C03240,P08
CP005312,C03240,P02
CP005313,C03241,P01
CP005314,C03242,P04
CP005315,C03242,P03
CP005316,C03242,P06
CP005317,C03243,P01
CP005318,C03244,P03
CP005319,C03245,P02
CP005320,C03245,P06
CP005321,C03246,P08
CP005322,C03247,P01
CP005323,C03247,P08
CP005324,C03248,P05
CP005325,C03248,P04
CP005326,C03249,P07
CP005327,C03249,P04
CP005328,C03249,P03
CP005329,C03250,P07
CP005330,C03250,P08
CP005331,C03251,P06
CP005332,C03252,P01
CP005333,C03252,P06
CP005334,C03252,P05
CP005335,C03253,P02
CP005336,C03254,P03
CP005337,C03254,P07
CP005338,C03254,P06
CP005339,C03255,P03
CP005340,C03255,P08
CP005341,C03256,P06
CP005342,C03257,P05
CP005343,C03257,P08
CP005344,C03258,P05
CP005345,C03259,P05
CP005346,C03260,P07
CP005347,C03260,P05
CP005348,C03260,P03
CP005349,C03261,P03
CP005350,C03262,P03
CP005351,C03263,P04
CP005352,C03264,P08
CP005353,C03264,P07
CP005354,C03265,P04
CP005355,C03265,P06
CP005356,C03266,P02
CP005357,C03267,P07
CP005358,C03268,P05
CP005359,C03268,P04
CP005360,C03269,P02
CP005361,C03269,P05
CP005362,C03270,P04
CP005363,C03271,P02
CP005364,C03271,P01
CP005365,C03272,P07
CP005366,C03273,P05
CP005367,C03274,P08
CP005368,C03274,P03
CP005369,C03274,P06
CP005370,C03275,P02
CP005371,C03275,P08
CP005372,C03276,P06
CP005373,C03276,P05
CP005374,C03277,P05
CP005375,C03278,P08
CP005376,C03278,P02
CP005377,C03279,P03
CP005378,C03280,P01
CP005379,C03281,P08
CP005380,C03281,P06
CP005381,C03282,P01
CP005382,C03282,P02
CP005383,C03283,P05
CP005384,C03284,P06
CP005385,C03285,P01
CP005386,C03285,P04
CP005387,C03285,P08
CP005388,C03286,P05
CP005389,C03287,P02
CP005390,C03287,P07
CP005391,C03288,P03
CP005392,C03288,P02
CP005393,C03289,P02
CP005394,C03289,P04
CP005395,C03290,P08
CP005396,C03290,P02
CP005397,C03291,P06
CP005398,C03292,P05
CP005399,C03292,P08
CP005400,C03293,P07
CP005401,C03293,P04
CP005402,C03294,P01
CP005403,C03294,P03
CP005404,C03295,P03
CP005405,C03296,P03
CP005406,C03297,P06
CP005407,C03297,P04
CP005408,C03298,P07
CP005409,C03298,P01
CP005410,C03299,P08
CP005411,C03299,P02
CP005412,C03300,P06
CP005413,C03300,P02
CP005414,C03301,P08
CP005415,C03302,P02
CP005416,C03303,P01
CP005417,C03304,P07
CP005418,C03305,P04
CP005419,C03305,P06
CP005420,C03305,P07
CP005421,C03306,P06
CP005422,C03307,P07
CP005423,C03308,P01
CP005424,C03308,P05
CP005425,C03309,P08
CP005426,C03309,P04
CP005427,C03310,P06
CP005428,C03311,P01
CP005429,C03312,P04
CP005430,C03313,P03
CP005431,C03313,P08
CP005432,C03314,P05
CP005433,C03314,P08
CP005434,C03315,P03
CP005435,C03315,P06
CP005436,C03316,P02
CP005437,C03316,P03
CP005438,C03317,P04
CP005439,C03318,P08
CP005440,C03318,P03
CP005441,C03319,P08
CP005442,C03319,P02
CP005443,C03320,P04
CP005444,C03320,P02
CP005445,C03321,P03
CP005446,C03322,P04
CP005447,C03323,P06
CP005448,C03323,P01
CP005449,C03324,P04
CP005450,C03325,P08
CP005451,C03325,P02
CP005452,C03326,P05
CP005453,C03327,P06
CP005454,C03327,P01
CP005455,C03327,P08
CP005456,C03328,P06
CP005457,C03328,P03
CP005458,C03329,P05
CP005459,C03330,P04
CP005460,C03331,P06
CP005461,C03332,P03
CP005462,C03332,P07
CP005463,C03333,P02
CP005464,C03334,P06
CP005465,C03334,P05
CP005466,C03335,P01
CP005467,C03335,P02
CP005468,C03336,P06
CP005469,C03336,P01
CP005470,C03337,P06
CP005471,C03338,P02
CP005472,C03338,P06
CP005473,C03339,P01
CP005474,C03340,P03
CP005475,C03340,P06
CP005476,C03341,P05
CP005477,C03341,P03
CP005478,C03341,P04
CP005479,C03342,P05
CP005480,C03343,P02
CP005481,C03344,P08
CP005482,C03345,P06
CP005483,C03346,P06
CP005484,C03346,P07
CP005485,C03347,P05
CP005486,C03347,P08
CP005487,C03348,P01
CP005488,C03349,P07
CP005489,C03349,P05
CP005490,C03350,P05
CP005491,C03350,P04
CP005492,C03351,P02
CP005493,C03352,P01
CP005494,C03352,P07
CP005495,C03353,P03
CP005496,C03353,P05
CP005497,C03354,P04
CP005498,C03354,P01
CP005499,C03355,P04
CP005500,C03356,P08
CP005501,C03356,P02
CP005502,C03357,P05
CP005503,C03357,P04
CP005504,C03357,P07
CP005505,C03358,P04
CP005506,C03358,P02
CP005507,C03358,P01
CP005508,C03359,P07
CP005509,C03359,P04
CP005510,C03360,P06
CP005511,C03360,P07
CP005512,C03360,P08
CP005513,C03361,P03
CP005514,C03361,P05
CP005515,C03361,P08
CP005516,C03362,P04
CP005517,C03363,P04
CP005518,C03363,P02
CP005519,C03364,P04
CP005520,C03364,P06
CP005521,C03365,P08
CP005522,C03366,P06
CP005523,C03367,P06
CP005524,C03368,P05
CP005525,C03369,P08
CP005526,C03370,P01
CP005527,C03370,P07
CP005528,C03371,P07
CP005529,C03372,P01
CP005530,C03372,P07
CP005531,C03373,P03
CP005532,C03373,P02
CP005533,C03374,P01
CP005534,C03375,P01
CP005535,C03376,P05
CP005536,C03376,P07
CP005537,C03377,P07
CP005538,C03378,P06
CP005539,C03378,P08
CP005540,C03379,P03
CP005541,C03379,P02
CP005542,C03379,P06
CP005543,C03380,P01
CP005544,C03381,P01
CP005545,C03381,P04
CP005546,C03382,P06
CP005547,C03383,P08
CP005548,C03383,P05
CP005549,C03384,P06
CP005550,C03385,P08
CP005551,C03385,P01
CP005552,C03386,P02
CP005553,C03387,P05
CP005554,C03387,P04
CP005555,C03388,P02
CP005556,C03389,P08
CP005557,C03390,P08
CP005558,C03391,P08
CP005559,C03392,P08
CP005560,C03393,P05
CP005561,C03393,P03
CP005562,C03393,P01
CP005563,C03394,P05
CP005564,C03394,P03
CP005565,C03395,P03
CP005566,C03395,P01
CP005567,C03396,P01
CP005568,C03397,P03
CP005569,C03398,P04
CP005570,C03398,P08
CP005571,C03399,P02
CP005572,C03400,P03
CP005573,C03401,P05
CP005574,C03402,P04
CP005575,C03403,P07
CP005576,C03403,P02
CP005577,C03404,P07
CP005578,C03405,P06
CP005579,C03406,P01
CP005580,C03406,P07
CP005581,C03407,P06
CP005582,C03407,P08
CP005583,C03408,P03
CP005584,C03409,P04
CP005585,C03410,P05
CP005586,C03411,P07
CP005587,C03412,P04
CP005588,C03413,P04
CP005589,C03413,P01
CP005590,C03414,P06
CP005591,C03415,P03
CP005592,C03415,P04
CP005593,C03416,P06
CP005594,C03416,P07
CP005595,C03417,P08
CP005596,C03418,P04
CP005597,C03419,P07
CP005598,C03420,P05
CP005599,C03421,P05
CP005600,C03421,P03
CP005601,C03422,P01
CP005602,C03423,P07
CP005603,C03424,P01
CP005604,C03425,P07
CP005605,C03426,P05
CP005606,C03427,P07
CP005607,C03428,P07
CP005608,C03428,P08
CP005609,C03429,P01
CP005610,C03429,P05
CP005611,C03430,P01
CP005612,C03430,P08
CP005613,C03431,P05
CP005614,C03431,P08
CP005615,C03432,P08
CP005616,C03432,P07
CP005617,C03433,P04
CP005618,C03433,P02
CP005619,C03434,P07
CP005620,C03434,P06
CP005621,C03435,P05
CP005622,C03436,P07
CP005623,C03436,P02
CP005624,C03437,P01
CP005625,C03437,P02
CP005626,C03438,P06
CP005627,C03438,P07
CP005628,C03439,P02
CP005629,C03440,P06
CP005630,C03440,P05
CP005631,C03440,P04
CP005632,C03441,P07
CP005633,C03442,P02
CP005634,C03443,P08
CP005635,C03444,P04
CP005636,C03445,P04
CP005637,C03446,P02
CP005638,C03447,P05
CP005639,C03447,P06
CP005640,C03448,P02
CP005641,C03448,P04
CP005642,C03449,P02
CP005643,C03449,P08
CP005644,C03450,P07
CP005645,C03451,P06
CP005646,C03451,P01
CP005647,C03452,P02
CP005648,C03453,P07
CP005649,C03453,P02
CP005650,C03454,P08
CP005651,C03454,P06
CP005652,C03455,P05
CP005653,C03455,P07
CP005654,C03456,P05
CP005655,C03456,P06
CP005656,C03456,P07
CP005657,C03457,P01
CP005658,C03457,P03
CP005659,C03458,P01
CP005660,C03459,P08
CP005661,C03460,P04
CP005662,C03461,P06
CP005663,C03461,P05
CP005664,C03462,P07
CP005665,C03463,P04
CP005666,C03463,P03
CP005667,C03463,P01
CP005668,C03464,P04
CP005669,C03464,P03
CP005670,C03464,P02
CP005671,C03465,P06
CP005672,C03466,P07
CP005673,C03467,P04
CP005674,C03467,P08
CP005675,C03468,P03
CP005676,C03468,P01
CP005677,C03469,P07
CP005678,C03470,P04
CP005679,C03470,P08
CP005680,C03471,P07
CP005681,C03471,P06
CP005682,C03472,P08
CP005683,C03473,P01
CP005684,C03473,P02
CP005685,C03473,P03
CP005686,C03474,P05
CP005687,C03474,P02
CP005688,C03475,P03
CP005689,C03475,P08
CP005690,C03476,P04
CP005691,C03476,P08
CP005692,C03477,P01
CP005693,C03478,P07
CP005694,C03478,P04
CP005695,C03479,P05
CP005696,C03479,P06
CP005697,C03480,P02
CP005698,C03480,P08
CP005699,C03481,P05
CP005700,C03481,P02
CP005701,C03482,P01
CP005702,C03483,P02
CP005703,C03483,P03
CP005704,C03483,P07
CP005705,C03484,P04
CP005706,C03485,P08
CP005707,C03485,P05
CP005708,C03486,P02
CP005709,C03486,P07
CP005710,C03487,P06
CP005711,C03487,P08
CP005712,C03488,P06
CP005713,C03488,P03
CP005714,C03489,P03
CP005715,C03489,P05
CP005716,C03490,P04
CP005717,C03491,P04
CP005718,C03492,P02
CP005719,C03493,P01
CP005720,C03493,P07
CP005721,C03493,P08
CP005722,C03494,P05
CP005723,C03494,P08
CP005724,C03494,P01
CP005725,C03495,P03
CP005726,C03495,P08
CP005727,C03496,P06
CP005728,C03497,P01
CP005729,C03497,P04
CP005730,C03498,P01
CP005731,C03499,P08
CP005732,C03499,P03
CP005733,C03500,P08
CP005734,C03501,P02
CP005735,C03501,P01
CP005736,C03502,P01
CP005737,C03502,P03
CP005738,C03503,P01
CP005739,C03504,P01
CP005740,C03504,P03
CP005741,C03504,P08
CP005742,C03505,P04
CP005743,C03505,P06
CP005744,C03506,P07
CP005745,C03507,P06
CP005746,C03508,P02
CP005747,C03508,P07
CP005748,C03508,P06
CP005749,C03509,P07
CP005750,C03510,P06
CP005751,C03511,P01
CP005752,C03512,P01
CP005753,C03513,P04
CP005754,C03514,P01
CP005755,C03515,P05
CP005756,C03516,P04
CP005757,C03516,P02
CP005758,C03517,P06
CP005759,C03517,P08
CP005760,C03517,P02
CP005761,C03518,P05
CP005762,C03518,P07
CP005763,C03519,P02
CP005764,C03520,P08
CP005765,C03520,P07
CP005766,C03521,P08
CP005767,C03522,P08
CP005768,C03522,P03
CP005769,C03523,P06
CP005770,C03523,P03
CP005771,C03523,P08
CP005772,C03524,P04
CP005773,C03525,P06
CP005774,C03525,P04
CP005775,C03526,P06
CP005776,C03526,P04
CP005777,C03527,P03
CP005778,C03528,P03
CP005779,C03529,P07
CP005780,C03530,P03
CP005781,C03530,P01
CP005782,C03530,P02
CP005783,C03531,P02
CP005784,C03531,P01
CP005785,C03532,P06
CP005786,C03533,P04
CP005787,C03533,P02
CP005788,C03533,P03
CP005789,C03534,P03
CP005790,C03534,P05
CP005791,C03535,P08
CP005792,C03535,P06
CP005793,C03536,P05
CP005794,C03537,P01
CP005795,C03537,P06
CP005796,C03538,P07
CP005797,C03539,P02
CP005798,C03540,P02
CP005799,C03540,P08
CP005800,C03541,P06
CP005801,C03542,P07
CP005802,C03542,P05
CP005803,C03543,P02
CP005804,C03544,P07
CP005805,C03544,P05
CP005806,C03544,P02
CP005807,C03545,P07
CP005808,C03546,P05
CP005809,C03547,P08
CP005810,C03547,P01
CP005811,C03548,P07
CP005812,C03549,P04
CP005813,C03549,P02
CP005814,C03549,P05
CP005815,C03550,P04
CP005816,C03550,P01
CP005817,C03551,P04
CP005818,C03551,P02
CP005819,C03552,P03
CP005820,C03552,P02
CP005821,C03553,P04
CP005822,C03553,P01
CP005823,C03553,P03
CP005824,C03554,P07
CP005825,C03555,P02
CP005826,C03556,P06
CP005827,C03556,P08
CP005828,C03557,P03
CP005829,C03558,P05
CP005830,C03559,P07
CP005831,C03559,P06
CP005832,C03559,P02
CP005833,C03560,P06
CP005834,C03560,P05
CP005835,C03561,P07
CP005836,C03561,P03
CP005837,C03562,P01
CP005838,C03562,P06
CP005839,C03562,P08
CP005840,C03563,P01
CP005841,C03564,P07
CP005842,C03564,P08
CP005843,C03564,P02
CP005844,C03565,P05
CP005845,C03565,P02
CP005846,C03566,P07
CP005847,C03566,P06
CP005848,C03566,P04
CP005849,C03567,P04
CP005850,C03568,P07
CP005851,C03569,P06
CP005852,C03570,P05
CP005853,C03570,P03
CP005854,C03571,P03
CP005855,C03572,P02
CP005856,C03573,P08
CP005857,C03573,P06
CP005858,C03574,P01
CP005859,C03575,P01
CP005860,C03575,P02
CP005861,C03576,P06
CP005862,C03576,P03
CP005863,C03577,P06
CP005864,C03578,P06
CP005865,C03579,P07
CP005866,C03580,P06
CP005867,C03581,P06
CP005868,C03581,P02
CP005869,C03581,P08
CP005870,C03582,P04
CP005871,C03582,P07
CP005872,C03583,P05
CP005873,C03584,P01
CP005874,C03585,P02
CP005875,C03586,P05
CP005876,C03586,P03
CP005877,C03586,P04
CP005878,C03587,P08
CP005879,C03588,P06
CP005880,C03588,P05
CP005881,C03589,P05
CP005882,C03590,P05
CP005883,C03590,P06
CP005884,C03590,P01
CP005885,C03591,P03
CP005886,C03592,P05
CP005887,C03593,P07
CP005888,C03594,P05
CP005889,C03594,P04
CP005890,C03595,P03
CP005891,C03596,P01
CP005892,C03596,P03
CP005893,C03597,P04
CP005894,C03597,P02
CP005895,C03597,P05
CP005896,C03598,P02
CP005897,C03599,P07
CP005898,C03600,P07
CP005899,C03601,P08
CP005900,C03602,P06
CP005901,C03603,P02
CP005902,C03603,P08
CP005903,C03604,P05
CP005904,C03604,P07
CP005905,C03605,P07
CP005906,C03606,P07
CP005907,C03606,P06
CP005908,C03607,P06
CP005909,C03607,P08
CP005910,C03607,P07
CP005911,C03608,P07
CP005912,C03608,P01
CP005913,C03609,P07
CP005914,C03610,P01
CP005915,C03610,P03
CP005916,C03611,P08
CP005917,C03611,P07
CP005918,C03612,P06
CP005919,C03613,P02
CP005920,C03613,P07
CP005921,C03614,P05
CP005922,C03614,P04
CP005923,C03615,P05
CP005924,C03616,P01
CP005925,C03617,P03
CP005926,C03618,P03
CP005927,C03618,P04
CP005928,C03619,P02
CP005929,C03620,P03
CP005930,C03620,P04
CP005931,C03621,P05
CP005932,C03621,P03
CP005933,C03621,P02
CP005934,C03622,P07
CP005935,C03623,P05
CP005936,C03623,P03
CP005937,C03623,P02
CP005938,C03624,P02
CP005939,C03624,P04
CP005940,C03625,P05
CP005941,C03626,P06
CP005942,C03626,P03
CP005943,C03626,P02
CP005944,C03627,P07
CP005945,C03628,P07
CP005946,C03628,P05
CP005947,C03628,P03
CP005948,C03629,P02
CP005949,C03629,P07
CP005950,C03630,P01
CP005951,C03630,P07
CP005952,C03631,P04
CP005953,C03632,P06
CP005954,C03633,P04
CP005955,C03633,P02
CP005956,C03634,P02
CP005957,C03634,P03
CP005958,C03635,P06
CP005959,C03635,P04
CP005960,C03636,P06
CP005961,C03637,P04
CP005962,C03638,P08
CP005963,C03638,P07
CP005964,C03639,P06
CP005965,C03639,P02
CP005966,C03640,P03
CP005967,C03640,P06
CP005968,C03641,P01
CP005969,C03641,P05
CP005970,C03642,P03
CP005971,C03643,P08
CP005972,C03643,P06
CP005973,C03644,P04
CP005974,C03644,P03
CP005975,C03645,P01
CP005976,C03645,P05
CP005977,C03645,P02
CP005978,C03646,P04
CP005979,C03646,P01
CP005980,C03647,P04
CP005981,C03647,P08
CP005982,C03648,P02
CP005983,C03648,P04
CP005984,C03649,P08
CP005985,C03649,P07
CP005986,C03650,P02
CP005987,C03651,P08
CP005988,C03652,P03
CP005989,C03652,P08
CP005990,C03653,P03
CP005991,C03654,P03
CP005992,C03654,P07
CP005993,C03655,P02
CP005994,C03656,P02
CP005995,C03657,P08
CP005996,C03657,P04
CP005997,C03658,P01
CP005998,C03658,P08
CP005999,C03659,P07
CP006000,C03660,P05
CP006001,C03660,P02
CP006002,C03661,P04
CP006003,C03661,P07
CP006004,C03661,P06
CP006005,C03662,P01
CP006006,C03662,P04
CP006007,C03662,P03
CP006008,C03663,P03
CP006009,C03663,P08
CP006010,C03664,P02
CP006011,C03664,P03
CP006012,C03665,P01
CP006013,C03665,P03
CP006014,C03666,P02
CP006015,C03667,P07
CP006016,C03668,P03
CP006017,C03669,P02
CP006018,C03670,P05
CP006019,C03671,P07
CP006020,C03671,P03
CP006021,C03672,P04
CP006022,C03672,P06
CP006023,C03673,P04
CP006024,C03673,P01
CP006025,C03674,P05
CP006026,C03674,P04
CP006027,C03675,P01
CP006028,C03675,P08
CP006029,C03675,P06
CP006030,C03676,P03
CP006031,C03676,P05
CP006032,C03677,P05
CP006033,C03677,P01
CP006034,C03678,P04
CP006035,C03678,P06
CP006036,C03679,P02
CP006037,C03679,P04
CP006038,C03680,P02
CP006039,C03680,P01
CP006040,C03680,P07
CP006041,C03681,P04
CP006042,C03682,P08
CP006043,C03682,P04
CP006044,C03683,P01
CP006045,C03683,P02
CP006046,C03684,P07
CP006047,C03685,P06
CP006048,C03685,P05
CP006049,C03685,P02
CP006050,C03686,P02
CP006051,C03686,P08
CP006052,C03687,P06
CP006053,C03687,P04
CP006054,C03688,P07
CP006055,C03688,P03
CP006056,C03689,P04
CP006057,C03690,P07
CP006058,C03690,P06
CP006059,C03690,P08
CP006060,C03691,P02
CP006061,C03691,P08
CP006062,C03692,P05
CP006063,C03693,P03
CP006064,C03693,P08
CP006065,C03693,P02
CP006066,C03694,P03
CP006067,C03695,P06
CP006068,C03696,P07
CP006069,C03697,P06
CP006070,C03698,P06
CP006071,C03699,P07
CP006072,C03699,P01
CP006073,C03700,P06
CP006074,C03700,P03
CP006075,C03701,P05
CP006076,C03701,P07
CP006077,C03702,P03
CP006078,C03702,P06
CP006079,C03703,P01
CP006080,C03704,P04
CP006081,C03704,P02
CP006082,C03705,P01
CP006083,C03706,P03
CP006084,C03706,P08
CP006085,C03706,P01
CP006086,C03707,P04
CP006087,C03707,P05
CP006088,C03708,P08
CP006089,C03709,P05
CP006090,C03709,P04
CP006091,C03709,P03
CP006092,C03710,P02
CP006093,C03710,P07
CP006094,C03711,P04
CP006095,C03712,P07
CP006096,C03712,P01
CP006097,C03712,P03
CP006098,C03713,P01
CP006099,C03714,P01
CP006100,C03714,P04
CP006101,C03715,P05
CP006102,C03716,P08
CP006103,C03716,P04
CP006104,C03717,P07
CP006105,C03717,P02
CP006106,C03717,P03
CP006107,C03718,P04
CP006108,C03719,P07
CP006109,C03720,P04
CP006110,C03721,P06
CP006111,C03721,P08
CP006112,C03722,P07
CP006113,C03722,P06
CP006114,C03722,P04
CP006115,C03723,P07
CP006116,C03723,P01
CP006117,C03723,P04
CP006118,C03724,P03
CP006119,C03725,P05
CP006120,C03726,P04
CP006121,C03726,P08
CP006122,C03726,P01
CP006123,C03727,P06
CP006124,C03727,P04
CP006125,C03727,P01
CP006126,C03728,P04
CP006127,C03728,P05
CP006128,C03728,P07
CP006129,C03729,P07
CP006130,C03730,P05
CP006131,C03730,P04
CP006132,C03731,P06
CP006133,C03731,P07
CP006134,C03732,P04
CP006135,C03733,P08
CP006136,C03734,P07
CP006137,C03734,P04
CP006138,C03734,P02
CP006139,C03735,P02
CP006140,C03736,P08
CP006141,C03737,P06
CP006142,C03737,P04
CP006143,C03738,P08
CP006144,C03739,P03
CP006145,C03739,P01
CP006146,C03740,P05
CP006147,C03740,P06
CP006148,C03740,P01
CP006149,C03741,P01
CP006150,C03742,P03
CP006151,C03742,P04
CP006152,C03743,P02
CP006153,C03743,P04
CP006154,C03744,P05
CP006155,C03745,P05
CP006156,C03745,P03
CP006157,C03746,P08
CP006158,C03747,P03
CP006159,C03748,P01
CP006160,C03748,P08
CP006161,C03749,P05
CP006162,C03749,P01
CP006163,C03750,P03
CP006164,C03750,P04
CP006165,C03751,P03
CP006166,C03751,P01
CP006167,C03751,P07
CP006168,C03752,P07
CP006169,C03752,P05
CP006170,C03753,P07
CP006171,C03753,P06
CP006172,C03754,P05
CP006173,C03755,P01
CP006174,C03756,P04
CP006175,C03757,P02
CP006176,C03757,P07
CP006177,C03758,P01
CP006178,C03759,P01
CP006179,C03760,P03
CP006180,C03760,P04
CP006181,C03761,P08
CP006182,C03761,P01
CP006183,C03761,P03
CP006184,C03762,P06
CP006185,C03763,P08
CP006186,C03764,P07
CP006187,C03764,P02
CP006188,C03765,P02
CP006189,C03765,P07
CP006190,C03765,P03
CP006191,C03766,P03
CP006192,C03766,P05
CP006193,C03766,P01
CP006194,C03767,P01
CP006195,C03767,P06
CP006196,C03768,P05
CP006197,C03769,P03
CP006198,C03769,P01
CP006199,C03770,P07
CP006200,C03770,P05
CP006201,C03771,P03
CP006202,C03771,P07
CP006203,C03772,P08
CP006204,C03773,P03
CP006205,C03774,P01
CP006206,C03774,P05
CP006207,C03775,P04
CP006208,C03776,P05
CP006209,C03777,P05
CP006210,C03778,P05
CP006211,C03779,P05
CP006212,C03780,P07
CP006213,C03780,P06
CP006214,C03780,P03
CP006215,C03781,P02
CP006216,C03781,P08
CP006217,C03782,P07
CP006218,C03783,P07
CP006219,C03784,P07
CP006220,C03784,P08
CP006221,C03785,P03
CP006222,C03786,P04
CP006223,C03786,P05
CP006224,C03786,P03
CP006225,C03787,P03
CP006226,C03788,P03
CP006227,C03789,P06
CP006228,C03789,P02
CP006229,C03790,P07
CP006230,C03791,P03
CP006231,C03792,P08
CP006232,C03793,P01
CP006233,C03793,P06
CP006234,C03794,P05
CP006235,C03795,P03
CP006236,C03796,P05
CP006237,C03797,P08
CP006238,C03797,P02
CP006239,C03797,P06
CP006240,C03798,P08
CP006241,C03799,P06
CP006242,C03800,P06
CP006243,C03801,P07
CP006244,C03801,P01
CP006245,C03802,P04
CP006246,C03803,P08
CP006247,C03804,P02
CP006248,C03804,P06
CP006249,C03805,P02
CP006250,C03806,P04
CP006251,C03807,P04
CP006252,C03808,P08
CP006253,C03808,P03
CP006254,C03809,P04
CP006255,C03809,P05
CP006256,C03810,P03
CP006257,C03810,P01
CP006258,C03811,P05
CP006259,C03811,P06
CP006260,C03811,P02
CP006261,C03812,P05
CP006262,C03812,P07
CP006263,C03813,P08
CP006264,C03813,P02
CP006265,C03813,P01
CP006266,C03814,P03
CP006267,C03814,P05
CP006268,C03815,P05
CP006269,C03816,P03
CP006270,C03816,P01
CP006271,C03816,P08
CP006272,C03817,P01
CP006273,C03817,P04
CP006274,C03818,P01
CP006275,C03818,P04
CP006276,C03818,P05
CP006277,C03819,P08
CP006278,C03820,P06
CP006279,C03820,P02
CP006280,C03821,P08
CP006281,C03822,P06
CP006282,C03822,P07
CP006283,C03823,P05
CP006284,C03824,P06
CP006285,C03824,P08
CP006286,C03825,P05
CP006287,C03825,P02
CP006288,C03825,P06
CP006289,C03826,P06
CP006290,C03826,P07
CP006291,C03826,P08
CP006292,C03827,P04
CP006293,C03828,P02
CP006294,C03828,P06
CP006295,C03829,P08
CP006296,C03830,P02
CP006297,C03831,P01
CP006298,C03832,P03
CP006299,C03832,P07
CP006300,C03833,P01
CP006301,C03834,P07
CP006302,C03834,P05
CP006303,C03835,P05
CP006304,C03835,P03
CP006305,C03836,P03
CP006306,C03836,P04
CP006307,C03837,P04
CP006308,C03838,P05
CP006309,C03839,P02
CP006310,C03839,P05
CP006311,C03840,P07
CP006312,C03840,P04
CP006313,C03840,P01
CP006314,C03841,P01
CP006315,C03842,P08
CP006316,C03843,P06
CP006317,C03843,P04
CP006318,C03844,P06
CP006319,C03845,P03
CP006320,C03846,P06
CP006321,C03846,P02
CP006322,C03847,P07
CP006323,C03847,P08
CP006324,C03847,P03
CP006325,C03848,P07
CP006326,C03848,P05
CP006327,C03849,P02
CP006328,C03849,P01
CP006329,C03850,P07
CP006330,C03851,P07
CP006331,C03851,P06
CP006332,C03852,P07
CP006333,C03853,P01
CP006334,C03854,P07
CP006335,C03855,P07
CP006336,C03855,P04
CP006337,C03856,P04
CP006338,C03856,P02
CP006339,C03856,P07
CP006340,C03857,P01
CP006341,C03858,P08
CP006342,C03858,P07
CP006343,C03858,P01
CP006344,C03859,P03
CP006345,C03860,P06
CP006346,C03860,P02
CP006347,C03861,P04
CP006348,C03861,P03
CP006349,C03862,P01
CP006350,C03863,P06
CP006351,C03864,P07
CP006352,C03865,P07
CP006353,C03866,P01
CP006354,C03867,P01
CP006355,C03867,P07
CP006356,C03868,P01
CP006357,C03869,P03
CP006358,C03870,P08
CP006359,C03871,P03
CP006360,C03872,P06
CP006361,C03872,P04
CP006362,C03873,P08
CP006363,C03873,P02
CP006364,C03874,P06
CP006365,C03874,P03
CP006366,C03874,P01
CP006367,C03875,P07
CP006368,C03876,P07
CP006369,C03877,P02
CP006370,C03877,P01
CP006371,C03878,P05
CP006372,C03878,P08
CP006373,C03879,P02
CP006374,C03879,P04
CP006375,C03880,P04
CP006376,C03881,P02
CP006377,C03882,P07
CP006378,C03882,P06
CP006379,C03883,P05
CP006380,C03883,P01
CP006381,C03884,P08
CP006382,C03885,P02
CP006383,C03886,P05
CP006384,C03886,P04
CP006385,C03887,P02
CP006386,C03887,P01
CP006387,C03888,P02
CP006388,C03889,P07
CP006389,C03890,P04
CP006390,C03891,P03
CP006391,C03892,P07
CP006392,C03892,P06
CP006393,C03893,P03
CP006394,C03894,P05
CP006395,C03894,P01
CP006396,C03895,P03
CP006397,C03895,P05
CP006398,C03896,P07
CP006399,C03897,P07
CP006400,C03897,P08
CP006401,C03898,P02
CP006402,C03898,P06
CP006403,C03899,P07
CP006404,C03900,P01
CP006405,C03900,P07
CP006406,C03901,P03
CP006407,C03901,P08
CP006408,C03901,P04
CP006409,C03902,P05
CP006410,C03902,P01
CP006411,C03902,P03
CP006412,C03903,P04
CP006413,C03904,P05
CP006414,C03904,P08
CP006415,C03904,P07
CP006416,C03905,P06
CP006417,C03906,P03
CP006418,C03907,P07
CP006419,C03907,P08
CP006420,C03907,P03
CP006421,C03908,P04
CP006422,C03909,P07
CP006423,C03909,P02
CP006424,C03910,P02
CP006425,C03910,P03
CP006426,C03911,P05
CP006427,C03912,P03
CP006428,C03912,P08
CP006429,C03913,P04
CP006430,C03913,P03
CP006431,C03914,P07
CP006432,C03914,P06
CP006433,C03915,P04
CP006434,C03915,P03
CP006435,C03915,P01
CP006436,C03916,P02
CP006437,C03917,P03
CP006438,C03917,P08
CP006439,C03918,P05
CP006440,C03918,P02
CP006441,C03919,P07
CP006442,C03920,P03
CP006443,C03920,P05
CP006444,C03920,P04
CP006445,C03921,P03
CP006446,C03922,P05
CP006447,C03922,P06
CP006448,C03923,P05
CP006449,C03924,P01
CP006450,C03925,P05
CP006451,C03926,P02
CP006452,C03926,P03
CP006453,C03927,P04
CP006454,C03927,P01
CP006455,C03928,P04
CP006456,C03929,P07
CP006457,C03930,P01
CP006458,C03931,P04
CP006459,C03931,P05
CP006460,C03932,P04
CP006461,C03932,P08
CP006462,C03933,P02
CP006463,C03933,P01
CP006464,C03933,P04
CP006465,C03934,P02
CP006466,C03934,P08
CP006467,C03935,P05
CP006468,C03935,P08
CP006469,C03935,P04
CP006470,C03936,P04
CP006471,C03936,P05
CP006472,C03937,P04
CP006473,C03937,P07
CP006474,C03937,P02
CP006475,C03938,P08
CP006476,C03939,P06
CP006477,C03939,P01
CP006478,C03940,P01
CP006479,C03941,P08
CP006480,C03941,P03
CP006481,C03941,P06
CP006482,C03942,P07
CP006483,C03943,P08
CP006484,C03943,P07
CP006485,C03943,P01
CP006486,C03944,P06
CP006487,C03945,P03
CP006488,C03946,P04
CP006489,C03947,P03
CP006490,C03948,P01
CP006491,C03948,P04
CP006492,C03949,P06
CP006493,C03949,P05
CP006494,C03950,P03
CP006495,C03950,P06
CP006496,C03951,P06
CP006497,C03952,P08
CP006498,C03952,P02
CP006499,C03953,P04
CP006500,C03953,P02
CP006501,C03954,P05
CP006502,C03954,P08
CP006503,C03954,P02
CP006504,C03955,P04
CP006505,C03955,P01
CP006506,C03956,P02
CP006507,C03957,P05
CP006508,C03958,P04
CP006509,C03959,P04
CP006510,C03960,P03
CP006511,C03961,P07
CP006512,C03962,P03
CP006513,C03963,P04
CP006514,C03963,P02
CP006515,C03964,P04
CP006516,C03964,P01
CP006517,C03965,P02
CP006518,C03966,P02
CP006519,C03966,P03
CP006520,C03966,P07
CP006521,C03967,P08
CP006522,C03968,P01
CP006523,C03968,P07
CP006524,C03968,P02
CP006525,C03969,P05
CP006526,C03969,P04
CP006527,C03970,P04
CP006528,C03970,P05
CP006529,C03970,P08
CP006530,C03971,P04
CP006531,C03971,P01
CP006532,C03971,P08
CP006533,C03972,P04
CP006534,C03973,P08
CP006535,C03974,P02
CP006536,C03975,P02
CP006537,C03976,P06
CP006538,C03977,P02
CP006539,C03978,P05
CP006540,C03978,P04
CP006541,C03979,P06
CP006542,C03979,P05
CP006543,C03979,P04
CP006544,C03980,P01
CP006545,C03980,P03
CP006546,C03981,P02
CP006547,C03981,P06
CP006548,C03982,P01
CP006549,C03982,P05
CP006550,C03982,P07
CP006551,C03983,P02
CP006552,C03983,P08
CP006553,C03984,P07
CP006554,C03984,P05
CP006555,C03985,P05
CP006556,C03985,P06
CP006557,C03986,P05
CP006558,C03987,P08
CP006559,C03988,P06
CP006560,C03989,P04
CP006561,C03990,P01
CP006562,C03991,P03
CP006563,C03992,P02
CP006564,C03993,P07
CP006565,C03993,P02
CP006566,C03993,P01
CP006567,C03994,P06
CP006568,C03994,P01
CP006569,C03995,P04
CP006570,C03996,P07
CP006571,C03996,P01
CP006572,C03996,P02
CP006573,C03997,P02
CP006574,C03997,P04
CP006575,C03998,P04
CP006576,C03998,P02
CP006577,C03998,P03
CP006578,C03999,P06
CP006579,C04000,P06
CP006580,C04001,P04
CP006581,C04001,P01
CP006582,C04002,P05
CP006583,C04002,P01
CP006584,C04003,P03
CP006585,C04004,P04
CP006586,C04004,P05
CP006587,C04005,P08
CP006588,C04005,P03
CP006589,C04006,P02
CP006590,C04006,P03
CP006591,C04007,P02
CP006592,C04008,P04
CP006593,C04008,P01
CP006594,C04009,P05
CP006595,C04009,P03
CP006596,C04010,P02
CP006597,C04010,P08
CP006598,C04010,P05
CP006599,C04011,P02
CP006600,C04011,P08
CP006601,C04012,P02
CP006602,C04012,P03
CP006603,C04013,P06
CP006604,C04013,P02
CP006605,C04013,P07
CP006606,C04014,P05
CP006607,C04014,P07
CP006608,C04015,P07
CP006609,C04015,P01
CP006610,C04016,P06
CP006611,C04016,P08
CP006612,C04017,P01
CP006613,C04018,P08
CP006614,C04019,P05
CP006615,C04019,P02
CP006616,C04020,P04
CP006617,C04021,P01
CP006618,C04021,P02
CP006619,C04022,P01
CP006620,C04023,P06
CP006621,C04024,P07
CP006622,C04025,P08
CP006623,C04026,P04
CP006624,C04027,P05
CP006625,C04027,P03
CP006626,C04028,P06
CP006627,C04028,P07
CP006628,C04028,P01
CP006629,C04029,P04
CP006630,C04030,P04
CP006631,C04030,P08
CP006632,C04031,P04
CP006633,C04031,P05
CP006634,C04032,P07
CP006635,C04032,P02
CP006636,C04033,P08
CP006637,C04033,P07
CP006638,C04034,P08
CP006639,C04035,P01
CP006640,C04036,P04
CP006641,C04036,P07
CP006642,C04036,P06
CP006643,C04037,P04
CP006644,C04037,P07
CP006645,C04038,P03
CP006646,C04038,P05
CP006647,C04039,P07
CP006648,C04039,P05
CP006649,C04040,P06
CP006650,C04040,P01
CP006651,C04041,P07
CP006652,C04042,P02
CP006653,C04043,P03
CP006654,C04043,P04
CP006655,C04044,P06
CP006656,C04045,P07
CP006657,C04045,P02
CP006658,C04046,P07
CP006659,C04046,P04
CP006660,C04046,P02
CP006661,C04047,P05
CP006662,C04048,P04
CP006663,C04049,P02
CP006664,C04050,P06
CP006665,C04050,P08
CP006666,C04051,P08
CP006667,C04051,P02
CP006668,C04052,P02
CP006669,C04053,P02
CP006670,C04054,P02
CP006671,C04054,P01
CP006672,C04055,P07
CP006673,C04055,P06
CP006674,C04056,P01
CP006675,C04056,P08
CP006676,C04057,P02
CP006677,C04058,P02
CP006678,C04059,P03
CP006679,C04059,P08
CP006680,C04060,P03
CP006681,C04061,P01
CP006682,C04061,P04
CP006683,C04061,P08
CP006684,C04062,P06
CP006685,C04063,P03
CP006686,C04064,P08
CP006687,C04064,P04
CP006688,C04065,P06
CP006689,C04065,P08
CP006690,C04065,P01
CP006691,C04066,P03
CP006692,C04066,P04
CP006693,C04066,P08
CP006694,C04067,P07
CP006695,C04067,P03
CP006696,C04068,P07
CP006697,C04068,P06
CP006698,C04069,P03
CP006699,C04069,P06
CP006700,C04070,P07
CP006701,C04071,P03
CP006702,C04072,P08
CP006703,C04072,P01
CP006704,C04072,P04
CP006705,C04073,P01
CP006706,C04073,P08
CP006707,C04074,P06
CP006708,C04074,P02
CP006709,C04075,P01
CP006710,C04075,P08
CP006711,C04076,P06
CP006712,C04076,P01
CP006713,C04077,P06
CP006714,C04077,P02
CP006715,C04078,P03
CP006716,C04078,P06
CP006717,C04079,P05
CP006718,C04080,P02
CP006719,C04081,P03
CP006720,C04082,P07
CP006721,C04083,P07
CP006722,C04083,P05
CP006723,C04083,P06
CP006724,C04084,P03
CP006725,C04084,P08
CP006726,C04085,P06
CP006727,C04085,P07
CP006728,C04085,P02
CP006729,C04086,P08
CP006730,C04087,P07
CP006731,C04087,P02
CP006732,C04088,P06
CP006733,C04089,P05
CP006734,C04089,P06
CP006735,C04090,P02
CP006736,C04090,P01
CP006737,C04090,P03
CP006738,C04091,P05
CP006739,C04092,P05
CP006740,C04092,P03
CP006741,C04093,P04
CP006742,C04093,P02
CP006743,C04094,P01
CP006744,C04095,P04
CP006745,C04095,P05
CP006746,C04096,P08
CP006747,C04097,P07
CP006748,C04098,P03
CP006749,C04099,P05
CP006750,C04099,P06
CP006751,C04100,P03
CP006752,C04100,P02
CP006753,C04100,P05
CP006754,C04101,P05
CP006755,C04101,P06
CP006756,C04102,P01
CP006757,C04102,P06
CP006758,C04103,P02
CP006759,C04104,P02
CP006760,C04105,P07
CP006761,C04105,P06
CP006762,C04106,P04
CP006763,C04107,P02
CP006764,C04108,P08
CP006765,C04109,P06
CP006766,C04109,P08
CP006767,C04109,P02
CP006768,C04110,P08
CP006769,C04111,P02
CP006770,C04111,P06
CP006771,C04112,P04
CP006772,C04113,P06
CP006773,C04114,P02
CP006774,C04115,P02
CP006775,C04116,P02
CP006776,C04117,P07
CP006777,C04117,P02
CP006778,C04117,P03
CP006779,C04118,P06
CP006780,C04118,P08
CP006781,C04119,P06
CP006782,C04120,P05
CP006783,C04121,P07
CP006784,C04121,P05
CP006785,C04122,P02
CP006786,C04122,P07
CP006787,C04123,P03
CP006788,C04124,P03
CP006789,C04125,P03
CP006790,C04125,P07
CP006791,C04126,P04
CP006792,C04126,P03
CP006793,C04126,P01
CP006794,C04127,P01
CP006795,C04128,P06
CP006796,C04128,P03
CP006797,C04129,P08
CP006798,C04129,P03
CP006799,C04129,P02
CP006800,C04130,P05
CP006801,C04131,P08
CP006802,C04131,P04
CP006803,C04132,P07
CP006804,C04132,P06
CP006805,C04133,P01
CP006806,C04134,P06
CP006807,C04134,P04
CP006808,C04135,P02
CP006809,C04136,P02
CP006810,C04137,P04
CP006811,C04138,P03
CP006812,C04138,P08
CP006813,C04138,P06
CP006814,C04139,P02
CP006815,C04139,P04
CP006816,C04139,P07
CP006817,C04140,P08
CP006818,C04141,P07
CP006819,C04141,P01
CP006820,C04142,P04
CP006821,C04142,P06
CP006822,C04143,P01
CP006823,C04143,P08
CP006824,C04143,P05
CP006825,C04144,P04
CP006826,C04144,P08
CP006827,C04145,P08
CP006828,C04145,P05
CP006829,C04146,P07
CP006830,C04147,P04
CP006831,C04148,P03
CP006832,C04148,P05
CP006833,C04148,P02
CP006834,C04149,P05
CP006835,C04149,P01
CP006836,C04150,P06
CP006837,C04150,P07
CP006838,C04151,P05
CP006839,C04152,P08
CP006840,C04152,P05
CP006841,C04153,P03
CP006842,C04154,P06
CP006843,C04154,P02
CP006844,C04154,P01
CP006845,C04155,P07
CP006846,C04156,P08
CP006847,C04156,P05
CP006848,C04157,P03
CP006849,C04157,P07
CP006850,C04158,P03
CP006851,C04158,P07
CP006852,C04159,P05
CP006853,C04159,P06
CP006854,C04160,P07
CP006855,C04161,P05
CP006856,C04162,P04
CP006857,C04163,P04
CP006858,C04163,P05
CP006859,C04163,P02
CP006860,C04164,P06
CP006861,C04164,P03
CP006862,C04165,P05
CP006863,C04165,P01
CP006864,C04166,P05
CP006865,C04166,P01
CP006866,C04167,P04
CP006867,C04168,P01
CP006868,C04168,P08
CP006869,C04168,P03
CP006870,C04169,P07
CP006871,C04170,P04
CP006872,C04171,P08
CP006873,C04171,P06
CP006874,C04171,P07
CP006875,C04172,P07
CP006876,C04172,P06
CP006877,C04172,P02
CP006878,C04173,P02
CP006879,C04173,P06
CP006880,C04174,P05
CP006881,C04175,P06
CP006882,C04176,P07
CP006883,C04177,P06
CP006884,C04177,P05
CP006885,C04178,P04
CP006886,C04179,P02
CP006887,C04179,P07
CP006888,C04180,P08
CP006889,C04180,P05
CP006890,C04181,P07
CP006891,C04181,P05
CP006892,C04182,P04
CP006893,C04182,P02
CP006894,C04183,P05
CP006895,C04184,P02
CP006896,C04184,P04
CP006897,C04185,P01
CP006898,C04186,P01
CP006899,C04186,P05
CP006900,C04186,P04
CP006901,C04187,P05
CP006902,C04187,P06
CP006903,C04187,P04
CP006904,C04188,P01
CP006905,C04189,P03
CP006906,C04189,P04
CP006907,C04189,P02
CP006908,C04190,P01
CP006909,C04191,P08
CP006910,C04192,P04
CP006911,C04193,P04
CP006912,C04193,P02
CP006913,C04194,P06
CP006914,C04194,P01
CP006915,C04195,P04
CP006916,C04195,P06
CP006917,C04196,P02
CP006918,C04197,P02
CP006919,C04198,P01
CP006920,C04198,P02
CP006921,C04198,P06
CP006922,C04199,P06
CP006923,C04199,P01
CP006924,C04200,P01
CP006925,C04200,P04
CP006926,C04201,P05
CP006927,C04201,P06
CP006928,C04202,P08
CP006929,C04202,P02
CP006930,C04203,P02
CP006931,C04204,P02
CP006932,C04204,P04
CP006933,C04205,P05
CP006934,C04206,P08
CP006935,C04206,P06
CP006936,C04207,P05
CP006937,C04207,P02
CP006938,C04208,P01
CP006939,C04209,P01
CP006940,C04209,P07
CP006941,C04209,P05
CP006942,C04210,P04
CP006943,C04211,P06
CP006944,C04211,P07
CP006945,C04212,P04
CP006946,C04213,P02
CP006947,C04213,P07
CP006948,C04213,P06
CP006949,C04214,P06
CP006950,C04215,P06
CP006951,C04215,P02
CP006952,C04215,P08
CP006953,C04216,P05
CP006954,C04216,P01
CP006955,C04217,P01
CP006956,C04218,P07
CP006957,C04219,P07
CP006958,C04219,P02
CP006959,C04220,P05
CP006960,C04220,P06
CP006961,C04220,P01
CP006962,C04221,P04
CP006963,C04221,P03
CP006964,C04222,P08
CP006965,C04222,P06
CP006966,C04223,P01
CP006967,C04224,P05
CP006968,C04225,P03
CP006969,C04225,P02
CP006970,C04225,P01
CP006971,C04226,P06
CP006972,C04226,P01
CP006973,C04226,P05
CP006974,C04227,P05
CP006975,C04228,P01
CP006976,C04228,P07
CP006977,C04229,P01
CP006978,C04230,P03
CP006979,C04231,P01
CP006980,C04231,P02
CP006981,C04232,P04
CP006982,C04233,P04
CP006983,C04234,P07
CP006984,C04234,P05
CP006985,C04234,P06
CP006986,C04235,P04
CP006987,C04235,P08
CP006988,C04236,P07
CP006989,C04236,P02
CP006990,C04237,P02
CP006991,C04237,P03
CP006992,C04238,P07
CP006993,C04238,P05
CP006994,C04239,P06
CP006995,C04240,P01
CP006996,C04240,P05
CP006997,C04241,P02
CP006998,C04242,P08
CP006999,C04243,P01
CP007000,C04244,P07
CP007001,C04244,P01
CP007002,C04245,P04
CP007003,C04246,P04
CP007004,C04246,P06
CP007005,C04247,P04
CP007006,C04248,P08
CP007007,C04249,P08
CP007008,C04250,P07
CP007009,C04250,P04
CP007010,C04250,P01
CP007011,C04251,P03
CP007012,C04251,P05
CP007013,C04252,P05
CP007014,C04253,P02
CP007015,C04254,P08
CP007016,C04255,P01
CP007017,C04256,P06
CP007018,C04256,P05
CP007019,C04257,P02
CP007020,C04258,P08
CP007021,C04259,P07
CP007022,C04259,P02
CP007023,C04260,P08
CP007024,C04260,P07
CP007025,C04260,P04
CP007026,C04261,P08
CP007027,C04261,P04
CP007028,C04262,P08
CP007029,C04263,P01
CP007030,C04263,P05
CP007031,C04264,P03
CP007032,C04264,P08
CP007033,C04264,P06
CP007034,C04265,P08
CP007035,C04265,P02
CP007036,C04266,P06
CP007037,C04266,P05
CP007038,C04267,P03
CP007039,C04268,P03
CP007040,C04269,P06
CP007041,C04270,P04
CP007042,C04271,P07
CP007043,C04272,P05
CP007044,C04273,P05
CP007045,C04274,P04
CP007046,C04275,P07
CP007047,C04276,P01
CP007048,C04276,P03
CP007049,C04277,P02
CP007050,C04277,P07
CP007051,C04278,P07
CP007052,C04279,P01
CP007053,C04279,P05
CP007054,C04280,P03
CP007055,C04281,P03
CP007056,C04282,P07
CP007057,C04283,P05
CP007058,C04284,P01
CP007059,C04284,P05
CP007060,C04284,P02
CP007061,C04285,P06
CP007062,C04286,P02
CP007063,C04286,P08
CP007064,C04286,P01
CP007065,C04287,P07
CP007066,C04288,P03
CP007067,C04288,P02
CP007068,C04289,P03
CP007069,C04289,P07
CP007070,C04290,P06
CP007071,C04290,P02
CP007072,C04290,P01
CP007073,C04291,P04
CP007074,C04292,P02
CP007075,C04292,P08
CP007076,C04293,P01
CP007077,C04294,P05
CP007078,C04295,P04
CP007079,C04296,P01
CP007080,C04297,P01
CP007081,C04297,P05
CP007082,C04297,P07
CP007083,C04298,P05
CP007084,C04299,P05
CP007085,C04299,P02
CP007086,C04300,P03
CP007087,C04301,P08
CP007088,C04301,P05
CP007089,C04301,P06
CP007090,C04302,P03
CP007091,C04303,P04
CP007092,C04304,P07
CP007093,C04305,P07
CP007094,C04306,P04
CP007095,C04307,P04
CP007096,C04308,P01
CP007097,C04308,P03
CP007098,C04308,P08
CP007099,C04309,P01
CP007100,C04310,P04
CP007101,C04310,P07
CP007102,C04310,P08
CP007103,C04311,P08
CP007104,C04312,P03
CP007105,C04313,P07
CP007106,C04314,P05
CP007107,C04314,P07
CP007108,C04314,P01
CP007109,C04315,P01
CP007110,C04315,P04
CP007111,C04316,P04
CP007112,C04316,P03
CP007113,C04317,P01
CP007114,C04317,P03
CP007115,C04318,P01
CP007116,C04318,P04
CP007117,C04318,P08
CP007118,C04319,P08
CP007119,C04319,P03
CP007120,C04319,P04
CP007121,C04320,P06
CP007122,C04320,P02
CP007123,C04321,P06
CP007124,C04322,P07
CP007125,C04322,P01
CP007126,C04322,P05
CP007127,C04323,P05
CP007128,C04324,P07
CP007129,C04325,P08
CP007130,C04325,P06
CP007131,C04326,P08
CP007132,C04326,P03
CP007133,C04326,P07
CP007134,C04327,P01
CP007135,C04328,P03
CP007136,C04328,P02
CP007137,C04329,P08
CP007138,C04329,P03
CP007139,C04329,P06
CP007140,C04330,P05
CP007141,C04330,P08
CP007142,C04331,P04
CP007143,C04331,P03
CP007144,C04332,P01
CP007145,C04332,P07
CP007146,C04333,P08
CP007147,C04334,P04
CP007148,C04334,P07
CP007149,C04334,P05
CP007150,C04335,P01
CP007151,C04336,P06
CP007152,C04336,P03
CP007153,C04337,P06
CP007154,C04337,P05
CP007155,C04338,P04
CP007156,C04339,P04
CP007157,C04339,P08
CP007158,C04340,P03
CP007159,C04341,P07
CP007160,C04341,P01
CP007161,C04342,P01
CP007162,C04342,P07
CP007163,C04343,P01
CP007164,C04344,P01
CP007165,C04344,P06
CP007166,C04345,P06
CP007167,C04346,P07
CP007168,C04346,P08
CP007169,C04347,P05
CP007170,C04347,P08
CP007171,C04347,P02
CP007172,C04348,P04
CP007173,C04349,P07
CP007174,C04350,P04
CP007175,C04350,P06
CP007176,C04351,P05
CP007177,C04352,P08
CP007178,C04353,P03
CP007179,C04354,P02
CP007180,C04355,P05
CP007181,C04356,P03
CP007182,C04357,P08
CP007183,C04357,P06
CP007184,C04357,P01
CP007185,C04358,P07
CP007186,C04358,P06
CP007187,C04359,P08
CP007188,C04359,P03
CP007189,C04360,P01
CP007190,C04361,P05
CP007191,C04362,P02
CP007192,C04363,P08
CP007193,C04364,P02
CP007194,C04365,P01
CP007195,C04365,P03
CP007196,C04366,P02
CP007197,C04366,P03
CP007198,C04366,P08
CP007199,C04367,P08
CP007200,C04367,P01
CP007201,C04368,P05
CP007202,C04369,P04
CP007203,C04369,P05
CP007204,C04370,P04
CP007205,C04370,P03
CP007206,C04370,P01
CP007207,C04371,P05
CP007208,C04372,P08
CP007209,C04372,P05
CP007210,C04373,P02
CP007211,C04374,P06
CP007212,C04375,P02
CP007213,C04376,P04
CP007214,C04376,P05
CP007215,C04377,P07
CP007216,C04377,P04
CP007217,C04378,P03
CP007218,C04379,P02
CP007219,C04380,P06
CP007220,C04381,P05
CP007221,C04381,P03
CP007222,C04381,P06
CP007223,C04382,P04
CP007224,C04382,P03
CP007225,C04383,P08
CP007226,C04383,P01
CP007227,C04384,P07
CP007228,C04384,P08
CP007229,C04385,P06
CP007230,C04386,P03
CP007231,C04387,P06
CP007232,C04387,P02
CP007233,C04388,P03
CP007234,C04388,P06
CP007235,C04389,P05
CP007236,C04389,P01
CP007237,C04390,P08
CP007238,C04391,P05
CP007239,C04392,P07
CP007240,C04392,P05
CP007241,C04393,P08
CP007242,C04393,P03
CP007243,C04394,P02
CP007244,C04394,P06
CP007245,C04394,P05
CP007246,C04395,P06
CP007247,C04395,P08
CP007248,C04395,P04
CP007249,C04396,P06
CP007250,C04397,P04
CP007251,C04397,P02
CP007252,C04397,P06
CP007253,C04398,P03
CP007254,C04398,P08
CP007255,C04399,P05
CP007256,C04400,P03
CP007257,C04400,P06
CP007258,C04400,P08
CP007259,C04401,P01
CP007260,C04401,P04
CP007261,C04402,P03
CP007262,C04402,P02
CP007263,C04403,P02
CP007264,C04403,P03
CP007265,C04404,P02
CP007266,C04404,P04
CP007267,C04405,P02
CP007268,C04406,P05
CP007269,C04406,P07
CP007270,C04407,P01
CP007271,C04407,P08
CP007272,C04408,P02
CP007273,C04409,P03
CP007274,C04409,P06
CP007275,C04410,P03
CP007276,C04410,P05
CP007277,C04410,P08
CP007278,C04411,P03
CP007279,C04412,P02
CP007280,C04413,P08
CP007281,C04413,P07
CP007282,C04414,P02
CP007283,C04414,P06
CP007284,C04415,P07
CP007285,C04416,P01
CP007286,C04416,P03
CP007287,C04417,P02
CP007288,C04418,P03
CP007289,C04419,P02
CP007290,C04420,P08
CP007291,C04421,P02
CP007292,C04422,P05
CP007293,C04422,P02
CP007294,C04423,P01
CP007295,C04424,P02
CP007296,C04424,P06
CP007297,C04425,P06
CP007298,C04426,P06
CP007299,C04427,P07
CP007300,C04428,P04
CP007301,C04428,P06
CP007302,C04429,P05
CP007303,C04429,P01
CP007304,C04430,P01
CP007305,C04430,P06
CP007306,C04431,P03
CP007307,C04431,P04
CP007308,C04431,P02
CP007309,C04432,P06
CP007310,C04432,P07
CP007311,C04432,P01
CP007312,C04433,P01
CP007313,C04434,P08
CP007314,C04434,P06
CP007315,C04435,P02
CP007316,C04435,P04
CP007317,C04436,P05
CP007318,C04437,P05
CP007319,C04437,P01
CP007320,C04438,P03
CP007321,C04438,P08
CP007322,C04439,P04
CP007323,C04440,P06
CP007324,C04440,P03
CP007325,C04441,P08
CP007326,C04442,P01
CP007327,C04443,P05
CP007328,C04444,P08
CP007329,C04445,P06
CP007330,C04446,P02
CP007331,C04446,P06
CP007332,C04447,P02
CP007333,C04448,P06
CP007334,C04448,P04
CP007335,C04449,P04
CP007336,C04449,P08
CP007337,C04449,P01
CP007338,C04450,P05
CP007339,C04450,P07
CP007340,C04451,P08
CP007341,C04452,P03
CP007342,C04453,P07
CP007343,C04454,P08
CP007344,C04454,P06
CP007345,C04454,P03
CP007346,C04455,P02
CP007347,C04456,P07
CP007348,C04457,P07
CP007349,C04457,P06
CP007350,C04457,P04
CP007351,C04458,P02
CP007352,C04459,P01
CP007353,C04460,P06
CP007354,C04460,P04
CP007355,C04461,P01
CP007356,C04462,P05
CP007357,C04463,P07
CP007358,C04464,P04
CP007359,C04464,P01
CP007360,C04465,P05
CP007361,C04466,P07
CP007362,C04466,P06
CP007363,C04467,P01
CP007364,C04467,P02
CP007365,C04468,P05
CP007366,C04469,P08
CP007367,C04470,P06
CP007368,C04470,P02
CP007369,C04471,P03
CP007370,C04471,P06
CP007371,C04472,P07
CP007372,C04473,P04
CP007373,C04473,P01
CP007374,C04474,P05
CP007375,C04474,P06
CP007376,C04475,P05
CP007377,C04475,P07
CP007378,C04476,P02
CP007379,C04476,P03
CP007380,C04477,P06
CP007381,C04477,P01
CP007382,C04478,P05
CP007383,C04479,P03
CP007384,C04480,P01
CP007385,C04480,P02
CP007386,C04480,P03
CP007387,C04481,P05
CP007388,C04482,P05
CP007389,C04483,P06
CP007390,C04484,P05
CP007391,C04484,P06
CP007392,C04485,P04
CP007393,C04486,P01
CP007394,C04486,P08
CP007395,C04486,P04
CP007396,C04487,P04
CP007397,C04487,P06
CP007398,C04488,P07
CP007399,C04489,P02
CP007400,C04490,P07
CP007401,C04490,P01
CP007402,C04491,P02
CP007403,C04492,P04
CP007404,C04493,P03
CP007405,C04494,P02
CP007406,C04494,P07
CP007407,C04494,P01
CP007408,C04495,P01
CP007409,C04496,P03
CP007410,C04497,P07
CP007411,C04498,P02
CP007412,C04498,P04
CP007413,C04499,P04
CP007414,C04500,P04
CP007415,C04500,P03
CP007416,C04501,P01
CP007417,C04501,P03
CP007418,C04502,P05
CP007419,C04502,P07
CP007420,C04502,P08
CP007421,C04503,P08
CP007422,C04504,P04
CP007423,C04505,P07
CP007424,C04506,P05
CP007425,C04507,P05
CP007426,C04507,P01
CP007427,C04508,P02
CP007428,C04508,P08
CP007429,C04509,P08
CP007430,C04510,P02
CP007431,C04510,P03
CP007432,C04511,P05
CP007433,C04511,P06
CP007434,C04512,P05
CP007435,C04512,P04
CP007436,C04512,P03
CP007437,C04513,P06
CP007438,C04513,P05
CP007439,C04514,P08
CP007440,C04514,P03
CP007441,C04514,P02
CP007442,C04515,P06
CP007443,C04515,P08
CP007444,C04516,P01
CP007445,C04516,P03
CP007446,C04516,P02
CP007447,C04517,P08
CP007448,C04517,P07
CP007449,C04518,P04
CP007450,C04519,P03
CP007451,C04520,P04
CP007452,C04521,P02
CP007453,C04522,P02
CP007454,C04523,P03
CP007455,C04524,P02
CP007456,C04525,P05
CP007457,C04526,P08
CP007458,C04527,P03
CP007459,C04527,P05
CP007460,C04527,P04
CP007461,C04528,P06
CP007462,C04529,P08
CP007463,C04529,P07
CP007464,C04529,P03
CP007465,C04530,P02
CP007466,C04531,P07
CP007467,C04531,P03
CP007468,C04532,P01
CP007469,C04532,P05
CP007470,C04533,P05
CP007471,C04534,P05
CP007472,C04535,P08
CP007473,C04536,P04
CP007474,C04536,P01
CP007475,C04537,P08
CP007476,C04538,P01
CP007477,C04538,P07
CP007478,C04539,P08
CP007479,C04539,P03
CP007480,C04540,P04
CP007481,C04540,P03
CP007482,C04541,P03
CP007483,C04542,P01
CP007484,C04543,P01
CP007485,C04543,P03
CP007486,C04544,P07
CP007487,C04544,P08
CP007488,C04544,P05
CP007489,C04545,P02
CP007490,C04545,P06
CP007491,C04546,P04
CP007492,C04546,P03
CP007493,C04547,P02
CP007494,C04547,P05
CP007495,C04548,P01
CP007496,C04549,P02
CP007497,C04549,P01
CP007498,C04550,P06
CP007499,C04550,P08
CP007500,C04551,P04
CP007501,C04552,P06
CP007502,C04552,P04
CP007503,C04553,P02
CP007504,C04554,P02
CP007505,C04554,P05
CP007506,C04555,P05
CP007507,C04556,P06
CP007508,C04556,P08
CP007509,C04557,P06
CP007510,C04558,P07
CP007511,C04558,P02
CP007512,C04559,P04
CP007513,C04560,P05
CP007514,C04560,P01
CP007515,C04561,P07
CP007516,C04562,P06
CP007517,C04562,P05
CP007518,C04563,P08
CP007519,C04563,P02
CP007520,C04564,P08
CP007521,C04564,P05
CP007522,C04565,P03
CP007523,C04565,P08
CP007524,C04565,P06
CP007525,C04566,P06
CP007526,C04566,P08
CP007527,C04567,P04
CP007528,C04567,P02
CP007529,C04568,P05
CP007530,C04569,P04
CP007531,C04570,P05
CP007532,C04570,P03
CP007533,C04571,P03
CP007534,C04571,P02
CP007535,C04572,P02
CP007536,C04572,P04
CP007537,C04573,P07
CP007538,C04574,P06
CP007539,C04574,P02
CP007540,C04575,P07
CP007541,C04576,P01
CP007542,C04576,P03
CP007543,C04577,P05
CP007544,C04578,P06
CP007545,C04579,P05
CP007546,C04579,P02
CP007547,C04580,P07
CP007548,C04580,P06
CP007549,C04581,P07
CP007550,C04581,P06
CP007551,C04582,P06
CP007552,C04583,P08
CP007553,C04583,P06
CP007554,C04584,P06
CP007555,C04585,P01
CP007556,C04585,P04
CP007557,C04586,P05
CP007558,C04586,P07
CP007559,C04586,P08
CP007560,C04587,P05
CP007561,C04587,P01
CP007562,C04588,P03
CP007563,C04588,P04
CP007564,C04588,P08
CP007565,C04589,P01
CP007566,C04589,P07
CP007567,C04590,P02
CP007568,C04591,P03
CP007569,C04591,P08
CP007570,C04592,P04
CP007571,C04592,P07
CP007572,C04592,P02
CP007573,C04593,P07
CP007574,C04594,P01
CP007575,C04594,P05
CP007576,C04594,P03
CP007577,C04595,P08
CP007578,C04595,P02
CP007579,C04596,P06
CP007580,C04596,P03
CP007581,C04597,P04
CP007582,C04597,P08
CP007583,C04597,P02
CP007584,C04598,P08
CP007585,C04598,P07
CP007586,C04598,P04
CP007587,C04599,P06
CP007588,C04600,P03
CP007589,C04601,P07
CP007590,C04602,P03
CP007591,C04602,P02
CP007592,C04603,P03
CP007593,C04603,P05
CP007594,C04604,P01
CP007595,C04605,P01
CP007596,C04605,P06
CP007597,C04605,P02
CP007598,C04606,P07
CP007599,C04606,P04
CP007600,C04607,P05
CP007601,C04607,P07
CP007602,C04607,P06
CP007603,C04608,P05
CP007604,C04609,P06
CP007605,C04610,P01
CP007606,C04610,P04
CP007607,C04611,P03
CP007608,C04612,P03
CP007609,C04613,P05
CP007610,C04613,P06
CP007611,C04614,P02
CP007612,C04615,P07
CP007613,C04615,P08
CP007614,C04616,P08
CP007615,C04616,P03
CP007616,C04617,P06
CP007617,C04618,P02
CP007618,C04618,P04
CP007619,C04619,P03
CP007620,C04619,P05
CP007621,C04619,P01
CP007622,C04620,P05
CP007623,C04620,P07
CP007624,C04621,P02
CP007625,C04621,P05
CP007626,C04622,P02
CP007627,C04623,P03
CP007628,C04623,P06
CP007629,C04624,P02
CP007630,C04624,P06
CP007631,C04625,P03
CP007632,C04625,P04
CP007633,C04626,P06
CP007634,C04626,P01
CP007635,C04627,P06
CP007636,C04628,P01
CP007637,C04629,P03
CP007638,C04630,P07
CP007639,C04631,P03
CP007640,C04631,P05
CP007641,C04631,P07
CP007642,C04632,P02
CP007643,C04632,P08
CP007644,C04633,P04
CP007645,C04634,P07
CP007646,C04634,P04
CP007647,C04634,P08
CP007648,C04635,P05
CP007649,C04636,P01
CP007650,C04636,P07
CP007651,C04637,P07
CP007652,C04637,P04
CP007653,C04638,P04
CP007654,C04638,P05
CP007655,C04639,P06
CP007656,C04640,P07
CP007657,C04640,P06
CP007658,C04641,P06
CP007659,C04641,P02
CP007660,C04642,P04
CP007661,C04643,P08
CP007662,C04644,P02
CP007663,C04644,P03
CP007664,C04645,P04
CP007665,C04646,P01
CP007666,C04647,P08
CP007667,C04648,P01
CP007668,C04648,P05
CP007669,C04649,P06
CP007670,C04649,P01
CP007671,C04650,P03
CP007672,C04651,P07
CP007673,C04651,P02
CP007674,C04652,P01
CP007675,C04652,P03
CP007676,C04653,P02
CP007677,C04653,P04
CP007678,C04654,P08
CP007679,C04654,P06
CP007680,C04655,P06
CP007681,C04656,P01
CP007682,C04656,P05
CP007683,C04656,P03
CP007684,C04657,P01
CP007685,C04658,P08
CP007686,C04658,P02
CP007687,C04659,P01
CP007688,C04659,P03
CP007689,C04660,P01
CP007690,C04660,P02
CP007691,C04661,P02
CP007692,C04662,P03
CP007693,C04663,P05
CP007694,C04664,P02
CP007695,C04664,P05
CP007696,C04665,P06
CP007697,C04665,P03
CP007698,C04665,P07
CP007699,C04666,P08
CP007700,C04666,P02
CP007701,C04667,P08
CP007702,C04668,P07
CP007703,C04668,P05
CP007704,C04669,P04
CP007705,C04669,P02
CP007706,C04670,P03
CP007707,C04671,P03
CP007708,C04671,P06
CP007709,C04672,P01
CP007710,C04673,P07
CP007711,C04673,P06
CP007712,C04674,P08
CP007713,C04674,P06
CP007714,C04675,P08
CP007715,C04675,P01
CP007716,C04676,P04
CP007717,C04676,P07
CP007718,C04677,P04
CP007719,C04677,P07
CP007720,C04678,P06
CP007721,C04679,P07
CP007722,C04680,P01
CP007723,C04681,P02
CP007724,C04681,P04
CP007725,C04682,P08
CP007726,C04683,P02
CP007727,C04683,P06
CP007728,C04684,P04
CP007729,C04684,P02
CP007730,C04685,P05
CP007731,C04686,P03
CP007732,C04686,P02
CP007733,C04686,P05
CP007734,C04687,P03
CP007735,C04688,P07
CP007736,C04689,P04
CP007737,C04690,P08
CP007738,C04690,P07
CP007739,C04691,P07
CP007740,C04691,P02
CP007741,C04691,P06
CP007742,C04692,P01
CP007743,C04693,P05
CP007744,C04693,P03
CP007745,C04694,P02
CP007746,C04695,P07
CP007747,C04695,P02
CP007748,C04696,P06
CP007749,C04696,P05
CP007750,C04697,P05
CP007751,C04697,P06
CP007752,C04698,P01
CP007753,C04698,P07
CP007754,C04699,P05
CP007755,C04700,P07
CP007756,C04701,P04
CP007757,C04701,P01
CP007758,C04702,P07
CP007759,C04702,P06
CP007760,C04703,P06
CP007761,C04704,P01
CP007762,C04704,P06
CP007763,C04705,P01
CP007764,C04706,P04
CP007765,C04706,P02
CP007766,C04707,P03
CP007767,C04708,P03
CP007768,C04709,P04
CP007769,C04709,P01
CP007770,C04710,P01
CP007771,C04710,P07
CP007772,C04711,P02
CP007773,C04712,P05
CP007774,C04713,P08
CP007775,C04713,P04
CP007776,C04714,P06
CP007777,C04715,P04
CP007778,C04715,P01
CP007779,C04716,P02
CP007780,C04717,P06
CP007781,C04717,P04
CP007782,C04718,P05
CP007783,C04718,P04
CP007784,C04719,P03
CP007785,C04719,P05
CP007786,C04719,P02
CP007787,C04720,P03
CP007788,C04721,P04
CP007789,C04721,P05
CP007790,C04722,P03
CP007791,C04723,P06
CP007792,C04723,P02
CP007793,C04724,P01
CP007794,C04724,P02
CP007795,C04725,P06
CP007796,C04725,P01
CP007797,C04726,P08
CP007798,C04726,P02
CP007799,C04727,P05
CP007800,C04727,P08
CP007801,C04727,P03
CP007802,C04728,P03
CP007803,C04729,P01
CP007804,C04730,P02
CP007805,C04731,P05
CP007806,C04731,P07
CP007807,C04732,P06
CP007808,C04732,P01
CP007809,C04733,P03
CP007810,C04734,P02
CP007811,C04734,P04
CP007812,C04735,P06
CP007813,C04736,P03
CP007814,C04737,P07
CP007815,C04738,P07
CP007816,C04738,P04
CP007817,C04738,P03
CP007818,C04739,P03
CP007819,C04740,P08
CP007820,C04741,P03
CP007821,C04742,P02
CP007822,C04742,P08
CP007823,C04743,P05
CP007824,C04743,P08
CP007825,C04744,P06
CP007826,C04744,P01
CP007827,C04745,P03
CP007828,C04745,P06
CP007829,C04746,P04
CP007830,C04746,P08
CP007831,C04747,P03
CP007832,C04747,P02
CP007833,C04748,P07
CP007834,C04749,P08
CP007835,C04750,P08
CP007836,C04750,P03
CP007837,C04751,P03
CP007838,C04751,P04
CP007839,C04752,P04
CP007840,C04753,P07
CP007841,C04754,P03
CP007842,C04754,P06
CP007843,C04755,P04
CP007844,C04756,P05
CP007845,C04757,P05
CP007846,C04757,P01
CP007847,C04758,P06
CP007848,C04759,P01
CP007849,C04759,P07
CP007850,C04760,P06
CP007851,C04760,P05
CP007852,C04761,P06
CP007853,C04762,P03
CP007854,C04762,P01
CP007855,C04763,P02
CP007856,C04763,P03
CP007857,C04763,P08
CP007858,C04764,P03
CP007859,C04765,P07
CP007860,C04766,P03
CP007861,C04766,P07
CP007862,C04767,P07
CP007863,C04767,P03
CP007864,C04768,P05
CP007865,C04768,P03
CP007866,C04769,P07
CP007867,C04769,P02
CP007868,C04770,P08
CP007869,C04771,P03
CP007870,C04771,P02
CP007871,C04772,P06
CP007872,C04772,P05
CP007873,C04773,P07
CP007874,C04773,P02
CP007875,C04774,P06
CP007876,C04774,P03
CP007877,C04774,P08
CP007878,C04775,P03
CP007879,C04775,P08
CP007880,C04775,P02
CP007881,C04776,P03
CP007882,C04777,P05
CP007883,C04778,P02
CP007884,C04778,P05
CP007885,C04779,P07
CP007886,C04779,P08
CP007887,C04780,P07
CP007888,C04781,P01
CP007889,C04782,P05
CP007890,C04782,P02
CP007891,C04783,P05
CP007892,C04783,P02
CP007893,C04784,P01
CP007894,C04784,P05
CP007895,C04784,P08
CP007896,C04785,P08
CP007897,C04785,P06
CP007898,C04786,P06
CP007899,C04786,P07
CP007900,C04786,P08
CP007901,C04787,P01
CP007902,C04787,P04
CP007903,C04788,P04
CP007904,C04788,P08
CP007905,C04789,P06
CP007906,C04790,P01
CP007907,C04790,P04
CP007908,C04790,P06
CP007909,C04791,P08
CP007910,C04791,P07
CP007911,C04792,P07
CP007912,C04792,P04
CP007913,C04792,P03
CP007914,C04793,P03
CP007915,C04793,P05
CP007916,C04794,P06
CP007917,C04794,P01
CP007918,C04794,P02
CP007919,C04795,P02
CP007920,C04796,P05
CP007921,C04796,P07
CP007922,C04797,P07
CP007923,C04797,P03
CP007924,C04798,P04
CP007925,C04799,P01
CP007926,C04800,P08
CP007927,C04801,P04
CP007928,C04801,P06
CP007929,C04802,P05
CP007930,C04803,P07
CP007931,C04804,P06
CP007932,C04805,P03
CP007933,C04805,P01
CP007934,C04806,P01
CP007935,C04806,P08
CP007936,C04806,P06
CP007937,C04807,P04
CP007938,C04807,P03
CP007939,C04807,P05
CP007940,C04808,P02
CP007941,C04809,P05
CP007942,C04810,P04
CP007943,C04810,P07
CP007944,C04810,P05
CP007945,C04811,P08
CP007946,C04812,P06
CP007947,C04812,P07
CP007948,C04813,P01
CP007949,C04814,P03
CP007950,C04815,P03
CP007951,C04815,P07
CP007952,C04816,P07
CP007953,C04816,P03
CP007954,C04816,P04
CP007955,C04817,P08
CP007956,C04817,P06
CP007957,C04818,P02
CP007958,C04818,P03
CP007959,C04819,P08
CP007960,C04819,P05
CP007961,C04819,P03
CP007962,C04820,P01
CP007963,C04820,P02
CP007964,C04820,P06
CP007965,C04821,P07
CP007966,C04821,P03
CP007967,C04822,P04
CP007968,C04823,P05
CP007969,C04824,P02
CP007970,C04824,P01
CP007971,C04824,P06
CP007972,C04825,P02
CP007973,C04826,P01
CP007974,C04826,P03
CP007975,C04827,P06
CP007976,C04828,P03
CP007977,C04829,P02
CP007978,C04829,P05
CP007979,C04830,P05
CP007980,C04830,P07
CP007981,C04831,P02
CP007982,C04832,P02
CP007983,C04832,P03
CP007984,C04832,P06
CP007985,C04833,P03
CP007986,C04833,P06
CP007987,C04833,P01
CP007988,C04834,P08
CP007989,C04835,P08
CP007990,C04836,P08
CP007991,C04836,P06
CP007992,C04837,P08
CP007993,C04838,P01
CP007994,C04838,P07
CP007995,C04839,P01
CP007996,C04840,P04
CP007997,C04840,P02
CP007998,C04841,P08
CP007999,C04842,P03
CP008000,C04842,P04
CP008001,C04843,P05
CP008002,C04844,P05
CP008003,C04845,P02
CP008004,C04846,P07
CP008005,C04847,P06
CP008006,C04847,P01
CP008007,C04848,P01
CP008008,C04849,P07
CP008009,C04849,P06
CP008010,C04850,P01
CP008011,C04851,P07
CP008012,C04852,P08
CP008013,C04853,P07
CP008014,C04853,P04
CP008015,C04854,P06
CP008016,C04855,P03
CP008017,C04856,P06
CP008018,C04856,P04
CP008019,C04857,P03
CP008020,C04857,P02
CP008021,C04857,P01
CP008022,C04858,P01
CP008023,C04858,P02
CP008024,C04859,P02
CP008025,C04859,P03
CP008026,C04859,P05
CP008027,C04860,P04
CP008028,C04861,P08
CP008029,C04861,P02
CP008030,C04862,P03
CP008031,C04863,P04
CP008032,C04863,P03
CP008033,C04863,P05
CP008034,C04864,P05
CP008035,C04865,P01
CP008036,C04865,P06
CP008037,C04866,P07
CP008038,C04866,P08
CP008039,C04866,P04
CP008040,C04867,P08
CP008041,C04868,P07
CP008042,C04868,P06
CP008043,C04868,P05
CP008044,C04869,P07
CP008045,C04870,P08
CP008046,C04871,P05
CP008047,C04871,P07
CP008048,C04871,P03
CP008049,C04872,P07
CP008050,C04872,P05
CP008051,C04873,P04
CP008052,C04873,P03
CP008053,C04874,P06
CP008054,C04875,P01
CP008055,C04876,P01
CP008056,C04877,P07
CP008057,C04878,P07
CP008058,C04878,P05
CP008059,C04879,P03
CP008060,C04879,P02
CP008061,C04880,P03
CP008062,C04880,P08
CP008063,C04881,P01
CP008064,C04882,P07
CP008065,C04882,P03
CP008066,C04882,P01
CP008067,C04883,P05
CP008068,C04884,P08
CP008069,C04884,P04
CP008070,C04885,P06
CP008071,C04886,P04
CP008072,C04887,P04
CP008073,C04888,P08
CP008074,C04888,P02
CP008075,C04889,P01
CP008076,C04890,P05
CP008077,C04890,P01
CP008078,C04891,P05
CP008079,C04892,P05
CP008080,C04892,P03
CP008081,C04892,P07
CP008082,C04893,P05
CP008083,C04894,P06
CP008084,C04895,P08
CP008085,C04896,P02
CP008086,C04896,P03
CP008087,C04897,P07
CP008088,C04898,P04
CP008089,C04899,P04
CP008090,C04899,P08
CP008091,C04900,P08
CP008092,C04900,P03
CP008093,C04901,P02
CP008094,C04901,P08
CP008095,C04902,P08
CP008096,C04903,P03
CP008097,C04904,P03
CP008098,C04904,P06
CP008099,C04904,P02
CP008100,C04905,P01
CP008101,C04905,P02
CP008102,C04906,P01
CP008103,C04906,P07
CP008104,C04906,P02
CP008105,C04907,P06
CP008106,C04907,P05
CP008107,C04907,P04
CP008108,C04908,P01
CP008109,C04909,P02
CP008110,C04909,P01
CP008111,C04910,P07
CP008112,C04910,P08
CP008113,C04911,P04
CP008114,C04911,P07
CP008115,C04912,P07
CP008116,C04912,P02
CP008117,C04913,P03
CP008118,C04914,P07
CP008119,C04915,P08
CP008120,C04915,P01
CP008121,C04916,P04
CP008122,C04917,P01
CP008123,C04917,P03
CP008124,C04918,P08
CP008125,C04918,P02
CP008126,C04919,P08
CP008127,C04920,P01
CP008128,C04921,P01
CP008129,C04921,P08
CP008130,C04921,P05
CP008131,C04922,P04
CP008132,C04922,P03
CP008133,C04923,P08
CP008134,C04924,P04
CP008135,C04925,P07
CP008136,C04925,P03
CP008137,C04925,P01
CP008138,C04926,P08
CP008139,C04926,P06
CP008140,C04926,P05
CP008141,C04927,P01
CP008142,C04928,P03
CP008143,C04928,P05
CP008144,C04929,P05
CP008145,C04930,P05
CP008146,C04931,P08
CP008147,C04931,P01
CP008148,C04932,P03
CP008149,C04932,P04
CP008150,C04932,P05
CP008151,C04933,P01
CP008152,C04934,P08
CP008153,C04935,P08
CP008154,C04935,P02
CP008155,C04936,P08
CP008156,C04936,P04
CP008157,C04936,P05
CP008158,C04937,P07
CP008159,C04938,P05
CP008160,C04938,P08
CP008161,C04939,P06
CP008162,C04940,P01
CP008163,C04941,P06
CP008164,C04942,P02
CP008165,C04942,P03
CP008166,C04943,P04
CP008167,C04943,P03
CP008168,C04944,P06
CP008169,C04945,P04
CP008170,C04946,P08
CP008171,C04946,P02
CP008172,C04947,P04
CP008173,C04948,P05
CP008174,C04948,P08
CP008175,C04949,P04
CP008176,C04950,P02
CP008177,C04951,P05
CP008178,C04952,P04
CP008179,C04953,P07
CP008180,C04953,P04
CP008181,C04954,P05
CP008182,C04954,P08
CP008183,C04955,P01
CP008184,C04955,P08
CP008185,C04956,P02
CP008186,C04957,P03
CP008187,C04957,P05
CP008188,C04958,P04
CP008189,C04958,P05
CP008190,C04958,P07
CP008191,C04959,P05
CP008192,C04959,P03
CP008193,C04960,P01
CP008194,C04960,P06
CP008195,C04961,P04
CP008196,C04962,P05
CP008197,C04962,P04
CP008198,C04962,P02
CP008199,C04963,P02
CP008200,C04963,P03
CP008201,C04963,P07
CP008202,C04964,P01
CP008203,C04965,P01
CP008204,C04966,P02
CP008205,C04966,P07
CP008206,C04967,P08
CP008207,C04967,P06
CP008208,C04968,P02
CP008209,C04968,P08
CP008210,C04969,P03
CP008211,C04969,P05
CP008212,C04970,P06
CP008213,C04970,P03
CP008214,C04970,P07
CP008215,C04971,P01
CP008216,C04972,P07
CP008217,C04973,P07
CP008218,C04973,P08
CP008219,C04974,P07
CP008220,C04974,P08
CP008221,C04975,P08
CP008222,C04975,P05
CP008223,C04976,P02
CP008224,C04976,P05
CP008225,C04977,P08
CP008226,C04978,P01
CP008227,C04978,P08
CP008228,C04979,P08
CP008229,C04979,P07
CP008230,C04980,P08
CP008231,C04980,P01
CP008232,C04981,P06
CP008233,C04982,P06
CP008234,C04983,P02
CP008235,C04984,P08
CP008236,C04985,P05
CP008237,C04986,P08
CP008238,C04986,P06
CP008239,C04987,P04
CP008240,C04988,P07
CP008241,C04988,P08
CP008242,C04989,P05
CP008243,C04990,P02
CP008244,C04990,P07
CP008245,C04991,P06
CP008246,C04991,P08
CP008247,C04992,P02
CP008248,C04992,P01
CP008249,C04993,P08
CP008250,C04994,P06
CP008251,C04994,P01
CP008252,C04994,P08
CP008253,C04995,P03
CP008254,C04995,P04
CP008255,C04996,P08
CP008256,C04996,P01
CP008257,C04997,P08
CP008258,C04998,P06
CP008259,C04998,P02
CP008260,C04999,P07
CP008261,C05000,P02
